STARTFONT 2.1
COMMENT "$Id: 9x15.bdf,v 1.83 2009-04-06 18:53:05+01 mgk25 Rel $"
COMMENT "Send bug reports to Markus Kuhn <http://www.cl.cam.ac.uk/~mgk25/>"
FONT -Misc-Fixed-Medium-R-Normal--15-140-75-75-C-90-ISO10646-1
SIZE 15 75 75
FONTBOUNDINGBOX 9 15 0 -3
STARTPROPERTIES 22
FONTNAME_REGISTRY ""
FOUNDRY "Misc"
FAMILY_NAME "Fixed"
WEIGHT_NAME "Medium"
SLANT "R"
SETWIDTH_NAME "Normal"
ADD_STYLE_NAME ""
PIXEL_SIZE 15
POINT_SIZE 140
RESOLUTION_X 75
RESOLUTION_Y 75
SPACING "C"
AVERAGE_WIDTH 90
CHARSET_REGISTRY "ISO10646"
CHARSET_ENCODING "1"
DEFAULT_CHAR 0
FONT_DESCENT 3
FONT_ASCENT 12
COPYRIGHT "Public domain font.  Share and enjoy."
CAP_HEIGHT 10
X_HEIGHT 7
_GBDFED_INFO "Edited with gbdfed 1.3."
ENDPROPERTIES
CHARS 2696
STARTCHAR char0
ENCODING 0
SWIDTH 576 0
DWIDTH 9 0
BBX 9 15 0 -3
BITMAP
0000
0000
6D00
0100
4000
4100
0100
4000
4100
0100
4000
5B00
0000
0000
0000
ENDCHAR
STARTCHAR space
ENCODING 32
SWIDTH 576 0
DWIDTH 9 0
BBX 9 15 0 -3
BITMAP
0000
0000
0000
0000
0000
0000
0000
0000
0000
0000
0000
0000
0000
0000
0000
ENDCHAR
STARTCHAR exclam
ENCODING 33
SWIDTH 576 0
DWIDTH 9 0
BBX 9 15 0 -3
BITMAP
0000
0800
0800
0800
0800
0800
0800
0800
0000
0000
0800
0800
0000
0000
0000
ENDCHAR
STARTCHAR quotedbl
ENCODING 34
SWIDTH 576 0
DWIDTH 9 0
BBX 9 15 0 -3
BITMAP
0000
0000
1200
1200
1200
0000
0000
0000
0000
0000
0000
0000
0000
0000
0000
ENDCHAR
STARTCHAR numbersign
ENCODING 35
SWIDTH 576 0
DWIDTH 9 0
BBX 9 15 0 -3
BITMAP
0000
0000
0000
2400
2400
7E00
2400
2400
7E00
2400
2400
0000
0000
0000
0000
ENDCHAR
STARTCHAR dollar
ENCODING 36
SWIDTH 576 0
DWIDTH 9 0
BBX 9 15 0 -3
BITMAP
0000
0000
0800
3E00
4900
4800
2800
1C00
0A00
0900
4900
3E00
0800
0000
0000
ENDCHAR
STARTCHAR percent
ENCODING 37
SWIDTH 576 0
DWIDTH 9 0
BBX 9 15 0 -3
BITMAP
0000
0000
2100
5200
5200
2400
0800
0800
1200
2500
2500
4200
0000
0000
0000
ENDCHAR
STARTCHAR ampersand
ENCODING 38
SWIDTH 576 0
DWIDTH 9 0
BBX 9 15 0 -3
BITMAP
0000
0000
3000
4800
4800
4800
3000
3100
4A00
4400
4A00
3100
0000
0000
0000
ENDCHAR
STARTCHAR quotesingle
ENCODING 39
SWIDTH 576 0
DWIDTH 9 0
BBX 9 15 0 -3
BITMAP
0000
0000
0800
0800
0800
0000
0000
0000
0000
0000
0000
0000
0000
0000
0000
ENDCHAR
STARTCHAR parenleft
ENCODING 40
SWIDTH 576 0
DWIDTH 9 0
BBX 9 15 0 -3
BITMAP
0000
0400
0800
0800
1000
1000
1000
1000
1000
1000
0800
0800
0400
0000
0000
ENDCHAR
STARTCHAR parenright
ENCODING 41
SWIDTH 576 0
DWIDTH 9 0
BBX 9 15 0 -3
BITMAP
0000
1000
0800
0800
0400
0400
0400
0400
0400
0400
0800
0800
1000
0000
0000
ENDCHAR
STARTCHAR asterisk
ENCODING 42
SWIDTH 576 0
DWIDTH 9 0
BBX 9 15 0 -3
BITMAP
0000
0000
0800
4900
2A00
1C00
2A00
4900
0800
0000
0000
0000
0000
0000
0000
ENDCHAR
STARTCHAR plus
ENCODING 43
SWIDTH 576 0
DWIDTH 9 0
BBX 9 15 0 -3
BITMAP
0000
0000
0000
0000
0800
0800
0800
7F00
0800
0800
0800
0000
0000
0000
0000
ENDCHAR
STARTCHAR comma
ENCODING 44
SWIDTH 576 0
DWIDTH 9 0
BBX 9 15 0 -3
BITMAP
0000
0000
0000
0000
0000
0000
0000
0000
0000
0000
0C00
0C00
0400
0400
0800
ENDCHAR
STARTCHAR hyphen
ENCODING 45
SWIDTH 576 0
DWIDTH 9 0
BBX 9 15 0 -3
BITMAP
0000
0000
0000
0000
0000
0000
0000
7F00
0000
0000
0000
0000
0000
0000
0000
ENDCHAR
STARTCHAR period
ENCODING 46
SWIDTH 576 0
DWIDTH 9 0
BBX 9 15 0 -3
BITMAP
0000
0000
0000
0000
0000
0000
0000
0000
0000
0000
0C00
0C00
0000
0000
0000
ENDCHAR
STARTCHAR slash
ENCODING 47
SWIDTH 576 0
DWIDTH 9 0
BBX 9 15 0 -3
BITMAP
0000
0000
0100
0200
0200
0400
0800
0800
1000
2000
2000
4000
0000
0000
0000
ENDCHAR
STARTCHAR zero
ENCODING 48
SWIDTH 576 0
DWIDTH 9 0
BBX 9 15 0 -3
BITMAP
0000
0000
1C00
2200
4100
4100
4100
4100
4100
4100
2200
1C00
0000
0000
0000
ENDCHAR
STARTCHAR one
ENCODING 49
SWIDTH 576 0
DWIDTH 9 0
BBX 9 15 0 -3
BITMAP
0000
0000
0800
1800
2800
4800
0800
0800
0800
0800
0800
7F00
0000
0000
0000
ENDCHAR
STARTCHAR two
ENCODING 50
SWIDTH 576 0
DWIDTH 9 0
BBX 9 15 0 -3
BITMAP
0000
0000
3E00
4100
4100
0200
0400
0800
1000
2000
4000
7F00
0000
0000
0000
ENDCHAR
STARTCHAR three
ENCODING 51
SWIDTH 576 0
DWIDTH 9 0
BBX 9 15 0 -3
BITMAP
0000
0000
7F00
0100
0200
0400
0E00
0100
0100
0100
4100
3E00
0000
0000
0000
ENDCHAR
STARTCHAR four
ENCODING 52
SWIDTH 576 0
DWIDTH 9 0
BBX 9 15 0 -3
BITMAP
0000
0000
0200
0600
0A00
1200
2200
4200
7F00
0200
0200
0200
0000
0000
0000
ENDCHAR
STARTCHAR five
ENCODING 53
SWIDTH 576 0
DWIDTH 9 0
BBX 9 15 0 -3
BITMAP
0000
0000
7F00
4000
4000
5E00
6100
0100
0100
0100
4100
3E00
0000
0000
0000
ENDCHAR
STARTCHAR six
ENCODING 54
SWIDTH 576 0
DWIDTH 9 0
BBX 9 15 0 -3
BITMAP
0000
0000
1E00
2000
4000
4000
5E00
6100
4100
4100
4100
3E00
0000
0000
0000
ENDCHAR
STARTCHAR seven
ENCODING 55
SWIDTH 576 0
DWIDTH 9 0
BBX 9 15 0 -3
BITMAP
0000
0000
7F00
0100
0200
0200
0400
0400
0800
0800
1000
1000
0000
0000
0000
ENDCHAR
STARTCHAR eight
ENCODING 56
SWIDTH 576 0
DWIDTH 9 0
BBX 9 15 0 -3
BITMAP
0000
0000
1C00
2200
4100
2200
1C00
2200
4100
4100
2200
1C00
0000
0000
0000
ENDCHAR
STARTCHAR nine
ENCODING 57
SWIDTH 576 0
DWIDTH 9 0
BBX 9 15 0 -3
BITMAP
0000
0000
3E00
4100
4100
4100
4300
3D00
0100
0100
0200
3C00
0000
0000
0000
ENDCHAR
STARTCHAR colon
ENCODING 58
SWIDTH 576 0
DWIDTH 9 0
BBX 9 15 0 -3
BITMAP
0000
0000
0000
0000
0000
0C00
0C00
0000
0000
0000
0C00
0C00
0000
0000
0000
ENDCHAR
STARTCHAR semicolon
ENCODING 59
SWIDTH 576 0
DWIDTH 9 0
BBX 9 15 0 -3
BITMAP
0000
0000
0000
0000
0000
0C00
0C00
0000
0000
0000
0C00
0C00
0400
0400
0800
ENDCHAR
STARTCHAR less
ENCODING 60
SWIDTH 576 0
DWIDTH 9 0
BBX 9 15 0 -3
BITMAP
0000
0000
0200
0400
0800
1000
2000
2000
1000
0800
0400
0200
0000
0000
0000
ENDCHAR
STARTCHAR equal
ENCODING 61
SWIDTH 576 0
DWIDTH 9 0
BBX 9 15 0 -3
BITMAP
0000
0000
0000
0000
0000
0000
7F00
0000
0000
7F00
0000
0000
0000
0000
0000
ENDCHAR
STARTCHAR greater
ENCODING 62
SWIDTH 576 0
DWIDTH 9 0
BBX 9 15 0 -3
BITMAP
0000
0000
2000
1000
0800
0400
0200
0200
0400
0800
1000
2000
0000
0000
0000
ENDCHAR
STARTCHAR question
ENCODING 63
SWIDTH 576 0
DWIDTH 9 0
BBX 9 15 0 -3
BITMAP
0000
0000
3E00
4100
4100
0100
0200
0400
0800
0800
0000
0800
0000
0000
0000
ENDCHAR
STARTCHAR at
ENCODING 64
SWIDTH 576 0
DWIDTH 9 0
BBX 9 15 0 -3
BITMAP
0000
0000
3E00
4100
4100
4F00
5100
5300
4D00
4000
4000
3E00
0000
0000
0000
ENDCHAR
STARTCHAR A
ENCODING 65
SWIDTH 576 0
DWIDTH 9 0
BBX 9 15 0 -3
BITMAP
0000
0000
0800
1400
2200
4100
4100
4100
7F00
4100
4100
4100
0000
0000
0000
ENDCHAR
STARTCHAR B
ENCODING 66
SWIDTH 576 0
DWIDTH 9 0
BBX 9 15 0 -3
BITMAP
0000
0000
7C00
4200
4100
4200
7C00
4200
4100
4100
4200
7C00
0000
0000
0000
ENDCHAR
STARTCHAR C
ENCODING 67
SWIDTH 576 0
DWIDTH 9 0
BBX 9 15 0 -3
BITMAP
0000
0000
3E00
4100
4000
4000
4000
4000
4000
4000
4100
3E00
0000
0000
0000
ENDCHAR
STARTCHAR D
ENCODING 68
SWIDTH 576 0
DWIDTH 9 0
BBX 9 15 0 -3
BITMAP
0000
0000
7C00
4200
4100
4100
4100
4100
4100
4100
4200
7C00
0000
0000
0000
ENDCHAR
STARTCHAR E
ENCODING 69
SWIDTH 576 0
DWIDTH 9 0
BBX 9 15 0 -3
BITMAP
0000
0000
7F00
4000
4000
4000
7C00
4000
4000
4000
4000
7F00
0000
0000
0000
ENDCHAR
STARTCHAR F
ENCODING 70
SWIDTH 576 0
DWIDTH 9 0
BBX 9 15 0 -3
BITMAP
0000
0000
7F00
4000
4000
4000
7C00
4000
4000
4000
4000
4000
0000
0000
0000
ENDCHAR
STARTCHAR G
ENCODING 71
SWIDTH 576 0
DWIDTH 9 0
BBX 9 15 0 -3
BITMAP
0000
0000
3E00
4100
4000
4000
4000
4700
4100
4100
4100
3E00
0000
0000
0000
ENDCHAR
STARTCHAR H
ENCODING 72
SWIDTH 576 0
DWIDTH 9 0
BBX 9 15 0 -3
BITMAP
0000
0000
4100
4100
4100
4100
7F00
4100
4100
4100
4100
4100
0000
0000
0000
ENDCHAR
STARTCHAR I
ENCODING 73
SWIDTH 576 0
DWIDTH 9 0
BBX 9 15 0 -3
BITMAP
0000
0000
3E00
0800
0800
0800
0800
0800
0800
0800
0800
3E00
0000
0000
0000
ENDCHAR
STARTCHAR J
ENCODING 74
SWIDTH 576 0
DWIDTH 9 0
BBX 9 15 0 -3
BITMAP
0000
0000
0F80
0200
0200
0200
0200
0200
0200
0200
4200
3C00
0000
0000
0000
ENDCHAR
STARTCHAR K
ENCODING 75
SWIDTH 576 0
DWIDTH 9 0
BBX 9 15 0 -3
BITMAP
0000
0000
4100
4200
4400
4800
7000
5000
4800
4400
4200
4100
0000
0000
0000
ENDCHAR
STARTCHAR L
ENCODING 76
SWIDTH 576 0
DWIDTH 9 0
BBX 9 15 0 -3
BITMAP
0000
0000
4000
4000
4000
4000
4000
4000
4000
4000
4000
7F00
0000
0000
0000
ENDCHAR
STARTCHAR M
ENCODING 77
SWIDTH 576 0
DWIDTH 9 0
BBX 9 15 0 -3
BITMAP
0000
0000
4100
4100
6300
5500
5500
4900
4900
4100
4100
4100
0000
0000
0000
ENDCHAR
STARTCHAR N
ENCODING 78
SWIDTH 576 0
DWIDTH 9 0
BBX 9 15 0 -3
BITMAP
0000
0000
4100
4100
6100
5100
4900
4500
4300
4100
4100
4100
0000
0000
0000
ENDCHAR
STARTCHAR O
ENCODING 79
SWIDTH 576 0
DWIDTH 9 0
BBX 9 15 0 -3
BITMAP
0000
0000
3E00
4100
4100
4100
4100
4100
4100
4100
4100
3E00
0000
0000
0000
ENDCHAR
STARTCHAR P
ENCODING 80
SWIDTH 576 0
DWIDTH 9 0
BBX 9 15 0 -3
BITMAP
0000
0000
7E00
4100
4100
4100
7E00
4000
4000
4000
4000
4000
0000
0000
0000
ENDCHAR
STARTCHAR Q
ENCODING 81
SWIDTH 576 0
DWIDTH 9 0
BBX 9 15 0 -3
BITMAP
0000
0000
3E00
4100
4100
4100
4100
4100
4100
5100
4900
3E00
0400
0300
0000
ENDCHAR
STARTCHAR R
ENCODING 82
SWIDTH 576 0
DWIDTH 9 0
BBX 9 15 0 -3
BITMAP
0000
0000
7E00
4100
4100
4100
7E00
4800
4400
4200
4100
4100
0000
0000
0000
ENDCHAR
STARTCHAR S
ENCODING 83
SWIDTH 576 0
DWIDTH 9 0
BBX 9 15 0 -3
BITMAP
0000
0000
3E00
4100
4100
4000
3800
0600
0100
4100
4100
3E00
0000
0000
0000
ENDCHAR
STARTCHAR T
ENCODING 84
SWIDTH 576 0
DWIDTH 9 0
BBX 9 15 0 -3
BITMAP
0000
0000
7F00
0800
0800
0800
0800
0800
0800
0800
0800
0800
0000
0000
0000
ENDCHAR
STARTCHAR U
ENCODING 85
SWIDTH 576 0
DWIDTH 9 0
BBX 9 15 0 -3
BITMAP
0000
0000
4100
4100
4100
4100
4100
4100
4100
4100
4100
3E00
0000
0000
0000
ENDCHAR
STARTCHAR V
ENCODING 86
SWIDTH 576 0
DWIDTH 9 0
BBX 9 15 0 -3
BITMAP
0000
0000
4100
4100
4100
2200
2200
2200
1400
1400
1400
0800
0000
0000
0000
ENDCHAR
STARTCHAR W
ENCODING 87
SWIDTH 576 0
DWIDTH 9 0
BBX 9 15 0 -3
BITMAP
0000
0000
4100
4100
4100
4100
4900
4900
4900
4900
5500
2200
0000
0000
0000
ENDCHAR
STARTCHAR X
ENCODING 88
SWIDTH 576 0
DWIDTH 9 0
BBX 9 15 0 -3
BITMAP
0000
0000
4100
4100
2200
1400
0800
0800
1400
2200
4100
4100
0000
0000
0000
ENDCHAR
STARTCHAR Y
ENCODING 89
SWIDTH 576 0
DWIDTH 9 0
BBX 9 15 0 -3
BITMAP
0000
0000
4100
4100
2200
1400
0800
0800
0800
0800
0800
0800
0000
0000
0000
ENDCHAR
STARTCHAR Z
ENCODING 90
SWIDTH 576 0
DWIDTH 9 0
BBX 9 15 0 -3
BITMAP
0000
0000
7F00
0100
0200
0400
0800
1000
2000
4000
4000
7F00
0000
0000
0000
ENDCHAR
STARTCHAR bracketleft
ENCODING 91
SWIDTH 576 0
DWIDTH 9 0
BBX 9 15 0 -3
BITMAP
0000
1E00
1000
1000
1000
1000
1000
1000
1000
1000
1000
1000
1E00
0000
0000
ENDCHAR
STARTCHAR backslash
ENCODING 92
SWIDTH 576 0
DWIDTH 9 0
BBX 9 15 0 -3
BITMAP
0000
0000
4000
2000
2000
1000
0800
0800
0400
0200
0200
0100
0000
0000
0000
ENDCHAR
STARTCHAR bracketright
ENCODING 93
SWIDTH 576 0
DWIDTH 9 0
BBX 9 15 0 -3
BITMAP
0000
3C00
0400
0400
0400
0400
0400
0400
0400
0400
0400
0400
3C00
0000
0000
ENDCHAR
STARTCHAR asciicircum
ENCODING 94
SWIDTH 576 0
DWIDTH 9 0
BBX 9 15 0 -3
BITMAP
0000
0000
0800
1400
2200
4100
0000
0000
0000
0000
0000
0000
0000
0000
0000
ENDCHAR
STARTCHAR underscore
ENCODING 95
SWIDTH 576 0
DWIDTH 9 0
BBX 9 15 0 -3
BITMAP
0000
0000
0000
0000
0000
0000
0000
0000
0000
0000
0000
0000
FF00
0000
0000
ENDCHAR
STARTCHAR grave
ENCODING 96
SWIDTH 576 0
DWIDTH 9 0
BBX 9 15 0 -3
BITMAP
0000
1000
0800
0400
0000
0000
0000
0000
0000
0000
0000
0000
0000
0000
0000
ENDCHAR
STARTCHAR a
ENCODING 97
SWIDTH 576 0
DWIDTH 9 0
BBX 9 15 0 -3
BITMAP
0000
0000
0000
0000
0000
3E00
0100
0100
3F00
4100
4300
3D00
0000
0000
0000
ENDCHAR
STARTCHAR b
ENCODING 98
SWIDTH 576 0
DWIDTH 9 0
BBX 9 15 0 -3
BITMAP
0000
0000
4000
4000
4000
5E00
6100
4100
4100
4100
6100
5E00
0000
0000
0000
ENDCHAR
STARTCHAR c
ENCODING 99
SWIDTH 576 0
DWIDTH 9 0
BBX 9 15 0 -3
BITMAP
0000
0000
0000
0000
0000
3E00
4100
4000
4000
4000
4100
3E00
0000
0000
0000
ENDCHAR
STARTCHAR d
ENCODING 100
SWIDTH 576 0
DWIDTH 9 0
BBX 9 15 0 -3
BITMAP
0000
0000
0100
0100
0100
3D00
4300
4100
4100
4100
4300
3D00
0000
0000
0000
ENDCHAR
STARTCHAR e
ENCODING 101
SWIDTH 576 0
DWIDTH 9 0
BBX 9 15 0 -3
BITMAP
0000
0000
0000
0000
0000
3E00
4100
4100
7F00
4000
4000
3E00
0000
0000
0000
ENDCHAR
STARTCHAR f
ENCODING 102
SWIDTH 576 0
DWIDTH 9 0
BBX 9 15 0 -3
BITMAP
0000
0000
0E00
1100
1100
1000
1000
7C00
1000
1000
1000
1000
0000
0000
0000
ENDCHAR
STARTCHAR g
ENCODING 103
SWIDTH 576 0
DWIDTH 9 0
BBX 9 15 0 -3
BITMAP
0000
0000
0000
0000
0000
3D00
4200
4200
4200
3C00
4000
3E00
4100
4100
3E00
ENDCHAR
STARTCHAR h
ENCODING 104
SWIDTH 576 0
DWIDTH 9 0
BBX 9 15 0 -3
BITMAP
0000
0000
4000
4000
4000
5E00
6100
4100
4100
4100
4100
4100
0000
0000
0000
ENDCHAR
STARTCHAR i
ENCODING 105
SWIDTH 576 0
DWIDTH 9 0
BBX 9 15 0 -3
BITMAP
0000
0000
1800
0000
0000
3800
0800
0800
0800
0800
0800
3E00
0000
0000
0000
ENDCHAR
STARTCHAR j
ENCODING 106
SWIDTH 576 0
DWIDTH 9 0
BBX 9 15 0 -3
BITMAP
0000
0000
0600
0000
0000
0E00
0200
0200
0200
0200
0200
4200
4200
4200
3C00
ENDCHAR
STARTCHAR k
ENCODING 107
SWIDTH 576 0
DWIDTH 9 0
BBX 9 15 0 -3
BITMAP
0000
0000
4000
4000
4000
4100
4600
5800
6000
5800
4600
4100
0000
0000
0000
ENDCHAR
STARTCHAR l
ENCODING 108
SWIDTH 576 0
DWIDTH 9 0
BBX 9 15 0 -3
BITMAP
0000
0000
3800
0800
0800
0800
0800
0800
0800
0800
0800
3E00
0000
0000
0000
ENDCHAR
STARTCHAR m
ENCODING 109
SWIDTH 576 0
DWIDTH 9 0
BBX 9 15 0 -3
BITMAP
0000
0000
0000
0000
0000
7600
4900
4900
4900
4900
4900
4100
0000
0000
0000
ENDCHAR
STARTCHAR n
ENCODING 110
SWIDTH 576 0
DWIDTH 9 0
BBX 9 15 0 -3
BITMAP
0000
0000
0000
0000
0000
5E00
6100
4100
4100
4100
4100
4100
0000
0000
0000
ENDCHAR
STARTCHAR o
ENCODING 111
SWIDTH 576 0
DWIDTH 9 0
BBX 9 15 0 -3
BITMAP
0000
0000
0000
0000
0000
3E00
4100
4100
4100
4100
4100
3E00
0000
0000
0000
ENDCHAR
STARTCHAR p
ENCODING 112
SWIDTH 576 0
DWIDTH 9 0
BBX 9 15 0 -3
BITMAP
0000
0000
0000
0000
0000
5E00
6100
4100
4100
4100
6100
5E00
4000
4000
4000
ENDCHAR
STARTCHAR q
ENCODING 113
SWIDTH 576 0
DWIDTH 9 0
BBX 9 15 0 -3
BITMAP
0000
0000
0000
0000
0000
3D00
4300
4100
4100
4100
4300
3D00
0100
0100
0100
ENDCHAR
STARTCHAR r
ENCODING 114
SWIDTH 576 0
DWIDTH 9 0
BBX 9 15 0 -3
BITMAP
0000
0000
0000
0000
0000
4E00
3100
2100
2000
2000
2000
2000
0000
0000
0000
ENDCHAR
STARTCHAR s
ENCODING 115
SWIDTH 576 0
DWIDTH 9 0
BBX 9 15 0 -3
BITMAP
0000
0000
0000
0000
0000
3E00
4100
4000
3E00
0100
4100
3E00
0000
0000
0000
ENDCHAR
STARTCHAR t
ENCODING 116
SWIDTH 576 0
DWIDTH 9 0
BBX 9 15 0 -3
BITMAP
0000
0000
0000
1000
1000
7E00
1000
1000
1000
1000
1100
0E00
0000
0000
0000
ENDCHAR
STARTCHAR u
ENCODING 117
SWIDTH 576 0
DWIDTH 9 0
BBX 9 15 0 -3
BITMAP
0000
0000
0000
0000
0000
4200
4200
4200
4200
4200
4200
3D00
0000
0000
0000
ENDCHAR
STARTCHAR v
ENCODING 118
SWIDTH 576 0
DWIDTH 9 0
BBX 9 15 0 -3
BITMAP
0000
0000
0000
0000
0000
4100
4100
2200
2200
1400
1400
0800
0000
0000
0000
ENDCHAR
STARTCHAR w
ENCODING 119
SWIDTH 576 0
DWIDTH 9 0
BBX 9 15 0 -3
BITMAP
0000
0000
0000
0000
0000
4100
4100
4900
4900
4900
5500
2200
0000
0000
0000
ENDCHAR
STARTCHAR x
ENCODING 120
SWIDTH 576 0
DWIDTH 9 0
BBX 9 15 0 -3
BITMAP
0000
0000
0000
0000
0000
4100
2200
1400
0800
1400
2200
4100
0000
0000
0000
ENDCHAR
STARTCHAR y
ENCODING 121
SWIDTH 576 0
DWIDTH 9 0
BBX 9 15 0 -3
BITMAP
0000
0000
0000
0000
0000
4200
4200
4200
4200
4200
4600
3A00
0200
4200
3C00
ENDCHAR
STARTCHAR z
ENCODING 122
SWIDTH 576 0
DWIDTH 9 0
BBX 9 15 0 -3
BITMAP
0000
0000
0000
0000
0000
7F00
0200
0400
0800
1000
2000
7F00
0000
0000
0000
ENDCHAR
STARTCHAR braceleft
ENCODING 123
SWIDTH 576 0
DWIDTH 9 0
BBX 9 15 0 -3
BITMAP
0000
0700
0800
0800
0800
0400
1800
1800
0400
0800
0800
0800
0700
0000
0000
ENDCHAR
STARTCHAR bar
ENCODING 124
SWIDTH 576 0
DWIDTH 9 0
BBX 9 15 0 -3
BITMAP
0000
0800
0800
0800
0800
0800
0800
0800
0800
0800
0800
0800
0800
0000
0000
ENDCHAR
STARTCHAR braceright
ENCODING 125
SWIDTH 576 0
DWIDTH 9 0
BBX 9 15 0 -3
BITMAP
0000
7000
0800
0800
0800
1000
0C00
0C00
1000
0800
0800
0800
7000
0000
0000
ENDCHAR
STARTCHAR asciitilde
ENCODING 126
SWIDTH 576 0
DWIDTH 9 0
BBX 9 15 0 -3
BITMAP
0000
0000
3100
4900
4600
0000
0000
0000
0000
0000
0000
0000
0000
0000
0000
ENDCHAR
STARTCHAR space
ENCODING 160
SWIDTH 576 0
DWIDTH 9 0
BBX 9 15 0 -3
BITMAP
0000
0000
0000
0000
0000
0000
0000
0000
0000
0000
0000
0000
0000
0000
0000
ENDCHAR
STARTCHAR exclamdown
ENCODING 161
SWIDTH 576 0
DWIDTH 9 0
BBX 9 15 0 -3
BITMAP
0000
0800
0800
0000
0000
0800
0800
0800
0800
0800
0800
0800
0000
0000
0000
ENDCHAR
STARTCHAR cent
ENCODING 162
SWIDTH 576 0
DWIDTH 9 0
BBX 9 15 0 -3
BITMAP
0000
0000
0000
0000
0400
3C00
4A00
4800
5000
5200
3C00
2000
0000
0000
0000
ENDCHAR
STARTCHAR sterling
ENCODING 163
SWIDTH 576 0
DWIDTH 9 0
BBX 9 15 0 -3
BITMAP
0000
0000
0E00
1100
1000
1000
7C00
1000
1000
3000
5100
2E00
0000
0000
0000
ENDCHAR
STARTCHAR currency
ENCODING 164
SWIDTH 576 0
DWIDTH 9 0
BBX 9 15 0 -3
BITMAP
0000
0000
0000
4100
3E00
2200
2200
3E00
4100
0000
0000
0000
0000
0000
0000
ENDCHAR
STARTCHAR yen
ENCODING 165
SWIDTH 576 0
DWIDTH 9 0
BBX 9 15 0 -3
BITMAP
0000
0000
4100
4100
2200
1400
3E00
0800
3E00
0800
0800
0800
0000
0000
0000
ENDCHAR
STARTCHAR brokenbar
ENCODING 166
SWIDTH 576 0
DWIDTH 9 0
BBX 9 15 0 -3
BITMAP
0000
0000
0800
0800
0800
0800
0800
0000
0800
0800
0800
0800
0800
0000
0000
ENDCHAR
STARTCHAR section
ENCODING 167
SWIDTH 576 0
DWIDTH 9 0
BBX 9 15 0 -3
BITMAP
0000
0000
1800
2400
2000
1800
2400
2400
2400
1800
0400
2400
1800
0000
0000
ENDCHAR
STARTCHAR dieresis
ENCODING 168
SWIDTH 576 0
DWIDTH 9 0
BBX 9 15 0 -3
BITMAP
0000
2200
2200
0000
0000
0000
0000
0000
0000
0000
0000
0000
0000
0000
0000
ENDCHAR
STARTCHAR copyright
ENCODING 169
SWIDTH 576 0
DWIDTH 9 0
BBX 9 15 0 -3
BITMAP
0000
0000
3C00
4200
9900
A500
A100
A500
9900
4200
3C00
0000
0000
0000
0000
ENDCHAR
STARTCHAR ordfeminine
ENCODING 170
SWIDTH 576 0
DWIDTH 9 0
BBX 9 15 0 -3
BITMAP
0000
0000
3000
4800
3800
4800
3C00
0000
7C00
0000
0000
0000
0000
0000
0000
ENDCHAR
STARTCHAR guillemotleft
ENCODING 171
SWIDTH 576 0
DWIDTH 9 0
BBX 9 15 0 -3
BITMAP
0000
0000
0000
0900
1200
2400
4800
4800
2400
1200
0900
0000
0000
0000
0000
ENDCHAR
STARTCHAR logicalnot
ENCODING 172
SWIDTH 576 0
DWIDTH 9 0
BBX 9 15 0 -3
BITMAP
0000
0000
0000
0000
0000
0000
7E00
0200
0200
0200
0000
0000
0000
0000
0000
ENDCHAR
STARTCHAR hyphen
ENCODING 173
SWIDTH 576 0
DWIDTH 9 0
BBX 9 15 0 -3
BITMAP
0000
0000
0000
0000
0000
0000
0000
3E00
0000
0000
0000
0000
0000
0000
0000
ENDCHAR
STARTCHAR registered
ENCODING 174
SWIDTH 576 0
DWIDTH 9 0
BBX 9 15 0 -3
BITMAP
0000
0000
3C00
4200
B900
A500
B900
A900
A500
4200
3C00
0000
0000
0000
0000
ENDCHAR
STARTCHAR macron
ENCODING 175
SWIDTH 576 0
DWIDTH 9 0
BBX 9 15 0 -3
BITMAP
0000
0000
7E00
0000
0000
0000
0000
0000
0000
0000
0000
0000
0000
0000
0000
ENDCHAR
STARTCHAR degree
ENCODING 176
SWIDTH 576 0
DWIDTH 9 0
BBX 9 15 0 -3
BITMAP
0000
0000
0C00
1200
1200
0C00
0000
0000
0000
0000
0000
0000
0000
0000
0000
ENDCHAR
STARTCHAR plusminus
ENCODING 177
SWIDTH 576 0
DWIDTH 9 0
BBX 9 15 0 -3
BITMAP
0000
0000
0800
0800
0800
7F00
0800
0800
0800
0000
7F00
0000
0000
0000
0000
ENDCHAR
STARTCHAR twosuperior
ENCODING 178
SWIDTH 576 0
DWIDTH 9 0
BBX 9 15 0 -3
BITMAP
0000
0000
3000
4800
0800
3000
4000
7800
0000
0000
0000
0000
0000
0000
0000
ENDCHAR
STARTCHAR threesuperior
ENCODING 179
SWIDTH 576 0
DWIDTH 9 0
BBX 9 15 0 -3
BITMAP
0000
0000
3000
4800
1000
0800
4800
3000
0000
0000
0000
0000
0000
0000
0000
ENDCHAR
STARTCHAR acute
ENCODING 180
SWIDTH 576 0
DWIDTH 9 0
BBX 9 15 0 -3
BITMAP
0000
0400
0800
1000
0000
0000
0000
0000
0000
0000
0000
0000
0000
0000
0000
ENDCHAR
STARTCHAR mu
ENCODING 181
SWIDTH 576 0
DWIDTH 9 0
BBX 9 15 0 -3
BITMAP
0000
0000
0000
0000
0000
4100
4100
4100
4100
4100
6300
5D00
4000
4000
0000
ENDCHAR
STARTCHAR paragraph
ENCODING 182
SWIDTH 576 0
DWIDTH 9 0
BBX 9 15 0 -3
BITMAP
0000
0000
3F00
4500
4500
4500
3D00
0500
0500
0500
0500
0500
0000
0000
0000
ENDCHAR
STARTCHAR periodcentered
ENCODING 183
SWIDTH 576 0
DWIDTH 9 0
BBX 9 15 0 -3
BITMAP
0000
0000
0000
0000
0000
0000
0C00
0C00
0000
0000
0000
0000
0000
0000
0000
ENDCHAR
STARTCHAR cedilla
ENCODING 184
SWIDTH 576 0
DWIDTH 9 0
BBX 9 15 0 -3
BITMAP
0000
0000
0000
0000
0000
0000
0000
0000
0000
0000
0000
0000
0C00
2400
1800
ENDCHAR
STARTCHAR onesuperior
ENCODING 185
SWIDTH 576 0
DWIDTH 9 0
BBX 9 15 0 -3
BITMAP
0000
0000
2000
6000
2000
2000
2000
7000
0000
0000
0000
0000
0000
0000
0000
ENDCHAR
STARTCHAR ordmasculine
ENCODING 186
SWIDTH 576 0
DWIDTH 9 0
BBX 9 15 0 -3
BITMAP
0000
0000
3800
4400
4400
3800
0000
7C00
0000
0000
0000
0000
0000
0000
0000
ENDCHAR
STARTCHAR guillemotright
ENCODING 187
SWIDTH 576 0
DWIDTH 9 0
BBX 9 15 0 -3
BITMAP
0000
0000
0000
4800
2400
1200
0900
0900
1200
2400
4800
0000
0000
0000
0000
ENDCHAR
STARTCHAR onequarter
ENCODING 188
SWIDTH 576 0
DWIDTH 9 0
BBX 9 15 0 -3
BITMAP
0000
0000
2000
6000
2000
2000
2100
7300
0500
0900
0D00
0300
0000
0000
0000
ENDCHAR
STARTCHAR onehalf
ENCODING 189
SWIDTH 576 0
DWIDTH 9 0
BBX 9 15 0 -3
BITMAP
0000
0000
2000
6000
2000
2000
2600
7900
0100
0600
0800
0F00
0000
0000
0000
ENDCHAR
STARTCHAR threequarters
ENCODING 190
SWIDTH 576 0
DWIDTH 9 0
BBX 9 15 0 -3
BITMAP
0000
0000
3000
4800
1000
0800
4900
3300
0500
0900
0D00
0300
0000
0000
0000
ENDCHAR
STARTCHAR questiondown
ENCODING 191
SWIDTH 576 0
DWIDTH 9 0
BBX 9 15 0 -3
BITMAP
0000
0000
0800
0000
0800
0800
1000
2000
4000
4100
4100
3E00
0000
0000
0000
ENDCHAR
STARTCHAR Agrave
ENCODING 192
SWIDTH 576 0
DWIDTH 9 0
BBX 9 15 0 -3
BITMAP
2000
1000
0800
0000
1C00
2200
4100
4100
7F00
4100
4100
4100
0000
0000
0000
ENDCHAR
STARTCHAR Aacute
ENCODING 193
SWIDTH 576 0
DWIDTH 9 0
BBX 9 15 0 -3
BITMAP
0200
0400
0800
0000
1C00
2200
4100
4100
7F00
4100
4100
4100
0000
0000
0000
ENDCHAR
STARTCHAR Acircumflex
ENCODING 194
SWIDTH 576 0
DWIDTH 9 0
BBX 9 15 0 -3
BITMAP
0800
1400
2200
0000
1C00
2200
4100
4100
7F00
4100
4100
4100
0000
0000
0000
ENDCHAR
STARTCHAR Atilde
ENCODING 195
SWIDTH 576 0
DWIDTH 9 0
BBX 9 15 0 -3
BITMAP
0000
3100
4E00
0000
1C00
2200
4100
4100
7F00
4100
4100
4100
0000
0000
0000
ENDCHAR
STARTCHAR Adieresis
ENCODING 196
SWIDTH 576 0
DWIDTH 9 0
BBX 9 15 0 -3
BITMAP
0000
2200
2200
0000
1C00
2200
4100
4100
7F00
4100
4100
4100
0000
0000
0000
ENDCHAR
STARTCHAR Aring
ENCODING 197
SWIDTH 576 0
DWIDTH 9 0
BBX 9 15 0 -3
BITMAP
0000
1C00
2200
1C00
1400
2200
4100
4100
7F00
4100
4100
4100
0000
0000
0000
ENDCHAR
STARTCHAR AE
ENCODING 198
SWIDTH 576 0
DWIDTH 9 0
BBX 9 15 0 -3
BITMAP
0000
0000
3700
4800
4800
4800
4800
7E00
4800
4800
4800
4F00
0000
0000
0000
ENDCHAR
STARTCHAR Ccedilla
ENCODING 199
SWIDTH 576 0
DWIDTH 9 0
BBX 9 15 0 -3
BITMAP
0000
0000
3E00
4100
4000
4000
4000
4000
4000
4000
4100
3E00
0C00
2400
1800
ENDCHAR
STARTCHAR Egrave
ENCODING 200
SWIDTH 576 0
DWIDTH 9 0
BBX 9 15 0 -3
BITMAP
2000
1000
0800
0000
7F00
2000
2000
3C00
2000
2000
2000
7F00
0000
0000
0000
ENDCHAR
STARTCHAR Eacute
ENCODING 201
SWIDTH 576 0
DWIDTH 9 0
BBX 9 15 0 -3
BITMAP
0200
0400
0800
0000
7F00
2000
2000
3C00
2000
2000
2000
7F00
0000
0000
0000
ENDCHAR
STARTCHAR Ecircumflex
ENCODING 202
SWIDTH 576 0
DWIDTH 9 0
BBX 9 15 0 -3
BITMAP
0800
1400
2200
0000
7F00
2000
2000
3C00
2000
2000
2000
7F00
0000
0000
0000
ENDCHAR
STARTCHAR Edieresis
ENCODING 203
SWIDTH 576 0
DWIDTH 9 0
BBX 9 15 0 -3
BITMAP
0000
2200
2200
0000
7F00
2000
2000
3C00
2000
2000
2000
7F00
0000
0000
0000
ENDCHAR
STARTCHAR Igrave
ENCODING 204
SWIDTH 576 0
DWIDTH 9 0
BBX 9 15 0 -3
BITMAP
2000
1000
0800
0000
3E00
0800
0800
0800
0800
0800
0800
3E00
0000
0000
0000
ENDCHAR
STARTCHAR Iacute
ENCODING 205
SWIDTH 576 0
DWIDTH 9 0
BBX 9 15 0 -3
BITMAP
0200
0400
0800
0000
3E00
0800
0800
0800
0800
0800
0800
3E00
0000
0000
0000
ENDCHAR
STARTCHAR Icircumflex
ENCODING 206
SWIDTH 576 0
DWIDTH 9 0
BBX 9 15 0 -3
BITMAP
0800
1400
2200
0000
3E00
0800
0800
0800
0800
0800
0800
3E00
0000
0000
0000
ENDCHAR
STARTCHAR Idieresis
ENCODING 207
SWIDTH 576 0
DWIDTH 9 0
BBX 9 15 0 -3
BITMAP
0000
2200
2200
0000
3E00
0800
0800
0800
0800
0800
0800
3E00
0000
0000
0000
ENDCHAR
STARTCHAR Eth
ENCODING 208
SWIDTH 576 0
DWIDTH 9 0
BBX 9 15 0 -3
BITMAP
0000
0000
7C00
4200
4100
4100
E100
4100
4100
4100
4200
7C00
0000
0000
0000
ENDCHAR
STARTCHAR Ntilde
ENCODING 209
SWIDTH 576 0
DWIDTH 9 0
BBX 9 15 0 -3
BITMAP
0000
3100
4E00
0000
4100
6100
5100
4900
4900
4500
4300
4100
0000
0000
0000
ENDCHAR
STARTCHAR Ograve
ENCODING 210
SWIDTH 576 0
DWIDTH 9 0
BBX 9 15 0 -3
BITMAP
2000
1000
0800
0000
3E00
4100
4100
4100
4100
4100
4100
3E00
0000
0000
0000
ENDCHAR
STARTCHAR Oacute
ENCODING 211
SWIDTH 576 0
DWIDTH 9 0
BBX 9 15 0 -3
BITMAP
0200
0400
0800
0000
3E00
4100
4100
4100
4100
4100
4100
3E00
0000
0000
0000
ENDCHAR
STARTCHAR Ocircumflex
ENCODING 212
SWIDTH 576 0
DWIDTH 9 0
BBX 9 15 0 -3
BITMAP
0800
1400
2200
0000
3E00
4100
4100
4100
4100
4100
4100
3E00
0000
0000
0000
ENDCHAR
STARTCHAR Otilde
ENCODING 213
SWIDTH 576 0
DWIDTH 9 0
BBX 9 15 0 -3
BITMAP
0000
3100
4E00
0000
3E00
4100
4100
4100
4100
4100
4100
3E00
0000
0000
0000
ENDCHAR
STARTCHAR Odieresis
ENCODING 214
SWIDTH 576 0
DWIDTH 9 0
BBX 9 15 0 -3
BITMAP
0000
2200
2200
0000
3E00
4100
4100
4100
4100
4100
4100
3E00
0000
0000
0000
ENDCHAR
STARTCHAR multiply
ENCODING 215
SWIDTH 576 0
DWIDTH 9 0
BBX 9 15 0 -3
BITMAP
0000
0000
0000
0000
4100
2200
1400
0800
1400
2200
4100
0000
0000
0000
0000
ENDCHAR
STARTCHAR Oslash
ENCODING 216
SWIDTH 576 0
DWIDTH 9 0
BBX 9 15 0 -3
BITMAP
0000
0100
3E00
4300
4500
4500
4900
4900
5100
5100
6100
3E00
4000
0000
0000
ENDCHAR
STARTCHAR Ugrave
ENCODING 217
SWIDTH 576 0
DWIDTH 9 0
BBX 9 15 0 -3
BITMAP
2000
1000
0800
0000
4100
4100
4100
4100
4100
4100
4100
3E00
0000
0000
0000
ENDCHAR
STARTCHAR Uacute
ENCODING 218
SWIDTH 576 0
DWIDTH 9 0
BBX 9 15 0 -3
BITMAP
0200
0400
0800
0000
4100
4100
4100
4100
4100
4100
4100
3E00
0000
0000
0000
ENDCHAR
STARTCHAR Ucircumflex
ENCODING 219
SWIDTH 576 0
DWIDTH 9 0
BBX 9 15 0 -3
BITMAP
0800
1400
2200
0000
4100
4100
4100
4100
4100
4100
4100
3E00
0000
0000
0000
ENDCHAR
STARTCHAR Udieresis
ENCODING 220
SWIDTH 576 0
DWIDTH 9 0
BBX 9 15 0 -3
BITMAP
0000
2200
2200
0000
4100
4100
4100
4100
4100
4100
4100
3E00
0000
0000
0000
ENDCHAR
STARTCHAR Yacute
ENCODING 221
SWIDTH 576 0
DWIDTH 9 0
BBX 9 15 0 -3
BITMAP
0200
0400
0800
0000
4100
4100
2200
1400
0800
0800
0800
0800
0000
0000
0000
ENDCHAR
STARTCHAR Thorn
ENCODING 222
SWIDTH 576 0
DWIDTH 9 0
BBX 9 15 0 -3
BITMAP
0000
0000
4000
4000
7E00
4100
4100
4100
7E00
4000
4000
4000
0000
0000
0000
ENDCHAR
STARTCHAR germandbls
ENCODING 223
SWIDTH 576 0
DWIDTH 9 0
BBX 9 15 0 -3
BITMAP
0000
0000
1C00
2200
2200
2400
6800
2400
2200
2200
2200
2C00
0000
0000
0000
ENDCHAR
STARTCHAR agrave
ENCODING 224
SWIDTH 576 0
DWIDTH 9 0
BBX 9 15 0 -3
BITMAP
0000
1000
0800
0400
0000
3E00
0100
0100
3F00
4100
4300
3D00
0000
0000
0000
ENDCHAR
STARTCHAR aacute
ENCODING 225
SWIDTH 576 0
DWIDTH 9 0
BBX 9 15 0 -3
BITMAP
0000
0200
0400
0800
0000
3E00
0100
0100
3F00
4100
4300
3D00
0000
0000
0000
ENDCHAR
STARTCHAR acircumflex
ENCODING 226
SWIDTH 576 0
DWIDTH 9 0
BBX 9 15 0 -3
BITMAP
0000
0800
1400
2200
0000
3E00
0100
0100
3F00
4100
4300
3D00
0000
0000
0000
ENDCHAR
STARTCHAR atilde
ENCODING 227
SWIDTH 576 0
DWIDTH 9 0
BBX 9 15 0 -3
BITMAP
0000
0000
1900
2600
0000
3E00
0100
0100
3F00
4100
4300
3D00
0000
0000
0000
ENDCHAR
STARTCHAR adieresis
ENCODING 228
SWIDTH 576 0
DWIDTH 9 0
BBX 9 15 0 -3
BITMAP
0000
0000
2200
2200
0000
3E00
0100
0100
3F00
4100
4300
3D00
0000
0000
0000
ENDCHAR
STARTCHAR aring
ENCODING 229
SWIDTH 576 0
DWIDTH 9 0
BBX 9 15 0 -3
BITMAP
0000
0C00
1200
0C00
0000
3E00
0100
0100
3F00
4100
4300
3D00
0000
0000
0000
ENDCHAR
STARTCHAR ae
ENCODING 230
SWIDTH 576 0
DWIDTH 9 0
BBX 9 15 0 -3
BITMAP
0000
0000
0000
0000
0000
3600
4900
0900
3E00
4800
4900
3700
0000
0000
0000
ENDCHAR
STARTCHAR ccedilla
ENCODING 231
SWIDTH 576 0
DWIDTH 9 0
BBX 9 15 0 -3
BITMAP
0000
0000
0000
0000
0000
3E00
4100
4000
4000
4000
4100
3E00
0C00
2400
1800
ENDCHAR
STARTCHAR egrave
ENCODING 232
SWIDTH 576 0
DWIDTH 9 0
BBX 9 15 0 -3
BITMAP
0000
2000
1000
0800
0000
3E00
4100
4100
7F00
4000
4000
3E00
0000
0000
0000
ENDCHAR
STARTCHAR eacute
ENCODING 233
SWIDTH 576 0
DWIDTH 9 0
BBX 9 15 0 -3
BITMAP
0000
0200
0400
0800
0000
3E00
4100
4100
7F00
4000
4000
3E00
0000
0000
0000
ENDCHAR
STARTCHAR ecircumflex
ENCODING 234
SWIDTH 576 0
DWIDTH 9 0
BBX 9 15 0 -3
BITMAP
0000
0800
1400
2200
0000
3E00
4100
4100
7F00
4000
4000
3E00
0000
0000
0000
ENDCHAR
STARTCHAR edieresis
ENCODING 235
SWIDTH 576 0
DWIDTH 9 0
BBX 9 15 0 -3
BITMAP
0000
0000
2200
2200
0000
3E00
4100
4100
7F00
4000
4000
3E00
0000
0000
0000
ENDCHAR
STARTCHAR igrave
ENCODING 236
SWIDTH 576 0
DWIDTH 9 0
BBX 9 15 0 -3
BITMAP
0000
2000
1000
0800
0000
3800
0800
0800
0800
0800
0800
3E00
0000
0000
0000
ENDCHAR
STARTCHAR iacute
ENCODING 237
SWIDTH 576 0
DWIDTH 9 0
BBX 9 15 0 -3
BITMAP
0000
0400
0800
1000
0000
3800
0800
0800
0800
0800
0800
3E00
0000
0000
0000
ENDCHAR
STARTCHAR icircumflex
ENCODING 238
SWIDTH 576 0
DWIDTH 9 0
BBX 9 15 0 -3
BITMAP
0000
1000
2800
4400
0000
3800
0800
0800
0800
0800
0800
3E00
0000
0000
0000
ENDCHAR
STARTCHAR idieresis
ENCODING 239
SWIDTH 576 0
DWIDTH 9 0
BBX 9 15 0 -3
BITMAP
0000
0000
2400
2400
0000
3800
0800
0800
0800
0800
0800
3E00
0000
0000
0000
ENDCHAR
STARTCHAR eth
ENCODING 240
SWIDTH 576 0
DWIDTH 9 0
BBX 9 15 0 -3
BITMAP
0000
2400
1800
2800
0400
3E00
4100
4100
4100
4100
4100
3E00
0000
0000
0000
ENDCHAR
STARTCHAR ntilde
ENCODING 241
SWIDTH 576 0
DWIDTH 9 0
BBX 9 15 0 -3
BITMAP
0000
0000
3100
4E00
0000
5E00
6100
4100
4100
4100
4100
4100
0000
0000
0000
ENDCHAR
STARTCHAR ograve
ENCODING 242
SWIDTH 576 0
DWIDTH 9 0
BBX 9 15 0 -3
BITMAP
0000
2000
1000
0800
0000
3E00
4100
4100
4100
4100
4100
3E00
0000
0000
0000
ENDCHAR
STARTCHAR oacute
ENCODING 243
SWIDTH 576 0
DWIDTH 9 0
BBX 9 15 0 -3
BITMAP
0000
0200
0400
0800
0000
3E00
4100
4100
4100
4100
4100
3E00
0000
0000
0000
ENDCHAR
STARTCHAR ocircumflex
ENCODING 244
SWIDTH 576 0
DWIDTH 9 0
BBX 9 15 0 -3
BITMAP
0000
0800
1400
2200
0000
3E00
4100
4100
4100
4100
4100
3E00
0000
0000
0000
ENDCHAR
STARTCHAR otilde
ENCODING 245
SWIDTH 576 0
DWIDTH 9 0
BBX 9 15 0 -3
BITMAP
0000
0000
3100
4E00
0000
3E00
4100
4100
4100
4100
4100
3E00
0000
0000
0000
ENDCHAR
STARTCHAR odieresis
ENCODING 246
SWIDTH 576 0
DWIDTH 9 0
BBX 9 15 0 -3
BITMAP
0000
0000
2200
2200
0000
3E00
4100
4100
4100
4100
4100
3E00
0000
0000
0000
ENDCHAR
STARTCHAR divide
ENCODING 247
SWIDTH 576 0
DWIDTH 9 0
BBX 9 15 0 -3
BITMAP
0000
0000
0000
0800
1C00
0800
0000
7F00
0000
0800
1C00
0800
0000
0000
0000
ENDCHAR
STARTCHAR oslash
ENCODING 248
SWIDTH 576 0
DWIDTH 9 0
BBX 9 15 0 -3
BITMAP
0000
0000
0000
0000
0100
3E00
4500
4500
4900
5100
5100
3E00
4000
0000
0000
ENDCHAR
STARTCHAR ugrave
ENCODING 249
SWIDTH 576 0
DWIDTH 9 0
BBX 9 15 0 -3
BITMAP
0000
2000
1000
0800
0000
4200
4200
4200
4200
4200
4200
3D00
0000
0000
0000
ENDCHAR
STARTCHAR uacute
ENCODING 250
SWIDTH 576 0
DWIDTH 9 0
BBX 9 15 0 -3
BITMAP
0000
0200
0400
0800
0000
4200
4200
4200
4200
4200
4200
3D00
0000
0000
0000
ENDCHAR
STARTCHAR ucircumflex
ENCODING 251
SWIDTH 576 0
DWIDTH 9 0
BBX 9 15 0 -3
BITMAP
0000
0800
1400
2200
0000
4200
4200
4200
4200
4200
4200
3D00
0000
0000
0000
ENDCHAR
STARTCHAR udieresis
ENCODING 252
SWIDTH 576 0
DWIDTH 9 0
BBX 9 15 0 -3
BITMAP
0000
0000
2400
2400
0000
4200
4200
4200
4200
4200
4200
3D00
0000
0000
0000
ENDCHAR
STARTCHAR yacute
ENCODING 253
SWIDTH 576 0
DWIDTH 9 0
BBX 9 15 0 -3
BITMAP
0000
0400
0800
1000
0000
4200
4200
4200
4200
4200
4600
3A00
0200
4200
3C00
ENDCHAR
STARTCHAR thorn
ENCODING 254
SWIDTH 576 0
DWIDTH 9 0
BBX 9 15 0 -3
BITMAP
0000
0000
0000
4000
4000
4000
5E00
6100
4100
4100
6100
5E00
4000
4000
4000
ENDCHAR
STARTCHAR ydieresis
ENCODING 255
SWIDTH 576 0
DWIDTH 9 0
BBX 9 15 0 -3
BITMAP
0000
0000
2400
2400
0000
4200
4200
4200
4200
4200
4600
3A00
0200
4200
3C00
ENDCHAR
STARTCHAR Amacron
ENCODING 256
SWIDTH 576 0
DWIDTH 9 0
BBX 9 15 0 -3
BITMAP
0000
3E00
0000
1C00
2200
4100
4100
4100
7F00
4100
4100
4100
0000
0000
0000
ENDCHAR
STARTCHAR amacron
ENCODING 257
SWIDTH 576 0
DWIDTH 9 0
BBX 9 15 0 -3
BITMAP
0000
0000
0000
3E00
0000
3E00
0100
0100
3F00
4100
4300
3D00
0000
0000
0000
ENDCHAR
STARTCHAR Abreve
ENCODING 258
SWIDTH 576 0
DWIDTH 9 0
BBX 9 15 0 -3
BITMAP
0000
2200
1C00
0000
1C00
2200
4100
4100
7F00
4100
4100
4100
0000
0000
0000
ENDCHAR
STARTCHAR abreve
ENCODING 259
SWIDTH 576 0
DWIDTH 9 0
BBX 9 15 0 -3
BITMAP
0000
0000
2200
1C00
0000
3E00
0100
0100
3F00
4100
4300
3D00
0000
0000
0000
ENDCHAR
STARTCHAR Aogonek
ENCODING 260
SWIDTH 576 0
DWIDTH 9 0
BBX 9 15 0 -3
BITMAP
0000
0000
0800
1400
2200
4100
4100
4100
7F00
4100
4100
4100
0100
0180
0000
ENDCHAR
STARTCHAR aogonek
ENCODING 261
SWIDTH 576 0
DWIDTH 9 0
BBX 9 15 0 -3
BITMAP
0000
0000
0000
0000
0000
3E00
0100
0100
3F00
4100
4300
3D00
0100
0180
0000
ENDCHAR
STARTCHAR Cacute
ENCODING 262
SWIDTH 576 0
DWIDTH 9 0
BBX 9 15 0 -3
BITMAP
0200
0400
0800
0000
3E00
4100
4000
4000
4000
4000
4100
3E00
0000
0000
0000
ENDCHAR
STARTCHAR cacute
ENCODING 263
SWIDTH 576 0
DWIDTH 9 0
BBX 9 15 0 -3
BITMAP
0000
0200
0400
0800
0000
3E00
4100
4000
4000
4000
4100
3E00
0000
0000
0000
ENDCHAR
STARTCHAR Ccircumflex
ENCODING 264
SWIDTH 576 0
DWIDTH 9 0
BBX 9 15 0 -3
BITMAP
0800
1400
2200
0000
3E00
4100
4100
4000
4000
4000
4100
3E00
0000
0000
0000
ENDCHAR
STARTCHAR ccircumflex
ENCODING 265
SWIDTH 576 0
DWIDTH 9 0
BBX 9 15 0 -3
BITMAP
0000
0800
1400
2200
0000
3E00
4100
4000
4000
4000
4100
3E00
0000
0000
0000
ENDCHAR
STARTCHAR Cdotaccent
ENCODING 266
SWIDTH 576 0
DWIDTH 9 0
BBX 9 15 0 -3
BITMAP
0000
1800
0000
3E00
4100
4000
4000
4000
4000
4000
4100
3E00
0000
0000
0000
ENDCHAR
STARTCHAR cdotaccent
ENCODING 267
SWIDTH 576 0
DWIDTH 9 0
BBX 9 15 0 -3
BITMAP
0000
0000
0000
1800
0000
3E00
4100
4000
4000
4000
4100
3E00
0000
0000
0000
ENDCHAR
STARTCHAR Ccaron
ENCODING 268
SWIDTH 576 0
DWIDTH 9 0
BBX 9 15 0 -3
BITMAP
2200
1400
0800
0000
3E00
4100
4000
4000
4000
4000
4100
3E00
0000
0000
0000
ENDCHAR
STARTCHAR ccaron
ENCODING 269
SWIDTH 576 0
DWIDTH 9 0
BBX 9 15 0 -3
BITMAP
0000
2200
1400
0800
0000
3E00
4100
4000
4000
4000
4100
3E00
0000
0000
0000
ENDCHAR
STARTCHAR Dcaron
ENCODING 270
SWIDTH 576 0
DWIDTH 9 0
BBX 9 15 0 -3
BITMAP
2200
1400
0800
7C00
4200
4100
4100
4100
4100
4100
4200
7C00
0000
0000
0000
ENDCHAR
STARTCHAR dcaron
ENCODING 271
SWIDTH 576 0
DWIDTH 9 0
BBX 9 15 0 -3
BITMAP
0000
2200
1500
0900
0100
3D00
4300
4100
4100
4100
4300
3D00
0000
0000
0000
ENDCHAR
STARTCHAR Dcroat
ENCODING 272
SWIDTH 576 0
DWIDTH 9 0
BBX 9 15 0 -3
BITMAP
0000
0000
7C00
4200
4100
4100
E100
4100
4100
4100
4200
7C00
0000
0000
0000
ENDCHAR
STARTCHAR dcroat
ENCODING 273
SWIDTH 576 0
DWIDTH 9 0
BBX 9 15 0 -3
BITMAP
0000
0000
0100
0780
0100
3D00
4300
4100
4100
4100
4300
3D00
0000
0000
0000
ENDCHAR
STARTCHAR Emacron
ENCODING 274
SWIDTH 576 0
DWIDTH 9 0
BBX 9 15 0 -3
BITMAP
0000
3E00
0000
7F00
4000
4000
4000
7C00
4000
4000
4000
7F00
0000
0000
0000
ENDCHAR
STARTCHAR emacron
ENCODING 275
SWIDTH 576 0
DWIDTH 9 0
BBX 9 15 0 -3
BITMAP
0000
0000
0000
3E00
0000
3E00
4100
4100
7F00
4000
4000
3E00
0000
0000
0000
ENDCHAR
STARTCHAR Ebreve
ENCODING 276
SWIDTH 576 0
DWIDTH 9 0
BBX 9 15 0 -3
BITMAP
0000
2200
1C00
0000
7F00
4000
4000
7C00
4000
4000
4000
7F00
0000
0000
0000
ENDCHAR
STARTCHAR ebreve
ENCODING 277
SWIDTH 576 0
DWIDTH 9 0
BBX 9 15 0 -3
BITMAP
0000
0000
2200
1C00
0000
3E00
4100
4100
7F00
4000
4000
3E00
0000
0000
0000
ENDCHAR
STARTCHAR Edotaccent
ENCODING 278
SWIDTH 576 0
DWIDTH 9 0
BBX 9 15 0 -3
BITMAP
0000
1800
0000
7F00
4000
4000
4000
7C00
4000
4000
4000
7F00
0000
0000
0000
ENDCHAR
STARTCHAR edotaccent
ENCODING 279
SWIDTH 576 0
DWIDTH 9 0
BBX 9 15 0 -3
BITMAP
0000
0000
0000
1800
0000
3E00
4100
4100
7F00
4000
4000
3E00
0000
0000
0000
ENDCHAR
STARTCHAR Eogonek
ENCODING 280
SWIDTH 576 0
DWIDTH 9 0
BBX 9 15 0 -3
BITMAP
0000
0000
7F00
4000
4000
4000
7C00
4000
4000
4000
4000
7F00
0800
0C00
0000
ENDCHAR
STARTCHAR eogonek
ENCODING 281
SWIDTH 576 0
DWIDTH 9 0
BBX 9 15 0 -3
BITMAP
0000
0000
0000
0000
0000
3E00
4100
4100
7F00
4000
4000
3E00
0800
0C00
0000
ENDCHAR
STARTCHAR Ecaron
ENCODING 282
SWIDTH 576 0
DWIDTH 9 0
BBX 9 15 0 -3
BITMAP
2200
1400
0800
0000
7F00
4000
4000
7C00
4000
4000
4000
7F00
0000
0000
0000
ENDCHAR
STARTCHAR ecaron
ENCODING 283
SWIDTH 576 0
DWIDTH 9 0
BBX 9 15 0 -3
BITMAP
0000
2200
1400
0800
0000
3E00
4100
4100
7F00
4000
4000
3E00
0000
0000
0000
ENDCHAR
STARTCHAR Gcircumflex
ENCODING 284
SWIDTH 576 0
DWIDTH 9 0
BBX 9 15 0 -3
BITMAP
0800
1400
2200
0000
3E00
4100
4000
4000
4700
4100
4100
3E00
0000
0000
0000
ENDCHAR
STARTCHAR gcircumflex
ENCODING 285
SWIDTH 576 0
DWIDTH 9 0
BBX 9 15 0 -3
BITMAP
0000
0800
1400
2200
0000
3D00
4200
4200
4200
3C00
4000
3E00
4100
4100
3E00
ENDCHAR
STARTCHAR Gbreve
ENCODING 286
SWIDTH 576 0
DWIDTH 9 0
BBX 9 15 0 -3
BITMAP
0000
2200
1C00
0000
3E00
4100
4000
4000
4700
4100
4100
3E00
0000
0000
0000
ENDCHAR
STARTCHAR gbreve
ENCODING 287
SWIDTH 576 0
DWIDTH 9 0
BBX 9 15 0 -3
BITMAP
0000
0000
2200
1C00
0000
3D00
4200
4200
4200
3C00
4000
3E00
4100
4100
3E00
ENDCHAR
STARTCHAR Gdotaccent
ENCODING 288
SWIDTH 576 0
DWIDTH 9 0
BBX 9 15 0 -3
BITMAP
0000
1800
0000
3E00
4100
4000
4000
4700
4100
4100
4100
3E00
0000
0000
0000
ENDCHAR
STARTCHAR gdotaccent
ENCODING 289
SWIDTH 576 0
DWIDTH 9 0
BBX 9 15 0 -3
BITMAP
0000
0000
0000
1800
0000
3D00
4200
4200
4200
3C00
4000
3E00
4100
4100
3E00
ENDCHAR
STARTCHAR Gcommaaccent
ENCODING 290
SWIDTH 576 0
DWIDTH 9 0
BBX 9 15 0 -3
BITMAP
0000
0000
3E00
4100
4000
4000
4000
4700
4100
4100
4100
3E00
0C00
2400
1800
ENDCHAR
STARTCHAR gcommaaccent
ENCODING 291
SWIDTH 576 0
DWIDTH 9 0
BBX 9 15 0 -3
BITMAP
0000
0400
0800
0C00
0000
3D00
4200
4200
4200
3C00
4000
3E00
4100
3E00
0000
ENDCHAR
STARTCHAR Hcircumflex
ENCODING 292
SWIDTH 576 0
DWIDTH 9 0
BBX 9 15 0 -3
BITMAP
0800
1400
2200
0000
4100
4100
4100
7F00
4100
4100
4100
4100
0000
0000
0000
ENDCHAR
STARTCHAR hcircumflex
ENCODING 293
SWIDTH 576 0
DWIDTH 9 0
BBX 9 15 0 -3
BITMAP
0400
0A00
5100
4000
4000
5E00
6100
4100
4100
4100
4100
4100
0000
0000
0000
ENDCHAR
STARTCHAR Hbar
ENCODING 294
SWIDTH 576 0
DWIDTH 9 0
BBX 9 15 0 -3
BITMAP
0000
0000
4100
4100
FF80
4100
7F00
4100
4100
4100
4100
4100
0000
0000
0000
ENDCHAR
STARTCHAR hbar
ENCODING 295
SWIDTH 576 0
DWIDTH 9 0
BBX 9 15 0 -3
BITMAP
0000
0000
4000
F000
4000
5E00
6100
4100
4100
4100
4100
4100
0000
0000
0000
ENDCHAR
STARTCHAR Itilde
ENCODING 296
SWIDTH 576 0
DWIDTH 9 0
BBX 9 15 0 -3
BITMAP
0000
3100
4E00
0000
3E00
0800
0800
0800
0800
0800
0800
3E00
0000
0000
0000
ENDCHAR
STARTCHAR itilde
ENCODING 297
SWIDTH 576 0
DWIDTH 9 0
BBX 9 15 0 -3
BITMAP
0000
0000
3200
4C00
0000
3800
0800
0800
0800
0800
0800
3E00
0000
0000
0000
ENDCHAR
STARTCHAR Imacron
ENCODING 298
SWIDTH 576 0
DWIDTH 9 0
BBX 9 15 0 -3
BITMAP
0000
3E00
0000
3E00
0800
0800
0800
0800
0800
0800
0800
3E00
0000
0000
0000
ENDCHAR
STARTCHAR imacron
ENCODING 299
SWIDTH 576 0
DWIDTH 9 0
BBX 9 15 0 -3
BITMAP
0000
0000
0000
7E00
0000
3800
0800
0800
0800
0800
0800
3E00
0000
0000
0000
ENDCHAR
STARTCHAR Ibreve
ENCODING 300
SWIDTH 576 0
DWIDTH 9 0
BBX 9 15 0 -3
BITMAP
0000
2200
1C00
0000
3E00
0800
0800
0800
0800
0800
0800
3E00
0000
0000
0000
ENDCHAR
STARTCHAR ibreve
ENCODING 301
SWIDTH 576 0
DWIDTH 9 0
BBX 9 15 0 -3
BITMAP
0000
0000
2200
1C00
0000
3800
0800
0800
0800
0800
0800
3E00
0000
0000
0000
ENDCHAR
STARTCHAR Iogonek
ENCODING 302
SWIDTH 576 0
DWIDTH 9 0
BBX 9 15 0 -3
BITMAP
0000
0000
3E00
0800
0800
0800
0800
0800
0800
0800
0800
3E00
1000
1800
0000
ENDCHAR
STARTCHAR iogonek
ENCODING 303
SWIDTH 576 0
DWIDTH 9 0
BBX 9 15 0 -3
BITMAP
0000
0000
0000
1800
0000
3800
0800
0800
0800
0800
0800
3E00
1000
1800
0000
ENDCHAR
STARTCHAR Idotaccent
ENCODING 304
SWIDTH 576 0
DWIDTH 9 0
BBX 9 15 0 -3
BITMAP
0000
0C00
0000
3E00
0800
0800
0800
0800
0800
0800
0800
3E00
0000
0000
0000
ENDCHAR
STARTCHAR dotlessi
ENCODING 305
SWIDTH 576 0
DWIDTH 9 0
BBX 9 15 0 -3
BITMAP
0000
0000
0000
0000
0000
3800
0800
0800
0800
0800
0800
3E00
0000
0000
0000
ENDCHAR
STARTCHAR IJ
ENCODING 306
SWIDTH 576 0
DWIDTH 9 0
BBX 9 15 0 -3
BITMAP
0000
0000
7700
2100
2100
2100
2100
2100
2100
2100
2900
7600
0000
0000
0000
ENDCHAR
STARTCHAR ij
ENCODING 307
SWIDTH 576 0
DWIDTH 9 0
BBX 9 15 0 -3
BITMAP
0000
0000
6300
0000
0000
6700
2100
2100
2100
2100
2100
F900
0100
1100
0E00
ENDCHAR
STARTCHAR Jcircumflex
ENCODING 308
SWIDTH 576 0
DWIDTH 9 0
BBX 9 15 0 -3
BITMAP
0400
0A00
1100
0000
0F00
0200
0200
0200
0200
0200
4200
3C00
0000
0000
0000
ENDCHAR
STARTCHAR jcircumflex
ENCODING 309
SWIDTH 576 0
DWIDTH 9 0
BBX 9 15 0 -3
BITMAP
0000
0400
0A00
1100
0000
0E00
0200
0200
0200
0200
0200
4200
4200
4200
3C00
ENDCHAR
STARTCHAR Kcommaaccent
ENCODING 310
SWIDTH 576 0
DWIDTH 9 0
BBX 9 15 0 -3
BITMAP
0000
0000
4100
4200
4400
4800
7000
5000
4800
4400
4200
4100
3000
9000
6000
ENDCHAR
STARTCHAR kcommaaccent
ENCODING 311
SWIDTH 576 0
DWIDTH 9 0
BBX 9 15 0 -3
BITMAP
0000
0000
4000
4000
4000
4100
4600
5800
6000
5800
4600
4100
3000
9000
6000
ENDCHAR
STARTCHAR kgreenlandic
ENCODING 312
SWIDTH 576 0
DWIDTH 9 0
BBX 9 15 0 -3
BITMAP
0000
0000
0000
0000
0000
4100
4200
4400
7800
4400
4200
4100
0000
0000
0000
ENDCHAR
STARTCHAR Lacute
ENCODING 313
SWIDTH 576 0
DWIDTH 9 0
BBX 9 15 0 -3
BITMAP
0200
0400
0800
0000
4000
4000
4000
4000
4000
4000
4000
7F00
0000
0000
0000
ENDCHAR
STARTCHAR lacute
ENCODING 314
SWIDTH 576 0
DWIDTH 9 0
BBX 9 15 0 -3
BITMAP
0200
0400
0800
0000
3800
0800
0800
0800
0800
0800
0800
3E00
0000
0000
0000
ENDCHAR
STARTCHAR Lcommaaccent
ENCODING 315
SWIDTH 576 0
DWIDTH 9 0
BBX 9 15 0 -3
BITMAP
0000
0000
4000
4000
4000
4000
4000
4000
4000
4000
4000
7F00
0C00
2400
1800
ENDCHAR
STARTCHAR lcommaaccent
ENCODING 316
SWIDTH 576 0
DWIDTH 9 0
BBX 9 15 0 -3
BITMAP
0000
0000
3800
0800
0800
0800
0800
0800
0800
0800
0800
3E00
0C00
2400
1800
ENDCHAR
STARTCHAR Lcaron
ENCODING 317
SWIDTH 576 0
DWIDTH 9 0
BBX 9 15 0 -3
BITMAP
0000
2200
1400
0800
4000
4000
4000
4000
4000
4000
4000
7F00
0000
0000
0000
ENDCHAR
STARTCHAR lcaron
ENCODING 318
SWIDTH 576 0
DWIDTH 9 0
BBX 9 15 0 -3
BITMAP
2200
1400
0800
0000
3800
0800
0800
0800
0800
0800
0800
3E00
0000
0000
0000
ENDCHAR
STARTCHAR Ldot
ENCODING 319
SWIDTH 576 0
DWIDTH 9 0
BBX 9 15 0 -3
BITMAP
0000
0000
4000
4000
4000
4400
4400
4000
4000
4000
4000
7F00
0000
0000
0000
ENDCHAR
STARTCHAR ldot
ENCODING 320
SWIDTH 576 0
DWIDTH 9 0
BBX 9 15 0 -3
BITMAP
0000
0000
7000
1000
1000
1200
1200
1000
1000
1000
1000
7C00
0000
0000
0000
ENDCHAR
STARTCHAR Lslash
ENCODING 321
SWIDTH 576 0
DWIDTH 9 0
BBX 9 15 0 -3
BITMAP
0000
0000
4000
4000
4000
5000
6000
C000
4000
4000
4000
7F00
0000
0000
0000
ENDCHAR
STARTCHAR lslash
ENCODING 322
SWIDTH 576 0
DWIDTH 9 0
BBX 9 15 0 -3
BITMAP
0000
0000
3800
0800
0800
0A00
0C00
1800
0800
0800
0800
3E00
0000
0000
0000
ENDCHAR
STARTCHAR Nacute
ENCODING 323
SWIDTH 576 0
DWIDTH 9 0
BBX 9 15 0 -3
BITMAP
0000
0200
0400
0800
4100
4100
6100
5100
4900
4500
4300
4100
0000
0000
0000
ENDCHAR
STARTCHAR nacute
ENCODING 324
SWIDTH 576 0
DWIDTH 9 0
BBX 9 15 0 -3
BITMAP
0000
0200
0400
0800
0000
5E00
6100
4100
4100
4100
4100
4100
0000
0000
0000
ENDCHAR
STARTCHAR Ncommaaccent
ENCODING 325
SWIDTH 576 0
DWIDTH 9 0
BBX 9 15 0 -3
BITMAP
0000
0000
4100
4100
6100
5100
4900
4500
4300
4100
4100
4100
2000
9000
6000
ENDCHAR
STARTCHAR ncommaaccent
ENCODING 326
SWIDTH 576 0
DWIDTH 9 0
BBX 9 15 0 -3
BITMAP
0000
0000
0000
0000
0000
5E00
6100
4100
4100
4100
4100
4100
2000
9000
6000
ENDCHAR
STARTCHAR Ncaron
ENCODING 327
SWIDTH 576 0
DWIDTH 9 0
BBX 9 15 0 -3
BITMAP
2200
1400
0800
4100
4100
6100
5100
4900
4500
4300
4100
4100
0000
0000
0000
ENDCHAR
STARTCHAR ncaron
ENCODING 328
SWIDTH 576 0
DWIDTH 9 0
BBX 9 15 0 -3
BITMAP
0000
2200
1400
0800
0000
5E00
6100
4100
4100
4100
4100
4100
0000
0000
0000
ENDCHAR
STARTCHAR napostrophe
ENCODING 329
SWIDTH 576 0
DWIDTH 9 0
BBX 9 15 0 -3
BITMAP
0000
C000
4000
8000
0000
5E00
6100
4100
4100
4100
4100
4100
0000
0000
0000
ENDCHAR
STARTCHAR Eng
ENCODING 330
SWIDTH 576 0
DWIDTH 9 0
BBX 9 15 0 -3
BITMAP
0000
0000
4100
4100
6100
5100
4900
4500
4300
4100
4100
4100
0900
0600
0000
ENDCHAR
STARTCHAR eng
ENCODING 331
SWIDTH 576 0
DWIDTH 9 0
BBX 9 15 0 -3
BITMAP
0000
0000
0000
0000
0000
5E00
6100
4100
4100
4100
4100
4100
0900
0600
0000
ENDCHAR
STARTCHAR Omacron
ENCODING 332
SWIDTH 576 0
DWIDTH 9 0
BBX 9 15 0 -3
BITMAP
0000
0000
3E00
0000
3E00
4100
4100
4100
4100
4100
4100
3E00
0000
0000
0000
ENDCHAR
STARTCHAR omacron
ENCODING 333
SWIDTH 576 0
DWIDTH 9 0
BBX 9 15 0 -3
BITMAP
0000
0000
0000
3E00
0000
3E00
4100
4100
4100
4100
4100
3E00
0000
0000
0000
ENDCHAR
STARTCHAR Obreve
ENCODING 334
SWIDTH 576 0
DWIDTH 9 0
BBX 9 15 0 -3
BITMAP
0000
2200
1C00
0000
3E00
4100
4100
4100
4100
4100
4100
3E00
0000
0000
0000
ENDCHAR
STARTCHAR obreve
ENCODING 335
SWIDTH 576 0
DWIDTH 9 0
BBX 9 15 0 -3
BITMAP
0000
0000
2200
1C00
0000
3E00
4100
4100
4100
4100
4100
3E00
0000
0000
0000
ENDCHAR
STARTCHAR Ohungarumlaut
ENCODING 336
SWIDTH 576 0
DWIDTH 9 0
BBX 9 15 0 -3
BITMAP
0000
1100
2200
0000
3E00
4100
4100
4100
4100
4100
4100
3E00
0000
0000
0000
ENDCHAR
STARTCHAR ohungarumlaut
ENCODING 337
SWIDTH 576 0
DWIDTH 9 0
BBX 9 15 0 -3
BITMAP
0000
0000
1100
2200
0000
3E00
4100
4100
4100
4100
4100
3E00
0000
0000
0000
ENDCHAR
STARTCHAR OE
ENCODING 338
SWIDTH 576 0
DWIDTH 9 0
BBX 9 15 0 -3
BITMAP
0000
0000
3F00
4800
4800
4800
4E00
4800
4800
4800
4800
3F00
0000
0000
0000
ENDCHAR
STARTCHAR oe
ENCODING 339
SWIDTH 576 0
DWIDTH 9 0
BBX 9 15 0 -3
BITMAP
0000
0000
0000
0000
0000
3600
4900
4900
4F00
4800
4900
3600
0000
0000
0000
ENDCHAR
STARTCHAR Racute
ENCODING 340
SWIDTH 576 0
DWIDTH 9 0
BBX 9 15 0 -3
BITMAP
0200
0400
0800
0000
7E00
4100
4100
4100
7E00
4200
4100
4100
0000
0000
0000
ENDCHAR
STARTCHAR racute
ENCODING 341
SWIDTH 576 0
DWIDTH 9 0
BBX 9 15 0 -3
BITMAP
0000
0200
0400
0800
0000
4E00
3100
2100
2000
2000
2000
2000
0000
0000
0000
ENDCHAR
STARTCHAR Rcommaaccent
ENCODING 342
SWIDTH 576 0
DWIDTH 9 0
BBX 9 15 0 -3
BITMAP
0000
0000
7E00
4100
4100
4100
7E00
4800
4400
4200
4100
4100
3000
9000
6000
ENDCHAR
STARTCHAR rcommaaccent
ENCODING 343
SWIDTH 576 0
DWIDTH 9 0
BBX 9 15 0 -3
BITMAP
0000
0000
0000
0000
0000
4E00
3100
2100
2000
2000
2000
2000
3000
9000
6000
ENDCHAR
STARTCHAR Rcaron
ENCODING 344
SWIDTH 576 0
DWIDTH 9 0
BBX 9 15 0 -3
BITMAP
2200
1400
0800
0000
7E00
4100
4100
4100
7E00
4200
4100
4100
0000
0000
0000
ENDCHAR
STARTCHAR rcaron
ENCODING 345
SWIDTH 576 0
DWIDTH 9 0
BBX 9 15 0 -3
BITMAP
0000
2200
1400
0800
0000
4E00
3100
2100
2000
2000
2000
2000
0000
0000
0000
ENDCHAR
STARTCHAR Sacute
ENCODING 346
SWIDTH 576 0
DWIDTH 9 0
BBX 9 15 0 -3
BITMAP
0200
0400
0800
0000
3E00
4100
4000
3E00
0100
4100
4100
3E00
0000
0000
0000
ENDCHAR
STARTCHAR sacute
ENCODING 347
SWIDTH 576 0
DWIDTH 9 0
BBX 9 15 0 -3
BITMAP
0000
0200
0400
0800
0000
3E00
4100
4000
3E00
0100
4100
3E00
0000
0000
0000
ENDCHAR
STARTCHAR Scircumflex
ENCODING 348
SWIDTH 576 0
DWIDTH 9 0
BBX 9 15 0 -3
BITMAP
0800
1400
2200
0000
3E00
4100
4000
3E00
0100
4100
4100
3E00
0000
0000
0000
ENDCHAR
STARTCHAR scircumflex
ENCODING 349
SWIDTH 576 0
DWIDTH 9 0
BBX 9 15 0 -3
BITMAP
0000
0800
1400
2200
0000
3E00
4100
4000
3E00
0100
4100
3E00
0000
0000
0000
ENDCHAR
STARTCHAR Scedilla
ENCODING 350
SWIDTH 576 0
DWIDTH 9 0
BBX 9 15 0 -3
BITMAP
0000
0000
3E00
4100
4000
4000
3E00
0100
0100
4100
4100
3E00
0C00
2400
1800
ENDCHAR
STARTCHAR scedilla
ENCODING 351
SWIDTH 576 0
DWIDTH 9 0
BBX 9 15 0 -3
BITMAP
0000
0000
0000
0000
0000
3E00
4100
4000
3E00
0100
4100
3E00
0C00
2400
1800
ENDCHAR
STARTCHAR Scaron
ENCODING 352
SWIDTH 576 0
DWIDTH 9 0
BBX 9 15 0 -3
BITMAP
2200
1400
0800
0000
3E00
4100
4000
3E00
0100
4100
4100
3E00
0000
0000
0000
ENDCHAR
STARTCHAR scaron
ENCODING 353
SWIDTH 576 0
DWIDTH 9 0
BBX 9 15 0 -3
BITMAP
0000
2200
1400
0800
0000
3E00
4100
4000
3E00
0100
4100
3E00
0000
0000
0000
ENDCHAR
STARTCHAR Tcommaaccent
ENCODING 354
SWIDTH 576 0
DWIDTH 9 0
BBX 9 15 0 -3
BITMAP
0000
0000
7F00
0800
0800
0800
0800
0800
0800
0800
0800
0C00
2400
1800
0000
ENDCHAR
STARTCHAR tcommaaccent
ENCODING 355
SWIDTH 576 0
DWIDTH 9 0
BBX 9 15 0 -3
BITMAP
0000
0000
0000
1000
1000
7E00
1000
1000
1000
1000
1100
0E00
2400
1800
0000
ENDCHAR
STARTCHAR Tcaron
ENCODING 356
SWIDTH 576 0
DWIDTH 9 0
BBX 9 15 0 -3
BITMAP
2200
1400
0800
0000
7F00
0800
0800
0800
0800
0800
0800
0800
0000
0000
0000
ENDCHAR
STARTCHAR tcaron
ENCODING 357
SWIDTH 576 0
DWIDTH 9 0
BBX 9 15 0 -3
BITMAP
1100
0A00
0400
1000
1000
7E00
1000
1000
1000
1000
1100
0E00
0000
0000
0000
ENDCHAR
STARTCHAR Tbar
ENCODING 358
SWIDTH 576 0
DWIDTH 9 0
BBX 9 15 0 -3
BITMAP
0000
0000
7F00
0800
0800
3E00
0800
0800
0800
0800
0800
0800
0000
0000
0000
ENDCHAR
STARTCHAR tbar
ENCODING 359
SWIDTH 576 0
DWIDTH 9 0
BBX 9 15 0 -3
BITMAP
0000
0000
0000
1000
1000
7E00
1000
7C00
1000
1000
1100
0E00
0000
0000
0000
ENDCHAR
STARTCHAR Utilde
ENCODING 360
SWIDTH 576 0
DWIDTH 9 0
BBX 9 15 0 -3
BITMAP
0000
3100
4E00
0000
4100
4100
4100
4100
4100
4100
4100
3E00
0000
0000
0000
ENDCHAR
STARTCHAR utilde
ENCODING 361
SWIDTH 576 0
DWIDTH 9 0
BBX 9 15 0 -3
BITMAP
0000
0000
3200
4C00
0000
4200
4200
4200
4200
4200
4200
3D00
0000
0000
0000
ENDCHAR
STARTCHAR Umacron
ENCODING 362
SWIDTH 576 0
DWIDTH 9 0
BBX 9 15 0 -3
BITMAP
0000
0000
3E00
0000
4100
4100
4100
4100
4100
4100
4100
3E00
0000
0000
0000
ENDCHAR
STARTCHAR umacron
ENCODING 363
SWIDTH 576 0
DWIDTH 9 0
BBX 9 15 0 -3
BITMAP
0000
0000
0000
7E00
0000
4200
4200
4200
4200
4200
4200
3D00
0000
0000
0000
ENDCHAR
STARTCHAR Ubreve
ENCODING 364
SWIDTH 576 0
DWIDTH 9 0
BBX 9 15 0 -3
BITMAP
0000
2200
1C00
0000
4100
4100
4100
4100
4100
4100
4100
3E00
0000
0000
0000
ENDCHAR
STARTCHAR ubreve
ENCODING 365
SWIDTH 576 0
DWIDTH 9 0
BBX 9 15 0 -3
BITMAP
0000
0000
2200
1C00
0000
4200
4200
4200
4200
4200
4200
3D00
0000
0000
0000
ENDCHAR
STARTCHAR Uring
ENCODING 366
SWIDTH 576 0
DWIDTH 9 0
BBX 9 15 0 -3
BITMAP
0000
0C00
1200
0C00
4100
4100
4100
4100
4100
4100
4100
3E00
0000
0000
0000
ENDCHAR
STARTCHAR uring
ENCODING 367
SWIDTH 576 0
DWIDTH 9 0
BBX 9 15 0 -3
BITMAP
0000
0000
1800
2400
1800
4200
4200
4200
4200
4200
4200
3D00
0000
0000
0000
ENDCHAR
STARTCHAR Uhungarumlaut
ENCODING 368
SWIDTH 576 0
DWIDTH 9 0
BBX 9 15 0 -3
BITMAP
0000
1100
2200
0000
4100
4100
4100
4100
4100
4100
4100
3E00
0000
0000
0000
ENDCHAR
STARTCHAR uhungarumlaut
ENCODING 369
SWIDTH 576 0
DWIDTH 9 0
BBX 9 15 0 -3
BITMAP
0000
0000
1200
2400
0000
4200
4200
4200
4200
4200
4200
3D00
0000
0000
0000
ENDCHAR
STARTCHAR Uogonek
ENCODING 370
SWIDTH 576 0
DWIDTH 9 0
BBX 9 15 0 -3
BITMAP
0000
0000
4100
4100
4100
4100
4100
4100
4100
4100
4100
3E00
1000
1800
0000
ENDCHAR
STARTCHAR uogonek
ENCODING 371
SWIDTH 576 0
DWIDTH 9 0
BBX 9 15 0 -3
BITMAP
0000
0000
0000
0000
0000
4200
4200
4200
4200
4200
4200
3D00
0800
0C00
0000
ENDCHAR
STARTCHAR Wcircumflex
ENCODING 372
SWIDTH 576 0
DWIDTH 9 0
BBX 9 15 0 -3
BITMAP
0800
1400
2200
0000
4100
4100
4100
4900
4900
4900
5500
2200
0000
0000
0000
ENDCHAR
STARTCHAR wcircumflex
ENCODING 373
SWIDTH 576 0
DWIDTH 9 0
BBX 9 15 0 -3
BITMAP
0000
0800
1400
2200
0000
4100
4100
4900
4900
4900
5500
2200
0000
0000
0000
ENDCHAR
STARTCHAR Ycircumflex
ENCODING 374
SWIDTH 576 0
DWIDTH 9 0
BBX 9 15 0 -3
BITMAP
0800
1400
2200
0000
4100
4100
2200
1400
0800
0800
0800
0800
0000
0000
0000
ENDCHAR
STARTCHAR ycircumflex
ENCODING 375
SWIDTH 576 0
DWIDTH 9 0
BBX 9 15 0 -3
BITMAP
0000
0800
1400
2200
0000
4200
4200
4200
4200
4200
4600
3A00
0200
4200
3C00
ENDCHAR
STARTCHAR Ydieresis
ENCODING 376
SWIDTH 576 0
DWIDTH 9 0
BBX 9 15 0 -3
BITMAP
0000
2200
2200
0000
4100
4100
2200
1400
0800
0800
0800
0800
0000
0000
0000
ENDCHAR
STARTCHAR Zacute
ENCODING 377
SWIDTH 576 0
DWIDTH 9 0
BBX 9 15 0 -3
BITMAP
0200
0400
0800
0000
7F00
0200
0400
0800
1000
2000
4000
7F00
0000
0000
0000
ENDCHAR
STARTCHAR zacute
ENCODING 378
SWIDTH 576 0
DWIDTH 9 0
BBX 9 15 0 -3
BITMAP
0000
0200
0400
0800
0000
7F00
0200
0400
0800
1000
2000
7F00
0000
0000
0000
ENDCHAR
STARTCHAR Zdotaccent
ENCODING 379
SWIDTH 576 0
DWIDTH 9 0
BBX 9 15 0 -3
BITMAP
0000
0C00
0000
7F00
0100
0200
0400
0800
1000
2000
4000
7F00
0000
0000
0000
ENDCHAR
STARTCHAR zdotaccent
ENCODING 380
SWIDTH 576 0
DWIDTH 9 0
BBX 9 15 0 -3
BITMAP
0000
0000
0000
0C00
0000
7F00
0200
0400
0800
1000
2000
7F00
0000
0000
0000
ENDCHAR
STARTCHAR Zcaron
ENCODING 381
SWIDTH 576 0
DWIDTH 9 0
BBX 9 15 0 -3
BITMAP
2200
1400
0800
0000
7F00
0200
0400
0800
1000
2000
4000
7F00
0000
0000
0000
ENDCHAR
STARTCHAR zcaron
ENCODING 382
SWIDTH 576 0
DWIDTH 9 0
BBX 9 15 0 -3
BITMAP
0000
2200
1400
0800
0000
7F00
0200
0400
0800
1000
2000
7F00
0000
0000
0000
ENDCHAR
STARTCHAR longs
ENCODING 383
SWIDTH 576 0
DWIDTH 9 0
BBX 9 15 0 -3
BITMAP
0000
0000
0E00
1100
1000
1000
3000
1000
1000
1000
1000
1000
0000
0000
0000
ENDCHAR
STARTCHAR uni0180
ENCODING 384
SWIDTH 576 0
DWIDTH 9 0
BBX 9 15 0 -3
BITMAP
0000
0000
4000
F800
4000
5E00
6100
4100
4100
4100
6100
5E00
0000
0000
0000
ENDCHAR
STARTCHAR uni0181
ENCODING 385
SWIDTH 576 0
DWIDTH 9 0
BBX 9 15 0 -3
BITMAP
0000
0000
7E00
9100
9100
1100
1E00
1100
1100
1100
1100
3E00
0000
0000
0000
ENDCHAR
STARTCHAR uni0182
ENCODING 386
SWIDTH 576 0
DWIDTH 9 0
BBX 9 15 0 -3
BITMAP
0000
0000
7E00
2000
2000
2000
3E00
2100
2100
2100
2100
7E00
0000
0000
0000
ENDCHAR
STARTCHAR uni0183
ENCODING 387
SWIDTH 576 0
DWIDTH 9 0
BBX 9 15 0 -3
BITMAP
0000
0000
3E00
2000
2000
2000
3C00
2200
2200
2200
2200
3C00
0000
0000
0000
ENDCHAR
STARTCHAR uni0184
ENCODING 388
SWIDTH 576 0
DWIDTH 9 0
BBX 9 15 0 -3
BITMAP
0000
0000
2000
6000
6000
2000
3E00
2100
2100
2100
2100
7E00
0000
0000
0000
ENDCHAR
STARTCHAR uni0185
ENCODING 389
SWIDTH 576 0
DWIDTH 9 0
BBX 9 15 0 -3
BITMAP
0000
0000
2000
6000
6000
2000
3C00
2200
2200
2200
2200
3C00
0000
0000
0000
ENDCHAR
STARTCHAR uni0186
ENCODING 390
SWIDTH 576 0
DWIDTH 9 0
BBX 9 15 0 -3
BITMAP
0000
0000
3E00
4100
0100
0100
0100
0100
0100
0100
4100
3E00
0000
0000
0000
ENDCHAR
STARTCHAR uni0187
ENCODING 391
SWIDTH 576 0
DWIDTH 9 0
BBX 9 15 0 -3
BITMAP
0000
0180
3E00
4200
4000
4000
4000
4000
4000
4000
4200
3C00
0000
0000
0000
ENDCHAR
STARTCHAR uni0188
ENCODING 392
SWIDTH 576 0
DWIDTH 9 0
BBX 9 15 0 -3
BITMAP
0000
0000
0000
0180
0200
3E00
4100
4000
4000
4000
4100
3E00
0000
0000
0000
ENDCHAR
STARTCHAR uni0189
ENCODING 393
SWIDTH 576 0
DWIDTH 9 0
BBX 9 15 0 -3
BITMAP
0000
0000
7C00
4200
4100
4100
E100
4100
4100
4100
4200
7C00
0000
0000
0000
ENDCHAR
STARTCHAR uni018A
ENCODING 394
SWIDTH 576 0
DWIDTH 9 0
BBX 9 15 0 -3
BITMAP
0000
0000
7E00
9100
9100
1100
1100
1100
1100
1100
1100
3E00
0000
0000
0000
ENDCHAR
STARTCHAR uni018B
ENCODING 395
SWIDTH 576 0
DWIDTH 9 0
BBX 9 15 0 -3
BITMAP
0000
0000
3F00
0200
0200
0200
3E00
4200
4200
4200
4200
3F00
0000
0000
0000
ENDCHAR
STARTCHAR uni018C
ENCODING 396
SWIDTH 576 0
DWIDTH 9 0
BBX 9 15 0 -3
BITMAP
0000
0000
3E00
0200
0200
0200
1E00
2200
2200
2200
2200
1E00
0000
0000
0000
ENDCHAR
STARTCHAR uni018D
ENCODING 397
SWIDTH 576 0
DWIDTH 9 0
BBX 9 15 0 -3
BITMAP
0000
0000
0000
0000
0000
3E00
4100
4100
4100
4100
4100
3E00
0200
4100
3E00
ENDCHAR
STARTCHAR uni018E
ENCODING 398
SWIDTH 576 0
DWIDTH 9 0
BBX 9 15 0 -3
BITMAP
0000
0000
7F00
0100
0100
0100
1F00
0100
0100
0100
0100
7F00
0000
0000
0000
ENDCHAR
STARTCHAR uni018F
ENCODING 399
SWIDTH 576 0
DWIDTH 9 0
BBX 9 15 0 -3
BITMAP
0000
0000
1C00
2200
4100
0100
0100
7F00
4100
4100
2200
1C00
0000
0000
0000
ENDCHAR
STARTCHAR uni0190
ENCODING 400
SWIDTH 576 0
DWIDTH 9 0
BBX 9 15 0 -3
BITMAP
0000
0000
3E00
4100
4000
4000
3800
4000
4000
4000
4100
3E00
0000
0000
0000
ENDCHAR
STARTCHAR uni0191
ENCODING 401
SWIDTH 576 0
DWIDTH 9 0
BBX 9 15 0 -3
BITMAP
0000
0000
3F00
2000
2000
3800
2000
2000
2000
2000
2000
2000
2000
C000
0000
ENDCHAR
STARTCHAR florin
ENCODING 402
SWIDTH 576 0
DWIDTH 9 0
BBX 9 15 0 -3
BITMAP
0000
0000
0E00
1100
1100
1000
1000
7C00
1000
1000
1000
1000
1000
6000
0000
ENDCHAR
STARTCHAR uni0193
ENCODING 403
SWIDTH 576 0
DWIDTH 9 0
BBX 9 15 0 -3
BITMAP
0000
0300
0200
3E00
4100
4000
4000
4700
4100
4100
4100
3E00
0000
0000
0000
ENDCHAR
STARTCHAR uni0194
ENCODING 404
SWIDTH 576 0
DWIDTH 9 0
BBX 9 15 0 -3
BITMAP
0000
0000
4100
4100
2200
2200
1400
1400
0800
1400
1400
0800
0000
0000
0000
ENDCHAR
STARTCHAR uni0195
ENCODING 405
SWIDTH 576 0
DWIDTH 9 0
BBX 9 15 0 -3
BITMAP
0000
0000
4000
4000
4000
5000
6900
4900
4900
4900
4900
4600
0000
0000
0000
ENDCHAR
STARTCHAR uni0196
ENCODING 406
SWIDTH 576 0
DWIDTH 9 0
BBX 9 15 0 -3
BITMAP
0000
0000
3000
1000
1000
1000
1000
1000
1000
1000
1200
0C00
0000
0000
0000
ENDCHAR
STARTCHAR uni0197
ENCODING 407
SWIDTH 576 0
DWIDTH 9 0
BBX 9 15 0 -3
BITMAP
0000
0000
3E00
0800
0800
0800
3E00
0800
0800
0800
0800
3E00
0000
0000
0000
ENDCHAR
STARTCHAR uni0198
ENCODING 408
SWIDTH 576 0
DWIDTH 9 0
BBX 9 15 0 -3
BITMAP
0000
0000
4200
4500
4900
5000
6000
5000
4800
4400
4200
4100
0000
0000
0000
ENDCHAR
STARTCHAR uni0199
ENCODING 409
SWIDTH 576 0
DWIDTH 9 0
BBX 9 15 0 -3
BITMAP
0000
0000
3000
4800
4000
4100
4600
5800
6000
5800
4600
4100
0000
0000
0000
ENDCHAR
STARTCHAR uni019A
ENCODING 410
SWIDTH 576 0
DWIDTH 9 0
BBX 9 15 0 -3
BITMAP
0000
0000
3800
0800
0800
0800
3E00
0800
0800
0800
0800
3E00
0000
0000
0000
ENDCHAR
STARTCHAR uni019B
ENCODING 411
SWIDTH 576 0
DWIDTH 9 0
BBX 9 15 0 -3
BITMAP
0000
0000
4800
3000
3000
4800
0800
1400
2200
2200
4100
4100
0000
0000
0000
ENDCHAR
STARTCHAR uni019C
ENCODING 412
SWIDTH 576 0
DWIDTH 9 0
BBX 9 15 0 -3
BITMAP
0000
0000
4900
4900
4900
4900
4900
4900
4900
4900
4900
3700
0000
0000
0000
ENDCHAR
STARTCHAR uni019D
ENCODING 413
SWIDTH 576 0
DWIDTH 9 0
BBX 9 15 0 -3
BITMAP
0000
0000
4100
4100
6100
5100
4900
4500
4300
4100
4100
4100
4000
8000
0000
ENDCHAR
STARTCHAR uni019E
ENCODING 414
SWIDTH 576 0
DWIDTH 9 0
BBX 9 15 0 -3
BITMAP
0000
0000
0000
0000
0000
5E00
6100
4100
4100
4100
4100
4100
0100
0100
0100
ENDCHAR
STARTCHAR uni019F
ENCODING 415
SWIDTH 576 0
DWIDTH 9 0
BBX 9 15 0 -3
BITMAP
0000
0000
3E00
4100
4100
4100
7F00
4100
4100
4100
4100
3E00
0000
0000
0000
ENDCHAR
STARTCHAR Ohorn
ENCODING 416
SWIDTH 576 0
DWIDTH 9 0
BBX 9 15 0 -3
BITMAP
0000
0000
3C80
4280
4300
4200
4200
4200
4200
4200
4200
3C00
0000
0000
0000
ENDCHAR
STARTCHAR ohorn
ENCODING 417
SWIDTH 576 0
DWIDTH 9 0
BBX 9 15 0 -3
BITMAP
0000
0000
0000
0000
0000
3C80
4280
4300
4200
4200
4200
3C00
0000
0000
0000
ENDCHAR
STARTCHAR uni01A2
ENCODING 418
SWIDTH 576 0
DWIDTH 9 0
BBX 9 15 0 -3
BITMAP
0000
0000
3A00
4500
4500
4500
4500
4500
4500
4500
4500
3900
0000
0000
0000
ENDCHAR
STARTCHAR uni01A3
ENCODING 419
SWIDTH 576 0
DWIDTH 9 0
BBX 9 15 0 -3
BITMAP
0000
0000
0000
0000
0000
3A00
4500
4500
4500
4500
4500
3900
0100
0100
0100
ENDCHAR
STARTCHAR uni01A4
ENCODING 420
SWIDTH 576 0
DWIDTH 9 0
BBX 9 15 0 -3
BITMAP
0000
0000
7E00
9100
9100
1100
1E00
1000
1000
1000
1000
1000
0000
0000
0000
ENDCHAR
STARTCHAR uni01A5
ENCODING 421
SWIDTH 576 0
DWIDTH 9 0
BBX 9 15 0 -3
BITMAP
0000
0000
3000
4000
4000
5E00
6100
4100
4100
4100
6100
5E00
4000
4000
4000
ENDCHAR
STARTCHAR uni01A6
ENCODING 422
SWIDTH 576 0
DWIDTH 9 0
BBX 9 15 0 -3
BITMAP
0000
0000
7000
2000
3E00
2100
2100
2200
3C00
2200
2200
7200
0200
0180
0000
ENDCHAR
STARTCHAR uni01A7
ENCODING 423
SWIDTH 576 0
DWIDTH 9 0
BBX 9 15 0 -3
BITMAP
0000
0000
3E00
4100
4100
0100
0E00
3000
4000
4100
4100
3E00
0000
0000
0000
ENDCHAR
STARTCHAR uni01A8
ENCODING 424
SWIDTH 576 0
DWIDTH 9 0
BBX 9 15 0 -3
BITMAP
0000
0000
0000
0000
0000
3E00
4100
0100
3E00
4000
4100
3E00
0000
0000
0000
ENDCHAR
STARTCHAR uni01A9
ENCODING 425
SWIDTH 576 0
DWIDTH 9 0
BBX 9 15 0 -3
BITMAP
0000
0000
7F00
4100
2000
1000
0800
0800
1000
2000
4100
7F00
0000
0000
0000
ENDCHAR
STARTCHAR uni01AA
ENCODING 426
SWIDTH 576 0
DWIDTH 9 0
BBX 9 15 0 -3
BITMAP
0000
0000
3000
4800
4800
3800
0800
0800
0800
0800
0800
0800
0900
0600
0000
ENDCHAR
STARTCHAR uni01AB
ENCODING 427
SWIDTH 576 0
DWIDTH 9 0
BBX 9 15 0 -3
BITMAP
0000
0000
0000
1000
1000
7E00
1000
1000
1000
1000
1200
0C00
0200
0C00
0000
ENDCHAR
STARTCHAR uni01AC
ENCODING 428
SWIDTH 576 0
DWIDTH 9 0
BBX 9 15 0 -3
BITMAP
0000
0000
3F00
4800
4800
0800
0800
0800
0800
0800
0800
0800
0000
0000
0000
ENDCHAR
STARTCHAR uni01AD
ENCODING 429
SWIDTH 576 0
DWIDTH 9 0
BBX 9 15 0 -3
BITMAP
0000
0000
0C00
1000
1000
7E00
1000
1000
1000
1000
1100
0E00
0000
0000
0000
ENDCHAR
STARTCHAR uni01AE
ENCODING 430
SWIDTH 576 0
DWIDTH 9 0
BBX 9 15 0 -3
BITMAP
0000
0000
7F00
0800
0800
0800
0800
0800
0800
0800
0800
0800
0800
0600
0000
ENDCHAR
STARTCHAR Uhorn
ENCODING 431
SWIDTH 576 0
DWIDTH 9 0
BBX 9 15 0 -3
BITMAP
0000
0000
4280
4280
4300
4200
4200
4200
4200
4200
4200
3C00
0000
0000
0000
ENDCHAR
STARTCHAR uhorn
ENCODING 432
SWIDTH 576 0
DWIDTH 9 0
BBX 9 15 0 -3
BITMAP
0000
0000
0000
0000
0000
4280
4280
4300
4200
4200
4200
3D00
0000
0000
0000
ENDCHAR
STARTCHAR uni01B1
ENCODING 433
SWIDTH 576 0
DWIDTH 9 0
BBX 9 15 0 -3
BITMAP
0000
0000
6300
2200
2200
4100
4100
4100
4100
4100
2200
1C00
0000
0000
0000
ENDCHAR
STARTCHAR uni01B2
ENCODING 434
SWIDTH 576 0
DWIDTH 9 0
BBX 9 15 0 -3
BITMAP
0000
0000
4400
4200
4100
4100
4100
4100
4100
4100
2200
1C00
0000
0000
0000
ENDCHAR
STARTCHAR uni01B3
ENCODING 435
SWIDTH 576 0
DWIDTH 9 0
BBX 9 15 0 -3
BITMAP
0000
0000
0100
4100
A200
9400
0800
0800
0800
0800
0800
0800
0000
0000
0000
ENDCHAR
STARTCHAR uni01B4
ENCODING 436
SWIDTH 576 0
DWIDTH 9 0
BBX 9 15 0 -3
BITMAP
0000
0000
0000
0180
0200
4200
4200
4200
4200
4200
4600
3A00
0200
4200
3C00
ENDCHAR
STARTCHAR uni01B5
ENCODING 437
SWIDTH 576 0
DWIDTH 9 0
BBX 9 15 0 -3
BITMAP
0000
0000
7F00
0100
0200
0400
3E00
1000
2000
4000
4000
7F00
0000
0000
0000
ENDCHAR
STARTCHAR uni01B6
ENCODING 438
SWIDTH 576 0
DWIDTH 9 0
BBX 9 15 0 -3
BITMAP
0000
0000
0000
0000
0000
7F00
0200
0400
3E00
1000
2000
7F00
0000
0000
0000
ENDCHAR
STARTCHAR uni01B7
ENCODING 439
SWIDTH 576 0
DWIDTH 9 0
BBX 9 15 0 -3
BITMAP
0000
0000
7F00
0200
0400
0800
1C00
0200
0100
0100
4200
3C00
0000
0000
0000
ENDCHAR
STARTCHAR uni01B8
ENCODING 440
SWIDTH 576 0
DWIDTH 9 0
BBX 9 15 0 -3
BITMAP
0000
0000
7F00
2000
1000
0800
1C00
2000
4000
4000
2100
1E00
0000
0000
0000
ENDCHAR
STARTCHAR uni01B9
ENCODING 441
SWIDTH 576 0
DWIDTH 9 0
BBX 9 15 0 -3
BITMAP
0000
0000
0000
0000
0000
7E00
2000
1000
0800
1C00
2000
4000
4000
2200
1C00
ENDCHAR
STARTCHAR uni01BA
ENCODING 442
SWIDTH 576 0
DWIDTH 9 0
BBX 9 15 0 -3
BITMAP
0000
0000
0000
0000
0000
7E00
0400
0800
1000
3800
0400
0400
1800
2200
1C00
ENDCHAR
STARTCHAR uni01BB
ENCODING 443
SWIDTH 576 0
DWIDTH 9 0
BBX 9 15 0 -3
BITMAP
0000
0000
3E00
4100
4100
0100
0200
3E00
1000
2000
4000
7F00
0000
0000
0000
ENDCHAR
STARTCHAR uni01BC
ENCODING 444
SWIDTH 576 0
DWIDTH 9 0
BBX 9 15 0 -3
BITMAP
0000
0000
7F00
4100
4000
5E00
6100
0100
0100
0100
4100
3E00
0000
0000
0000
ENDCHAR
STARTCHAR uni01BD
ENCODING 445
SWIDTH 576 0
DWIDTH 9 0
BBX 9 15 0 -3
BITMAP
0000
0000
0000
3E00
2000
2000
2C00
3200
0200
0200
2200
1C00
0000
0000
0000
ENDCHAR
STARTCHAR uni01BE
ENCODING 446
SWIDTH 576 0
DWIDTH 9 0
BBX 9 15 0 -3
BITMAP
0000
0000
0800
0800
3E00
0800
0800
0400
0200
0200
2200
1C00
0000
0000
0000
ENDCHAR
STARTCHAR uni01BF
ENCODING 447
SWIDTH 576 0
DWIDTH 9 0
BBX 9 15 0 -3
BITMAP
0000
0000
0000
0000
0000
0000
2E00
3100
2100
2200
2400
3800
2000
2000
0000
ENDCHAR
STARTCHAR uni01C0
ENCODING 448
SWIDTH 576 0
DWIDTH 9 0
BBX 9 15 0 -3
BITMAP
0000
0000
0800
0800
0800
0800
0800
0800
0800
0800
0800
0800
0000
0000
0000
ENDCHAR
STARTCHAR uni01C1
ENCODING 449
SWIDTH 576 0
DWIDTH 9 0
BBX 9 15 0 -3
BITMAP
0000
0000
1400
1400
1400
1400
1400
1400
1400
1400
1400
1400
0000
0000
0000
ENDCHAR
STARTCHAR uni01C2
ENCODING 450
SWIDTH 576 0
DWIDTH 9 0
BBX 9 15 0 -3
BITMAP
0000
0000
0800
0800
0800
3E00
0800
0800
3E00
0800
0800
0800
0000
0000
0000
ENDCHAR
STARTCHAR uni01C3
ENCODING 451
SWIDTH 576 0
DWIDTH 9 0
BBX 9 15 0 -3
BITMAP
0000
0000
0800
0800
0800
0800
0800
0800
0000
0000
0800
0800
0000
0000
0000
ENDCHAR
STARTCHAR uni01C4
ENCODING 452
SWIDTH 576 0
DWIDTH 9 0
BBX 9 15 0 -3
BITMAP
0000
0500
0200
0000
F780
4880
4900
4900
4A00
4A00
4C00
F780
0000
0000
0000
ENDCHAR
STARTCHAR uni01C5
ENCODING 453
SWIDTH 576 0
DWIDTH 9 0
BBX 9 15 0 -3
BITMAP
0000
0000
F280
4900
4800
4F80
4880
4900
4900
4A00
4A00
F780
0000
0000
0000
ENDCHAR
STARTCHAR uni01C6
ENCODING 454
SWIDTH 576 0
DWIDTH 9 0
BBX 9 15 0 -3
BITMAP
0000
0000
0A80
0900
0800
6F80
9880
8900
8900
8A00
9A00
6F80
0000
0000
0000
ENDCHAR
STARTCHAR uni01C7
ENCODING 455
SWIDTH 576 0
DWIDTH 9 0
BBX 9 15 0 -3
BITMAP
0000
0000
8100
8100
8100
8100
8100
8100
8100
8100
8900
F600
0000
0000
0000
ENDCHAR
STARTCHAR uni01C8
ENCODING 456
SWIDTH 576 0
DWIDTH 9 0
BBX 9 15 0 -3
BITMAP
0000
0000
4300
4000
4000
4300
4100
4100
4100
4100
4100
7900
0100
0900
0600
ENDCHAR
STARTCHAR uni01C9
ENCODING 457
SWIDTH 576 0
DWIDTH 9 0
BBX 9 15 0 -3
BITMAP
0000
0000
6300
2000
2000
2300
2100
2100
2100
2100
2100
7100
0100
0900
0600
ENDCHAR
STARTCHAR uni01CA
ENCODING 458
SWIDTH 576 0
DWIDTH 9 0
BBX 9 15 0 -3
BITMAP
0000
0000
8880
8880
8880
C880
A880
A880
9880
8880
8C80
8B00
0000
0000
0000
ENDCHAR
STARTCHAR uni01CB
ENCODING 459
SWIDTH 576 0
DWIDTH 9 0
BBX 9 15 0 -3
BITMAP
0000
0000
8B00
8800
8800
CB00
A900
A900
9900
8900
8900
8900
0100
0900
0600
ENDCHAR
STARTCHAR uni01CC
ENCODING 460
SWIDTH 576 0
DWIDTH 9 0
BBX 9 15 0 -3
BITMAP
0000
0000
0300
0000
0000
5900
6500
4500
4500
4500
4500
4500
0100
0900
0600
ENDCHAR
STARTCHAR uni01CD
ENCODING 461
SWIDTH 576 0
DWIDTH 9 0
BBX 9 15 0 -3
BITMAP
2200
1400
0800
0000
1C00
2200
4100
4100
7F00
4100
4100
4100
0000
0000
0000
ENDCHAR
STARTCHAR uni01CE
ENCODING 462
SWIDTH 576 0
DWIDTH 9 0
BBX 9 15 0 -3
BITMAP
0000
2200
1400
0800
0000
3E00
0100
0100
3F00
4100
4300
3D00
0000
0000
0000
ENDCHAR
STARTCHAR uni01CF
ENCODING 463
SWIDTH 576 0
DWIDTH 9 0
BBX 9 15 0 -3
BITMAP
2200
1400
0800
0000
3E00
0800
0800
0800
0800
0800
0800
3E00
0000
0000
0000
ENDCHAR
STARTCHAR uni01D0
ENCODING 464
SWIDTH 576 0
DWIDTH 9 0
BBX 9 15 0 -3
BITMAP
0000
2200
1400
0800
0000
3800
0800
0800
0800
0800
0800
3E00
0000
0000
0000
ENDCHAR
STARTCHAR uni01D1
ENCODING 465
SWIDTH 576 0
DWIDTH 9 0
BBX 9 15 0 -3
BITMAP
2200
1400
0800
0000
3E00
4100
4100
4100
4100
4100
4100
3E00
0000
0000
0000
ENDCHAR
STARTCHAR uni01D2
ENCODING 466
SWIDTH 576 0
DWIDTH 9 0
BBX 9 15 0 -3
BITMAP
0000
2200
1400
0800
0000
3E00
4100
4100
4100
4100
4100
3E00
0000
0000
0000
ENDCHAR
STARTCHAR uni01D3
ENCODING 467
SWIDTH 576 0
DWIDTH 9 0
BBX 9 15 0 -3
BITMAP
2200
1400
0800
0000
4100
4100
4100
4100
4100
4100
4100
3E00
0000
0000
0000
ENDCHAR
STARTCHAR uni01D4
ENCODING 468
SWIDTH 576 0
DWIDTH 9 0
BBX 9 15 0 -3
BITMAP
0000
2200
1400
0800
0000
4200
4200
4200
4200
4200
4200
3D00
0000
0000
0000
ENDCHAR
STARTCHAR uni01D5
ENCODING 469
SWIDTH 576 0
DWIDTH 9 0
BBX 9 15 0 -3
BITMAP
0000
3E00
0000
3600
0000
4100
4100
4100
4100
4100
4100
3E00
0000
0000
0000
ENDCHAR
STARTCHAR uni01D6
ENCODING 470
SWIDTH 576 0
DWIDTH 9 0
BBX 9 15 0 -3
BITMAP
0000
7E00
0000
6600
0000
4200
4200
4200
4200
4200
4200
3D00
0000
0000
0000
ENDCHAR
STARTCHAR uni01D7
ENCODING 471
SWIDTH 576 0
DWIDTH 9 0
BBX 9 15 0 -3
BITMAP
0400
0800
0000
3600
0000
4100
4100
4100
4100
4100
4100
3E00
0000
0000
0000
ENDCHAR
STARTCHAR uni01D8
ENCODING 472
SWIDTH 576 0
DWIDTH 9 0
BBX 9 15 0 -3
BITMAP
0400
0800
0000
6600
0000
4200
4200
4200
4200
4200
4200
3D00
0000
0000
0000
ENDCHAR
STARTCHAR uni01D9
ENCODING 473
SWIDTH 576 0
DWIDTH 9 0
BBX 9 15 0 -3
BITMAP
1400
0800
0000
3600
0000
4100
4100
4100
4100
4100
4100
3E00
0000
0000
0000
ENDCHAR
STARTCHAR uni01DA
ENCODING 474
SWIDTH 576 0
DWIDTH 9 0
BBX 9 15 0 -3
BITMAP
2400
1800
0000
6600
0000
4200
4200
4200
4200
4200
4200
3D00
0000
0000
0000
ENDCHAR
STARTCHAR uni01DB
ENCODING 475
SWIDTH 576 0
DWIDTH 9 0
BBX 9 15 0 -3
BITMAP
1000
0800
0000
6300
0000
4100
4100
4100
4100
4100
4100
3E00
0000
0000
0000
ENDCHAR
STARTCHAR uni01DC
ENCODING 476
SWIDTH 576 0
DWIDTH 9 0
BBX 9 15 0 -3
BITMAP
2000
1000
0000
6600
0000
4200
4200
4200
4200
4200
4200
3D00
0000
0000
0000
ENDCHAR
STARTCHAR uni01DD
ENCODING 477
SWIDTH 576 0
DWIDTH 9 0
BBX 9 15 0 -3
BITMAP
0000
0000
0000
0000
0000
3E00
0100
0100
7F00
4100
4100
3E00
0000
0000
0000
ENDCHAR
STARTCHAR uni01DE
ENCODING 478
SWIDTH 576 0
DWIDTH 9 0
BBX 9 15 0 -3
BITMAP
3E00
0000
3600
0000
1C00
2200
4100
4100
7F00
4100
4100
4100
0000
0000
0000
ENDCHAR
STARTCHAR uni01DF
ENCODING 479
SWIDTH 576 0
DWIDTH 9 0
BBX 9 15 0 -3
BITMAP
0000
3E00
0000
3600
0000
3E00
0100
0100
3F00
4100
4300
3D00
0000
0000
0000
ENDCHAR
STARTCHAR uni01E0
ENCODING 480
SWIDTH 576 0
DWIDTH 9 0
BBX 9 15 0 -3
BITMAP
3E00
0000
1800
0000
1C00
2200
4100
4100
7F00
4100
4100
4100
0000
0000
0000
ENDCHAR
STARTCHAR uni01E1
ENCODING 481
SWIDTH 576 0
DWIDTH 9 0
BBX 9 15 0 -3
BITMAP
0000
3E00
0000
0C00
0000
3E00
0100
0100
3F00
4100
4300
3D00
0000
0000
0000
ENDCHAR
STARTCHAR uni01E2
ENCODING 482
SWIDTH 576 0
DWIDTH 9 0
BBX 9 15 0 -3
BITMAP
0000
3E00
0000
3F00
4800
4800
4800
7E00
4800
4800
4800
4F00
0000
0000
0000
ENDCHAR
STARTCHAR uni01E3
ENCODING 483
SWIDTH 576 0
DWIDTH 9 0
BBX 9 15 0 -3
BITMAP
0000
0000
0000
3E00
0000
3600
4900
0900
3E00
4800
4900
3700
0000
0000
0000
ENDCHAR
STARTCHAR uni01E4
ENCODING 484
SWIDTH 576 0
DWIDTH 9 0
BBX 9 15 0 -3
BITMAP
0000
0000
3E00
4100
4000
4000
4000
4700
4100
4F80
4100
3E00
0000
0000
0000
ENDCHAR
STARTCHAR uni01E5
ENCODING 485
SWIDTH 576 0
DWIDTH 9 0
BBX 9 15 0 -3
BITMAP
0000
0000
0000
0000
0000
3D00
4200
4200
4200
4200
4200
3E00
0200
FF80
3C00
ENDCHAR
STARTCHAR Gcaron
ENCODING 486
SWIDTH 576 0
DWIDTH 9 0
BBX 9 15 0 -3
BITMAP
2200
1400
0800
0000
3E00
4100
4000
4000
4700
4100
4100
3E00
0000
0000
0000
ENDCHAR
STARTCHAR gcaron
ENCODING 487
SWIDTH 576 0
DWIDTH 9 0
BBX 9 15 0 -3
BITMAP
0000
2200
1400
0800
0000
3D00
4200
4200
4200
3C00
4000
3E00
4100
4100
3E00
ENDCHAR
STARTCHAR uni01E8
ENCODING 488
SWIDTH 576 0
DWIDTH 9 0
BBX 9 15 0 -3
BITMAP
2200
1400
0800
0000
4100
4200
4400
7800
4800
4400
4200
4100
0000
0000
0000
ENDCHAR
STARTCHAR uni01E9
ENCODING 489
SWIDTH 576 0
DWIDTH 9 0
BBX 9 15 0 -3
BITMAP
2200
1400
4800
4000
4000
4100
4600
5800
6000
5800
4600
4100
0000
0000
0000
ENDCHAR
STARTCHAR uni01EA
ENCODING 490
SWIDTH 576 0
DWIDTH 9 0
BBX 9 15 0 -3
BITMAP
0000
0000
3E00
4100
4100
4100
4100
4100
4100
4100
4100
3E00
1000
1800
0000
ENDCHAR
STARTCHAR uni01EB
ENCODING 491
SWIDTH 576 0
DWIDTH 9 0
BBX 9 15 0 -3
BITMAP
0000
0000
0000
0000
0000
3E00
4100
4100
4100
4100
4100
3E00
1000
1800
0000
ENDCHAR
STARTCHAR uni01EC
ENCODING 492
SWIDTH 576 0
DWIDTH 9 0
BBX 9 15 0 -3
BITMAP
0000
0000
3E00
0000
3E00
4100
4100
4100
4100
4100
4100
3E00
1000
1800
0000
ENDCHAR
STARTCHAR uni01ED
ENCODING 493
SWIDTH 576 0
DWIDTH 9 0
BBX 9 15 0 -3
BITMAP
0000
0000
0000
3E00
0000
3E00
4100
4100
4100
4100
4100
3E00
1000
1800
0000
ENDCHAR
STARTCHAR uni01EE
ENCODING 494
SWIDTH 576 0
DWIDTH 9 0
BBX 9 15 0 -3
BITMAP
2200
1400
0800
7F00
0200
0400
0800
1C00
0200
0100
4200
3C00
0000
0000
0000
ENDCHAR
STARTCHAR uni01EF
ENCODING 495
SWIDTH 576 0
DWIDTH 9 0
BBX 9 15 0 -3
BITMAP
0000
2200
1400
0800
0000
3F00
0200
0400
0800
1C00
0200
0100
0100
2200
1C00
ENDCHAR
STARTCHAR uni01F0
ENCODING 496
SWIDTH 576 0
DWIDTH 9 0
BBX 9 15 0 -3
BITMAP
0000
1100
0A00
0400
0000
0E00
0200
0200
0200
0200
0200
4200
4200
4200
3C00
ENDCHAR
STARTCHAR uni01F1
ENCODING 497
SWIDTH 576 0
DWIDTH 9 0
BBX 9 15 0 -3
BITMAP
0000
0000
F780
4880
4880
4900
4900
4A00
4A00
4C00
4C00
F780
0000
0000
0000
ENDCHAR
STARTCHAR uni01F2
ENCODING 498
SWIDTH 576 0
DWIDTH 9 0
BBX 9 15 0 -3
BITMAP
0000
0000
F000
4800
4800
4F80
4880
4900
4900
4A00
4A00
F780
0000
0000
0000
ENDCHAR
STARTCHAR uni01F3
ENCODING 499
SWIDTH 576 0
DWIDTH 9 0
BBX 9 15 0 -3
BITMAP
0000
0000
0800
0800
0800
6F80
9880
8900
8900
8A00
9A00
6F80
0000
0000
0000
ENDCHAR
STARTCHAR uni01F4
ENCODING 500
SWIDTH 576 0
DWIDTH 9 0
BBX 9 15 0 -3
BITMAP
0200
0400
0800
0000
3E00
4100
4000
4000
4700
4100
4100
3E00
0000
0000
0000
ENDCHAR
STARTCHAR uni01F5
ENCODING 501
SWIDTH 576 0
DWIDTH 9 0
BBX 9 15 0 -3
BITMAP
0000
0200
0400
0800
0000
3D00
4200
4200
4200
3C00
4000
3E00
4100
4100
3E00
ENDCHAR
STARTCHAR uni01F6
ENCODING 502
SWIDTH 576 0
DWIDTH 9 0
BBX 9 15 0 -3
BITMAP
0000
0000
4800
4800
4800
4900
7900
4900
4900
4900
4900
4600
0000
0000
0000
ENDCHAR
STARTCHAR uni01F7
ENCODING 503
SWIDTH 576 0
DWIDTH 9 0
BBX 9 15 0 -3
BITMAP
0000
0000
5E00
6100
4100
4100
4100
4600
5800
6000
4000
4000
4000
4000
0000
ENDCHAR
STARTCHAR uni01F8
ENCODING 504
SWIDTH 576 0
DWIDTH 9 0
BBX 9 15 0 -3
BITMAP
0000
2000
1000
0800
4100
4100
6100
5100
4900
4500
4300
4100
0000
0000
0000
ENDCHAR
STARTCHAR uni01F9
ENCODING 505
SWIDTH 576 0
DWIDTH 9 0
BBX 9 15 0 -3
BITMAP
0000
2000
1000
0800
0000
5E00
6100
4100
4100
4100
4100
4100
0000
0000
0000
ENDCHAR
STARTCHAR Aringacute
ENCODING 506
SWIDTH 576 0
DWIDTH 9 0
BBX 9 15 0 -3
BITMAP
0400
0800
0000
1C00
2200
1C00
1400
2200
4100
7F00
4100
4100
0000
0000
0000
ENDCHAR
STARTCHAR aringacute
ENCODING 507
SWIDTH 576 0
DWIDTH 9 0
BBX 9 15 0 -3
BITMAP
0400
0800
0000
0C00
1200
0C00
3E00
0100
3F00
4100
4300
3D00
0000
0000
0000
ENDCHAR
STARTCHAR AEacute
ENCODING 508
SWIDTH 576 0
DWIDTH 9 0
BBX 9 15 0 -3
BITMAP
0200
0400
0800
0000
3F00
4800
4800
7E00
4800
4800
4800
4F00
0000
0000
0000
ENDCHAR
STARTCHAR aeacute
ENCODING 509
SWIDTH 576 0
DWIDTH 9 0
BBX 9 15 0 -3
BITMAP
0000
0200
0400
0800
0000
3600
4900
0900
3E00
4800
4900
3700
0000
0000
0000
ENDCHAR
STARTCHAR Oslashacute
ENCODING 510
SWIDTH 576 0
DWIDTH 9 0
BBX 9 15 0 -3
BITMAP
0200
0400
0800
0100
3E00
4300
4500
4900
4900
5100
6100
3E00
4000
0000
0000
ENDCHAR
STARTCHAR oslashacute
ENCODING 511
SWIDTH 576 0
DWIDTH 9 0
BBX 9 15 0 -3
BITMAP
0000
0200
0400
0800
0100
3E00
4500
4500
4900
5100
5100
3E00
4000
0000
0000
ENDCHAR
STARTCHAR uni0200
ENCODING 512
SWIDTH 576 0
DWIDTH 9 0
BBX 9 15 0 -3
BITMAP
0000
2400
1200
0000
1C00
2200
4100
4100
7F00
4100
4100
4100
0000
0000
0000
ENDCHAR
STARTCHAR uni0201
ENCODING 513
SWIDTH 576 0
DWIDTH 9 0
BBX 9 15 0 -3
BITMAP
0000
0000
2400
1200
0000
3E00
0100
0100
3F00
4100
4300
3D00
0000
0000
0000
ENDCHAR
STARTCHAR uni0202
ENCODING 514
SWIDTH 576 0
DWIDTH 9 0
BBX 9 15 0 -3
BITMAP
0000
1C00
2200
0000
1C00
2200
4100
4100
7F00
4100
4100
4100
0000
0000
0000
ENDCHAR
STARTCHAR uni0203
ENCODING 515
SWIDTH 576 0
DWIDTH 9 0
BBX 9 15 0 -3
BITMAP
0000
0000
1C00
2200
0000
3E00
0100
0100
3F00
4100
4300
3D00
0000
0000
0000
ENDCHAR
STARTCHAR uni0204
ENCODING 516
SWIDTH 576 0
DWIDTH 9 0
BBX 9 15 0 -3
BITMAP
0000
2400
1200
0000
7F00
4000
4000
7C00
4000
4000
4000
7F00
0000
0000
0000
ENDCHAR
STARTCHAR uni0205
ENCODING 517
SWIDTH 576 0
DWIDTH 9 0
BBX 9 15 0 -3
BITMAP
0000
0000
2400
1200
0000
3E00
4100
4100
7F00
4000
4000
3E00
0000
0000
0000
ENDCHAR
STARTCHAR uni0206
ENCODING 518
SWIDTH 576 0
DWIDTH 9 0
BBX 9 15 0 -3
BITMAP
0000
1C00
2200
0000
7F00
4000
4000
7C00
4000
4000
4000
7F00
0000
0000
0000
ENDCHAR
STARTCHAR uni0207
ENCODING 519
SWIDTH 576 0
DWIDTH 9 0
BBX 9 15 0 -3
BITMAP
0000
0000
1C00
2200
0000
3E00
4100
4100
7F00
4000
4000
3E00
0000
0000
0000
ENDCHAR
STARTCHAR uni0208
ENCODING 520
SWIDTH 576 0
DWIDTH 9 0
BBX 9 15 0 -3
BITMAP
0000
2400
1200
0000
3E00
0800
0800
0800
0800
0800
0800
3E00
0000
0000
0000
ENDCHAR
STARTCHAR uni0209
ENCODING 521
SWIDTH 576 0
DWIDTH 9 0
BBX 9 15 0 -3
BITMAP
0000
4800
2400
0000
3800
0800
0800
0800
0800
0800
0800
3E00
0000
0000
0000
ENDCHAR
STARTCHAR uni020A
ENCODING 522
SWIDTH 576 0
DWIDTH 9 0
BBX 9 15 0 -3
BITMAP
0000
1C00
2200
0000
3E00
0800
0800
0800
0800
0800
0800
3E00
0000
0000
0000
ENDCHAR
STARTCHAR uni020B
ENCODING 523
SWIDTH 576 0
DWIDTH 9 0
BBX 9 15 0 -3
BITMAP
0000
3800
4400
0000
3800
0800
0800
0800
0800
0800
0800
3E00
0000
0000
0000
ENDCHAR
STARTCHAR uni020C
ENCODING 524
SWIDTH 576 0
DWIDTH 9 0
BBX 9 15 0 -3
BITMAP
0000
2400
1200
0000
3E00
4100
4100
4100
4100
4100
4100
3E00
0000
0000
0000
ENDCHAR
STARTCHAR uni020D
ENCODING 525
SWIDTH 576 0
DWIDTH 9 0
BBX 9 15 0 -3
BITMAP
0000
0000
2400
1200
0000
3E00
4100
4100
4100
4100
4100
3E00
0000
0000
0000
ENDCHAR
STARTCHAR uni020E
ENCODING 526
SWIDTH 576 0
DWIDTH 9 0
BBX 9 15 0 -3
BITMAP
0000
1C00
2200
0000
3E00
4100
4100
4100
4100
4100
4100
3E00
0000
0000
0000
ENDCHAR
STARTCHAR uni020F
ENCODING 527
SWIDTH 576 0
DWIDTH 9 0
BBX 9 15 0 -3
BITMAP
0000
0000
1C00
2200
0000
3E00
4100
4100
4100
4100
4100
3E00
0000
0000
0000
ENDCHAR
STARTCHAR uni0210
ENCODING 528
SWIDTH 576 0
DWIDTH 9 0
BBX 9 15 0 -3
BITMAP
0000
2400
1200
0000
7E00
4100
4100
4100
7E00
4200
4100
4100
0000
0000
0000
ENDCHAR
STARTCHAR uni0211
ENCODING 529
SWIDTH 576 0
DWIDTH 9 0
BBX 9 15 0 -3
BITMAP
0000
0000
2400
1200
0000
4E00
3100
2100
2000
2000
2000
2000
0000
0000
0000
ENDCHAR
STARTCHAR uni0212
ENCODING 530
SWIDTH 576 0
DWIDTH 9 0
BBX 9 15 0 -3
BITMAP
0000
1C00
2200
0000
7E00
4100
4100
4100
7E00
4200
4100
4100
0000
0000
0000
ENDCHAR
STARTCHAR uni0213
ENCODING 531
SWIDTH 576 0
DWIDTH 9 0
BBX 9 15 0 -3
BITMAP
0000
0000
1C00
2200
0000
4E00
3100
2100
2000
2000
2000
2000
0000
0000
0000
ENDCHAR
STARTCHAR uni0214
ENCODING 532
SWIDTH 576 0
DWIDTH 9 0
BBX 9 15 0 -3
BITMAP
0000
2400
1200
0000
4100
4100
4100
4100
4100
4100
4100
3E00
0000
0000
0000
ENDCHAR
STARTCHAR uni0215
ENCODING 533
SWIDTH 576 0
DWIDTH 9 0
BBX 9 15 0 -3
BITMAP
0000
0000
4800
2400
0000
4200
4200
4200
4200
4200
4200
3D00
0000
0000
0000
ENDCHAR
STARTCHAR uni0216
ENCODING 534
SWIDTH 576 0
DWIDTH 9 0
BBX 9 15 0 -3
BITMAP
0000
1C00
2200
0000
4100
4100
4100
4100
4100
4100
4100
3E00
0000
0000
0000
ENDCHAR
STARTCHAR uni0217
ENCODING 535
SWIDTH 576 0
DWIDTH 9 0
BBX 9 15 0 -3
BITMAP
0000
0000
1C00
2200
0000
4200
4200
4200
4200
4200
4200
3D00
0000
0000
0000
ENDCHAR
STARTCHAR Scommaaccent
ENCODING 536
SWIDTH 576 0
DWIDTH 9 0
BBX 9 15 0 -3
BITMAP
0000
0000
3E00
4100
4100
4000
3800
0600
0100
4100
4100
3E00
0C00
0400
0800
ENDCHAR
STARTCHAR scommaaccent
ENCODING 537
SWIDTH 576 0
DWIDTH 9 0
BBX 9 15 0 -3
BITMAP
0000
0000
0000
0000
0000
3E00
4100
4000
3E00
0100
4100
3E00
0C00
0400
0800
ENDCHAR
STARTCHAR Tcommaaccent
ENCODING 538
SWIDTH 576 0
DWIDTH 9 0
BBX 9 15 0 -3
BITMAP
0000
0000
7F00
0800
0800
0800
0800
0800
0800
0800
0800
0800
0C00
0400
0800
ENDCHAR
STARTCHAR tcommaaccent
ENCODING 539
SWIDTH 576 0
DWIDTH 9 0
BBX 9 15 0 -3
BITMAP
0000
0000
0000
1000
1000
7E00
1000
1000
1000
1000
1100
0E00
0C00
0400
0800
ENDCHAR
STARTCHAR uni021C
ENCODING 540
SWIDTH 576 0
DWIDTH 9 0
BBX 9 15 0 -3
BITMAP
0000
0000
5E00
6100
0100
0200
0C00
3200
0100
0100
0600
7800
0000
0000
0000
ENDCHAR
STARTCHAR uni021D
ENCODING 541
SWIDTH 576 0
DWIDTH 9 0
BBX 9 15 0 -3
BITMAP
0000
0000
0000
0000
0000
2E00
3100
0100
0200
0C00
3200
0100
0100
0600
3800
ENDCHAR
STARTCHAR uni021E
ENCODING 542
SWIDTH 576 0
DWIDTH 9 0
BBX 9 15 0 -3
BITMAP
2200
1400
0800
4100
4100
4100
4100
7F00
4100
4100
4100
4100
0000
0000
0000
ENDCHAR
STARTCHAR uni021F
ENCODING 543
SWIDTH 576 0
DWIDTH 9 0
BBX 9 15 0 -3
BITMAP
2200
1400
4800
4000
4000
5E00
6100
4100
4100
4100
4100
4100
0000
0000
0000
ENDCHAR
STARTCHAR uni0220
ENCODING 544
SWIDTH 576 0
DWIDTH 9 0
BBX 9 15 0 -3
BITMAP
0000
0000
5E00
6100
4100
4100
4100
4100
4100
4100
4100
4100
0100
0100
0100
ENDCHAR
STARTCHAR uni0222
ENCODING 546
SWIDTH 576 0
DWIDTH 9 0
BBX 9 15 0 -3
BITMAP
0000
0000
2200
4100
4100
4100
3E00
4100
4100
4100
4100
3E00
0000
0000
0000
ENDCHAR
STARTCHAR uni0223
ENCODING 547
SWIDTH 576 0
DWIDTH 9 0
BBX 9 15 0 -3
BITMAP
0000
0000
0000
1200
2100
2100
2100
1E00
2100
2100
2100
1E00
0000
0000
0000
ENDCHAR
STARTCHAR uni0224
ENCODING 548
SWIDTH 576 0
DWIDTH 9 0
BBX 9 15 0 -3
BITMAP
0000
0000
7F00
0100
0200
0400
0800
1000
2000
4000
4000
7F00
0100
0600
0000
ENDCHAR
STARTCHAR uni0225
ENCODING 549
SWIDTH 576 0
DWIDTH 9 0
BBX 9 15 0 -3
BITMAP
0000
0000
0000
0000
0000
7F00
0200
0400
0800
1000
2000
7F00
0100
0600
0000
ENDCHAR
STARTCHAR uni0226
ENCODING 550
SWIDTH 576 0
DWIDTH 9 0
BBX 9 15 0 -3
BITMAP
0000
0800
0000
1C00
2200
4100
4100
4100
7F00
4100
4100
4100
0000
0000
0000
ENDCHAR
STARTCHAR uni0227
ENCODING 551
SWIDTH 576 0
DWIDTH 9 0
BBX 9 15 0 -3
BITMAP
0000
0000
0000
0800
0000
3E00
0100
0100
3F00
4100
4300
3D00
0000
0000
0000
ENDCHAR
STARTCHAR uni0228
ENCODING 552
SWIDTH 576 0
DWIDTH 9 0
BBX 9 15 0 -3
BITMAP
0000
0000
7F00
4000
4000
4000
7C00
4000
4000
4000
4000
7F00
0800
2400
1800
ENDCHAR
STARTCHAR uni0229
ENCODING 553
SWIDTH 576 0
DWIDTH 9 0
BBX 9 15 0 -3
BITMAP
0000
0000
0000
0000
0000
3E00
4100
4100
7F00
4000
4000
3E00
0800
2400
1800
ENDCHAR
STARTCHAR uni022A
ENCODING 554
SWIDTH 576 0
DWIDTH 9 0
BBX 9 15 0 -3
BITMAP
3E00
0000
1400
0000
3E00
4100
4100
4100
4100
4100
4100
3E00
0000
0000
0000
ENDCHAR
STARTCHAR uni022B
ENCODING 555
SWIDTH 576 0
DWIDTH 9 0
BBX 9 15 0 -3
BITMAP
0000
7E00
0000
2400
0000
3C00
4200
4200
4200
4200
4200
3C00
0000
0000
0000
ENDCHAR
STARTCHAR uni022C
ENCODING 556
SWIDTH 576 0
DWIDTH 9 0
BBX 9 15 0 -3
BITMAP
3E00
1A00
2C00
0000
3E00
4100
4100
4100
4100
4100
4100
3E00
0000
0000
0000
ENDCHAR
STARTCHAR uni022D
ENCODING 557
SWIDTH 576 0
DWIDTH 9 0
BBX 9 15 0 -3
BITMAP
7E00
0000
1400
2800
0000
3C00
4200
4200
4200
4200
4200
3C00
0000
0000
0000
ENDCHAR
STARTCHAR uni022E
ENCODING 558
SWIDTH 576 0
DWIDTH 9 0
BBX 9 15 0 -3
BITMAP
0800
0000
3E00
4100
4100
4100
4100
4100
4100
4100
4100
3E00
0000
0000
0000
ENDCHAR
STARTCHAR uni022F
ENCODING 559
SWIDTH 576 0
DWIDTH 9 0
BBX 9 15 0 -3
BITMAP
0000
0000
0000
0800
0000
3E00
4100
4100
4100
4100
4100
3E00
0000
0000
0000
ENDCHAR
STARTCHAR uni0230
ENCODING 560
SWIDTH 576 0
DWIDTH 9 0
BBX 9 15 0 -3
BITMAP
3E00
0000
0800
0000
3E00
4100
4100
4100
4100
4100
4100
3E00
0000
0000
0000
ENDCHAR
STARTCHAR uni0231
ENCODING 561
SWIDTH 576 0
DWIDTH 9 0
BBX 9 15 0 -3
BITMAP
0000
3E00
0000
0800
0000
3E00
4100
4100
4100
4100
4100
3E00
0000
0000
0000
ENDCHAR
STARTCHAR uni0232
ENCODING 562
SWIDTH 576 0
DWIDTH 9 0
BBX 9 15 0 -3
BITMAP
0000
3E00
0000
4100
4100
2200
1400
0800
0800
0800
0800
0800
0000
0000
0000
ENDCHAR
STARTCHAR uni0233
ENCODING 563
SWIDTH 576 0
DWIDTH 9 0
BBX 9 15 0 -3
BITMAP
0000
0000
0000
3C00
0000
4200
4200
4200
4200
4200
4600
3A00
0200
4200
3C00
ENDCHAR
STARTCHAR uni0374
ENCODING 884
SWIDTH 576 0
DWIDTH 9 0
BBX 9 15 0 -3
BITMAP
0000
0400
0800
1000
0000
0000
0000
0000
0000
0000
0000
0000
0000
0000
0000
ENDCHAR
STARTCHAR uni0375
ENCODING 885
SWIDTH 576 0
DWIDTH 9 0
BBX 9 15 0 -3
BITMAP
0000
0000
0000
0000
0000
0000
0000
0000
0000
0000
0000
0000
0400
0800
1000
ENDCHAR
STARTCHAR uni037A
ENCODING 890
SWIDTH 576 0
DWIDTH 9 0
BBX 9 15 0 -3
BITMAP
0000
0000
0000
0000
0000
0000
0000
0000
0000
0000
0000
0000
0000
0800
0C00
ENDCHAR
STARTCHAR uni037E
ENCODING 894
SWIDTH 576 0
DWIDTH 9 0
BBX 9 15 0 -3
BITMAP
0000
0000
0000
0000
0000
0C00
0C00
0000
0000
0000
0C00
0C00
0400
0400
0800
ENDCHAR
STARTCHAR tonos
ENCODING 900
SWIDTH 576 0
DWIDTH 9 0
BBX 9 15 0 -3
BITMAP
0000
0400
0800
1000
0000
0000
0000
0000
0000
0000
0000
0000
0000
0000
0000
ENDCHAR
STARTCHAR dieresistonos
ENCODING 901
SWIDTH 576 0
DWIDTH 9 0
BBX 9 15 0 -3
BITMAP
0000
0400
4900
5100
0000
0000
0000
0000
0000
0000
0000
0000
0000
0000
0000
ENDCHAR
STARTCHAR Alphatonos
ENCODING 902
SWIDTH 576 0
DWIDTH 9 0
BBX 9 15 0 -3
BITMAP
0000
0000
2400
4A00
9100
1100
1100
1100
1F00
1100
1100
1100
0000
0000
0000
ENDCHAR
STARTCHAR anoteleia
ENCODING 903
SWIDTH 576 0
DWIDTH 9 0
BBX 9 15 0 -3
BITMAP
0000
0000
0000
0000
0000
1800
1800
0000
0000
0000
0000
0000
0000
0000
0000
ENDCHAR
STARTCHAR Epsilontonos
ENCODING 904
SWIDTH 576 0
DWIDTH 9 0
BBX 9 15 0 -3
BITMAP
0000
0000
3F00
5000
9000
1000
1C00
1000
1000
1000
1000
1F00
0000
0000
0000
ENDCHAR
STARTCHAR Etatonos
ENCODING 905
SWIDTH 576 0
DWIDTH 9 0
BBX 9 15 0 -3
BITMAP
0000
0000
3100
5100
9100
1100
1F00
1100
1100
1100
1100
1100
0000
0000
0000
ENDCHAR
STARTCHAR Iotatonos
ENCODING 906
SWIDTH 576 0
DWIDTH 9 0
BBX 9 15 0 -3
BITMAP
0000
0000
3F00
4400
8400
0400
0400
0400
0400
0400
0400
1F00
0000
0000
0000
ENDCHAR
STARTCHAR Omicrontonos
ENCODING 908
SWIDTH 576 0
DWIDTH 9 0
BBX 9 15 0 -3
BITMAP
0000
0000
2E00
5100
9100
1100
1100
1100
1100
1100
1100
0E00
0000
0000
0000
ENDCHAR
STARTCHAR Upsilontonos
ENCODING 910
SWIDTH 576 0
DWIDTH 9 0
BBX 9 15 0 -3
BITMAP
0000
0000
3100
5100
8A00
0A00
0400
0400
0400
0400
0400
0400
0000
0000
0000
ENDCHAR
STARTCHAR Omegatonos
ENCODING 911
SWIDTH 576 0
DWIDTH 9 0
BBX 9 15 0 -3
BITMAP
0000
0000
2E00
5100
9100
1100
1100
1100
1100
0A00
0A00
1B00
0000
0000
0000
ENDCHAR
STARTCHAR iotadieresistonos
ENCODING 912
SWIDTH 576 0
DWIDTH 9 0
BBX 9 15 0 -3
BITMAP
0000
0400
4900
5100
0000
1000
1000
1000
1000
1000
1200
0C00
0000
0000
0000
ENDCHAR
STARTCHAR Alpha
ENCODING 913
SWIDTH 576 0
DWIDTH 9 0
BBX 9 15 0 -3
BITMAP
0000
0000
0800
1400
2200
4100
4100
4100
7F00
4100
4100
4100
0000
0000
0000
ENDCHAR
STARTCHAR Beta
ENCODING 914
SWIDTH 576 0
DWIDTH 9 0
BBX 9 15 0 -3
BITMAP
0000
0000
7E00
4100
4100
4100
7E00
4100
4100
4100
4100
7E00
0000
0000
0000
ENDCHAR
STARTCHAR Gamma
ENCODING 915
SWIDTH 576 0
DWIDTH 9 0
BBX 9 15 0 -3
BITMAP
0000
0000
7F00
4000
4000
4000
4000
4000
4000
4000
4000
4000
0000
0000
0000
ENDCHAR
STARTCHAR Delta
ENCODING 916
SWIDTH 576 0
DWIDTH 9 0
BBX 9 15 0 -3
BITMAP
0000
0000
0800
1400
1400
1400
2200
2200
2200
4100
4100
7F00
0000
0000
0000
ENDCHAR
STARTCHAR Epsilon
ENCODING 917
SWIDTH 576 0
DWIDTH 9 0
BBX 9 15 0 -3
BITMAP
0000
0000
7F00
4000
4000
4000
7C00
4000
4000
4000
4000
7F00
0000
0000
0000
ENDCHAR
STARTCHAR Zeta
ENCODING 918
SWIDTH 576 0
DWIDTH 9 0
BBX 9 15 0 -3
BITMAP
0000
0000
7F00
0100
0200
0400
0800
1000
2000
4000
4000
7F00
0000
0000
0000
ENDCHAR
STARTCHAR Eta
ENCODING 919
SWIDTH 576 0
DWIDTH 9 0
BBX 9 15 0 -3
BITMAP
0000
0000
4100
4100
4100
4100
7F00
4100
4100
4100
4100
4100
0000
0000
0000
ENDCHAR
STARTCHAR Theta
ENCODING 920
SWIDTH 576 0
DWIDTH 9 0
BBX 9 15 0 -3
BITMAP
0000
0000
3E00
4100
4100
4100
7F00
4100
4100
4100
4100
3E00
0000
0000
0000
ENDCHAR
STARTCHAR Iota
ENCODING 921
SWIDTH 576 0
DWIDTH 9 0
BBX 9 15 0 -3
BITMAP
0000
0000
3E00
0800
0800
0800
0800
0800
0800
0800
0800
3E00
0000
0000
0000
ENDCHAR
STARTCHAR Kappa
ENCODING 922
SWIDTH 576 0
DWIDTH 9 0
BBX 9 15 0 -3
BITMAP
0000
0000
4100
4200
4400
4800
7000
5000
4800
4400
4200
4100
0000
0000
0000
ENDCHAR
STARTCHAR Lambda
ENCODING 923
SWIDTH 576 0
DWIDTH 9 0
BBX 9 15 0 -3
BITMAP
0000
0000
0800
1400
1400
1400
2200
2200
2200
4100
4100
4100
0000
0000
0000
ENDCHAR
STARTCHAR Mu
ENCODING 924
SWIDTH 576 0
DWIDTH 9 0
BBX 9 15 0 -3
BITMAP
0000
0000
4100
4100
6300
5500
5500
4900
4900
4100
4100
4100
0000
0000
0000
ENDCHAR
STARTCHAR Nu
ENCODING 925
SWIDTH 576 0
DWIDTH 9 0
BBX 9 15 0 -3
BITMAP
0000
0000
4100
4100
6100
5100
4900
4500
4300
4100
4100
4100
0000
0000
0000
ENDCHAR
STARTCHAR Xi
ENCODING 926
SWIDTH 576 0
DWIDTH 9 0
BBX 9 15 0 -3
BITMAP
0000
0000
7F00
0000
0000
0000
3E00
0000
0000
0000
0000
7F00
0000
0000
0000
ENDCHAR
STARTCHAR Omicron
ENCODING 927
SWIDTH 576 0
DWIDTH 9 0
BBX 9 15 0 -3
BITMAP
0000
0000
3E00
4100
4100
4100
4100
4100
4100
4100
4100
3E00
0000
0000
0000
ENDCHAR
STARTCHAR Pi
ENCODING 928
SWIDTH 576 0
DWIDTH 9 0
BBX 9 15 0 -3
BITMAP
0000
0000
7F00
2200
2200
2200
2200
2200
2200
2200
2200
2200
0000
0000
0000
ENDCHAR
STARTCHAR Rho
ENCODING 929
SWIDTH 576 0
DWIDTH 9 0
BBX 9 15 0 -3
BITMAP
0000
0000
7E00
4100
4100
4100
7E00
4000
4000
4000
4000
4000
0000
0000
0000
ENDCHAR
STARTCHAR Sigma
ENCODING 931
SWIDTH 576 0
DWIDTH 9 0
BBX 9 15 0 -3
BITMAP
0000
0000
7F00
4000
2000
1000
0800
0800
1000
2000
4000
7F00
0000
0000
0000
ENDCHAR
STARTCHAR Tau
ENCODING 932
SWIDTH 576 0
DWIDTH 9 0
BBX 9 15 0 -3
BITMAP
0000
0000
7F00
0800
0800
0800
0800
0800
0800
0800
0800
0800
0000
0000
0000
ENDCHAR
STARTCHAR Upsilon
ENCODING 933
SWIDTH 576 0
DWIDTH 9 0
BBX 9 15 0 -3
BITMAP
0000
0000
4100
4100
2200
1400
0800
0800
0800
0800
0800
0800
0000
0000
0000
ENDCHAR
STARTCHAR Phi
ENCODING 934
SWIDTH 576 0
DWIDTH 9 0
BBX 9 15 0 -3
BITMAP
0000
0000
0800
3E00
4900
4900
4900
4900
4900
4900
3E00
0800
0000
0000
0000
ENDCHAR
STARTCHAR Chi
ENCODING 935
SWIDTH 576 0
DWIDTH 9 0
BBX 9 15 0 -3
BITMAP
0000
0000
4100
4100
2200
1400
0800
0800
1400
2200
4100
4100
0000
0000
0000
ENDCHAR
STARTCHAR Psi
ENCODING 936
SWIDTH 576 0
DWIDTH 9 0
BBX 9 15 0 -3
BITMAP
0000
0000
4900
4900
4900
4900
4900
4900
3E00
0800
0800
0800
0000
0000
0000
ENDCHAR
STARTCHAR Omega
ENCODING 937
SWIDTH 576 0
DWIDTH 9 0
BBX 9 15 0 -3
BITMAP
0000
0000
3E00
4100
4100
4100
4100
4100
4100
3600
1400
7700
0000
0000
0000
ENDCHAR
STARTCHAR Iotadieresis
ENCODING 938
SWIDTH 576 0
DWIDTH 9 0
BBX 9 15 0 -3
BITMAP
0000
2200
2200
0000
3E00
0800
0800
0800
0800
0800
0800
3E00
0000
0000
0000
ENDCHAR
STARTCHAR Upsilondieresis
ENCODING 939
SWIDTH 576 0
DWIDTH 9 0
BBX 9 15 0 -3
BITMAP
0000
4100
4100
0000
4100
4100
2200
1400
0800
0800
0800
0800
0000
0000
0000
ENDCHAR
STARTCHAR alphatonos
ENCODING 940
SWIDTH 576 0
DWIDTH 9 0
BBX 9 15 0 -3
BITMAP
0000
0200
0400
0800
0000
3D00
4300
4100
4100
4300
4500
3900
0000
0000
0000
ENDCHAR
STARTCHAR epsilontonos
ENCODING 941
SWIDTH 576 0
DWIDTH 9 0
BBX 9 15 0 -3
BITMAP
0000
0200
0400
0800
0000
3E00
4100
4000
3C00
4000
4100
3E00
0000
0000
0000
ENDCHAR
STARTCHAR etatonos
ENCODING 942
SWIDTH 576 0
DWIDTH 9 0
BBX 9 15 0 -3
BITMAP
0000
0200
0400
0800
0000
5E00
6100
4100
4100
4100
4100
4100
0100
0100
0100
ENDCHAR
STARTCHAR iotatonos
ENCODING 943
SWIDTH 576 0
DWIDTH 9 0
BBX 9 15 0 -3
BITMAP
0000
0400
0800
1000
0000
1000
1000
1000
1000
1000
1200
0C00
0000
0000
0000
ENDCHAR
STARTCHAR upsilondieresistonos
ENCODING 944
SWIDTH 576 0
DWIDTH 9 0
BBX 9 15 0 -3
BITMAP
0000
0400
4900
5100
0000
4100
4100
4100
4100
4100
4100
3E00
0000
0000
0000
ENDCHAR
STARTCHAR alpha
ENCODING 945
SWIDTH 576 0
DWIDTH 9 0
BBX 9 15 0 -3
BITMAP
0000
0000
0000
0000
0000
3D00
4300
4100
4100
4300
4500
3900
0000
0000
0000
ENDCHAR
STARTCHAR beta
ENCODING 946
SWIDTH 576 0
DWIDTH 9 0
BBX 9 15 0 -3
BITMAP
0000
0000
3800
4400
4400
4400
7E00
4100
4100
4100
6100
5E00
4000
4000
4000
ENDCHAR
STARTCHAR gamma
ENCODING 947
SWIDTH 576 0
DWIDTH 9 0
BBX 9 15 0 -3
BITMAP
0000
0000
0000
0000
0000
4100
4100
2200
2200
1400
1400
0800
0800
0800
0800
ENDCHAR
STARTCHAR delta
ENCODING 948
SWIDTH 576 0
DWIDTH 9 0
BBX 9 15 0 -3
BITMAP
0000
0000
3E00
4100
2000
3E00
4100
4100
4100
4100
4100
3E00
0000
0000
0000
ENDCHAR
STARTCHAR epsilon
ENCODING 949
SWIDTH 576 0
DWIDTH 9 0
BBX 9 15 0 -3
BITMAP
0000
0000
0000
0000
0000
3E00
4100
4000
3C00
4000
4100
3E00
0000
0000
0000
ENDCHAR
STARTCHAR zeta
ENCODING 950
SWIDTH 576 0
DWIDTH 9 0
BBX 9 15 0 -3
BITMAP
0000
0000
7F00
0800
1000
2000
4000
4000
4000
4000
4000
3E00
0100
0100
0600
ENDCHAR
STARTCHAR eta
ENCODING 951
SWIDTH 576 0
DWIDTH 9 0
BBX 9 15 0 -3
BITMAP
0000
0000
0000
0000
0000
5E00
6100
4100
4100
4100
4100
4100
0100
0100
0100
ENDCHAR
STARTCHAR theta
ENCODING 952
SWIDTH 576 0
DWIDTH 9 0
BBX 9 15 0 -3
BITMAP
0000
0000
3C00
4200
4200
4200
7E00
4200
4200
4200
4200
3C00
0000
0000
0000
ENDCHAR
STARTCHAR iota
ENCODING 953
SWIDTH 576 0
DWIDTH 9 0
BBX 9 15 0 -3
BITMAP
0000
0000
0000
0000
0000
1000
1000
1000
1000
1000
1200
0C00
0000
0000
0000
ENDCHAR
STARTCHAR kappa
ENCODING 954
SWIDTH 576 0
DWIDTH 9 0
BBX 9 15 0 -3
BITMAP
0000
0000
0000
0000
0000
4200
4400
4800
5000
6800
4400
4200
0000
0000
0000
ENDCHAR
STARTCHAR lambda
ENCODING 955
SWIDTH 576 0
DWIDTH 9 0
BBX 9 15 0 -3
BITMAP
0000
0000
3C00
4200
0200
3A00
4600
4200
4200
4200
4200
4200
0000
0000
0000
ENDCHAR
STARTCHAR mu
ENCODING 956
SWIDTH 576 0
DWIDTH 9 0
BBX 9 15 0 -3
BITMAP
0000
0000
0000
0000
0000
4100
4100
4100
4100
4100
6300
5D00
4000
4000
4000
ENDCHAR
STARTCHAR nu
ENCODING 957
SWIDTH 576 0
DWIDTH 9 0
BBX 9 15 0 -3
BITMAP
0000
0000
0000
0000
0000
4100
4100
2200
2200
1400
1400
0800
0000
0000
0000
ENDCHAR
STARTCHAR xi
ENCODING 958
SWIDTH 576 0
DWIDTH 9 0
BBX 9 15 0 -3
BITMAP
0000
0000
7F00
1000
2000
2000
1C00
2000
4000
4000
4000
3E00
0100
0100
0600
ENDCHAR
STARTCHAR omicron
ENCODING 959
SWIDTH 576 0
DWIDTH 9 0
BBX 9 15 0 -3
BITMAP
0000
0000
0000
0000
0000
3E00
4100
4100
4100
4100
4100
3E00
0000
0000
0000
ENDCHAR
STARTCHAR pi
ENCODING 960
SWIDTH 576 0
DWIDTH 9 0
BBX 9 15 0 -3
BITMAP
0000
0000
0000
0000
0000
7F00
2200
2200
2200
2200
2200
2200
0000
0000
0000
ENDCHAR
STARTCHAR rho
ENCODING 961
SWIDTH 576 0
DWIDTH 9 0
BBX 9 15 0 -3
BITMAP
0000
0000
0000
0000
0000
3E00
4100
4100
4100
4100
6100
5E00
4000
4000
4000
ENDCHAR
STARTCHAR sigma1
ENCODING 962
SWIDTH 576 0
DWIDTH 9 0
BBX 9 15 0 -3
BITMAP
0000
0000
0000
0000
0000
3E00
4100
4000
4000
4000
4000
3E00
0100
0100
0E00
ENDCHAR
STARTCHAR sigma
ENCODING 963
SWIDTH 576 0
DWIDTH 9 0
BBX 9 15 0 -3
BITMAP
0000
0000
0000
0000
0000
3F00
4400
4200
4100
4100
4100
3E00
0000
0000
0000
ENDCHAR
STARTCHAR tau
ENCODING 964
SWIDTH 576 0
DWIDTH 9 0
BBX 9 15 0 -3
BITMAP
0000
0000
0000
0000
0000
7F00
0800
0800
0800
0800
0900
0600
0000
0000
0000
ENDCHAR
STARTCHAR upsilon
ENCODING 965
SWIDTH 576 0
DWIDTH 9 0
BBX 9 15 0 -3
BITMAP
0000
0000
0000
0000
0000
4100
4100
4100
4100
4100
4100
3E00
0000
0000
0000
ENDCHAR
STARTCHAR phi
ENCODING 966
SWIDTH 576 0
DWIDTH 9 0
BBX 9 15 0 -3
BITMAP
0000
0000
0000
0000
0000
2600
4900
4900
4900
4900
4900
3E00
0800
0800
0800
ENDCHAR
STARTCHAR chi
ENCODING 967
SWIDTH 576 0
DWIDTH 9 0
BBX 9 15 0 -3
BITMAP
0000
0000
0000
0000
0000
4100
4100
2200
1400
0800
0800
1400
2200
4100
4100
ENDCHAR
STARTCHAR psi
ENCODING 968
SWIDTH 576 0
DWIDTH 9 0
BBX 9 15 0 -3
BITMAP
0000
0000
0000
0000
0000
4900
4900
4900
4900
4900
4900
3E00
0800
0800
0800
ENDCHAR
STARTCHAR omega
ENCODING 969
SWIDTH 576 0
DWIDTH 9 0
BBX 9 15 0 -3
BITMAP
0000
0000
0000
0000
0000
4100
4900
4900
4900
4900
4900
3600
0000
0000
0000
ENDCHAR
STARTCHAR iotadieresis
ENCODING 970
SWIDTH 576 0
DWIDTH 9 0
BBX 9 15 0 -3
BITMAP
0000
0000
4100
4100
0000
0800
0800
0800
0800
0800
0900
0600
0000
0000
0000
ENDCHAR
STARTCHAR upsilondieresis
ENCODING 971
SWIDTH 576 0
DWIDTH 9 0
BBX 9 15 0 -3
BITMAP
0000
0000
4100
4100
0000
4100
4100
4100
4100
4100
4100
3E00
0000
0000
0000
ENDCHAR
STARTCHAR omicrontonos
ENCODING 972
SWIDTH 576 0
DWIDTH 9 0
BBX 9 15 0 -3
BITMAP
0000
0200
0400
0800
0000
3E00
4100
4100
4100
4100
4100
3E00
0000
0000
0000
ENDCHAR
STARTCHAR upsilontonos
ENCODING 973
SWIDTH 576 0
DWIDTH 9 0
BBX 9 15 0 -3
BITMAP
0000
0200
0400
0800
0000
4100
4100
4100
4100
4100
4100
3E00
0000
0000
0000
ENDCHAR
STARTCHAR omegatonos
ENCODING 974
SWIDTH 576 0
DWIDTH 9 0
BBX 9 15 0 -3
BITMAP
0000
0200
0400
0800
0000
4100
4900
4900
4900
4900
4900
3600
0000
0000
0000
ENDCHAR
STARTCHAR uni03D0
ENCODING 976
SWIDTH 576 0
DWIDTH 9 0
BBX 9 15 0 -3
BITMAP
0000
0000
1C00
2200
4200
4400
5E00
6100
4100
4100
2200
1C00
0000
0000
0000
ENDCHAR
STARTCHAR theta1
ENCODING 977
SWIDTH 576 0
DWIDTH 9 0
BBX 9 15 0 -3
BITMAP
0000
0000
1C00
2200
2200
1F00
0200
6200
2200
2200
2200
1C00
0000
0000
0000
ENDCHAR
STARTCHAR Upsilon1
ENCODING 978
SWIDTH 576 0
DWIDTH 9 0
BBX 9 15 0 -3
BITMAP
0000
0000
2200
5500
1400
1400
0800
0800
0800
0800
0800
0800
0000
0000
0000
ENDCHAR
STARTCHAR uni03D3
ENCODING 979
SWIDTH 576 0
DWIDTH 9 0
BBX 9 15 0 -3
BITMAP
0000
0000
4A00
5500
8400
0400
0400
0400
0400
0400
0400
0400
0000
0000
0000
ENDCHAR
STARTCHAR uni03D4
ENCODING 980
SWIDTH 576 0
DWIDTH 9 0
BBX 9 15 0 -3
BITMAP
0000
4100
4100
0000
2200
5500
1400
0800
0800
0800
0800
0800
0000
0000
0000
ENDCHAR
STARTCHAR phi1
ENCODING 981
SWIDTH 576 0
DWIDTH 9 0
BBX 9 15 0 -3
BITMAP
0000
0000
0800
0800
0800
3E00
4900
4900
4900
4900
4900
3E00
0800
0800
0800
ENDCHAR
STARTCHAR omega1
ENCODING 982
SWIDTH 576 0
DWIDTH 9 0
BBX 9 15 0 -3
BITMAP
0000
0000
0000
0000
0000
7F00
2200
4900
4900
4900
4900
3600
0000
0000
0000
ENDCHAR
STARTCHAR uni03D7
ENCODING 983
SWIDTH 576 0
DWIDTH 9 0
BBX 9 15 0 -3
BITMAP
0000
2000
1000
0800
0000
6100
1200
1400
1800
1400
2500
4300
0100
0200
3C00
ENDCHAR
STARTCHAR uni03D8
ENCODING 984
SWIDTH 576 0
DWIDTH 9 0
BBX 9 15 0 -3
BITMAP
0000
0000
3E00
4100
4100
4100
4100
4100
4100
4100
4100
3E00
0800
0800
0800
ENDCHAR
STARTCHAR uni03D9
ENCODING 985
SWIDTH 576 0
DWIDTH 9 0
BBX 9 15 0 -3
BITMAP
0000
0000
0000
0000
0000
3E00
4100
4100
4100
4100
4100
3E00
0800
0800
0800
ENDCHAR
STARTCHAR uni03DA
ENCODING 986
SWIDTH 576 0
DWIDTH 9 0
BBX 9 15 0 -3
BITMAP
0000
0000
1E00
2100
4000
4000
4000
4000
4000
4000
3E00
0100
0100
0600
0000
ENDCHAR
STARTCHAR uni03DB
ENCODING 987
SWIDTH 576 0
DWIDTH 9 0
BBX 9 15 0 -3
BITMAP
0000
0000
0000
0000
0100
3E00
4000
4000
4000
4000
4000
3E00
0100
0100
0600
ENDCHAR
STARTCHAR uni03DC
ENCODING 988
SWIDTH 576 0
DWIDTH 9 0
BBX 9 15 0 -3
BITMAP
0000
0000
7F00
4000
4000
4000
7C00
4000
4000
4000
4000
4000
0000
0000
0000
ENDCHAR
STARTCHAR uni03DD
ENCODING 989
SWIDTH 576 0
DWIDTH 9 0
BBX 9 15 0 -3
BITMAP
0000
0000
0000
0000
0000
3E00
2000
2000
2000
3C00
2000
2000
2000
2000
2000
ENDCHAR
STARTCHAR uni03DE
ENCODING 990
SWIDTH 576 0
DWIDTH 9 0
BBX 9 15 0 -3
BITMAP
0000
0000
8000
4000
4200
4600
4A00
5200
6200
4200
0200
0100
0000
0000
0000
ENDCHAR
STARTCHAR uni03DF
ENCODING 991
SWIDTH 576 0
DWIDTH 9 0
BBX 9 15 0 -3
BITMAP
0000
0000
1000
1000
2000
2000
2000
4000
7E00
0200
0400
0400
0400
0800
0800
ENDCHAR
STARTCHAR uni03E0
ENCODING 992
SWIDTH 576 0
DWIDTH 9 0
BBX 9 15 0 -3
BITMAP
0000
0000
0800
1400
1400
1400
2200
2600
2600
4900
4900
4900
0000
0000
0000
ENDCHAR
STARTCHAR uni03E1
ENCODING 993
SWIDTH 576 0
DWIDTH 9 0
BBX 9 15 0 -3
BITMAP
0000
0000
6000
1800
0400
0400
0A00
1200
2500
0900
1100
0100
0100
0100
0100
ENDCHAR
STARTCHAR uni03E2
ENCODING 994
SWIDTH 576 0
DWIDTH 9 0
BBX 9 15 0 -3
BITMAP
0000
0000
4900
4900
4900
4900
4900
4900
4900
3700
0100
3E00
0000
0000
0000
ENDCHAR
STARTCHAR uni03E3
ENCODING 995
SWIDTH 576 0
DWIDTH 9 0
BBX 9 15 0 -3
BITMAP
0000
0000
0000
0000
0000
4900
4900
4900
4900
4900
4900
3700
0100
3E00
0000
ENDCHAR
STARTCHAR uni03E4
ENCODING 996
SWIDTH 576 0
DWIDTH 9 0
BBX 9 15 0 -3
BITMAP
0000
0000
3100
4900
4100
4100
4100
4100
3F00
0100
0100
0100
0000
0000
0000
ENDCHAR
STARTCHAR uni03E5
ENCODING 997
SWIDTH 576 0
DWIDTH 9 0
BBX 9 15 0 -3
BITMAP
0000
0000
1400
2400
2400
2400
2400
1C00
0400
0400
0400
0400
0000
0000
0000
ENDCHAR
STARTCHAR uni03E6
ENCODING 998
SWIDTH 576 0
DWIDTH 9 0
BBX 9 15 0 -3
BITMAP
0000
0000
7000
2000
2000
2000
3C00
2200
2100
2100
2100
7100
0200
1C00
0000
ENDCHAR
STARTCHAR uni03E7
ENCODING 999
SWIDTH 576 0
DWIDTH 9 0
BBX 9 15 0 -3
BITMAP
0000
0000
0000
0000
1000
1000
3E00
5100
2100
0100
4100
3E00
0000
0000
0000
ENDCHAR
STARTCHAR uni03E8
ENCODING 1000
SWIDTH 576 0
DWIDTH 9 0
BBX 9 15 0 -3
BITMAP
0000
0000
3E00
4100
4100
2100
0200
1C00
2000
4100
4100
3E00
0000
0000
0000
ENDCHAR
STARTCHAR uni03E9
ENCODING 1001
SWIDTH 576 0
DWIDTH 9 0
BBX 9 15 0 -3
BITMAP
0000
0000
3C00
4200
4200
4200
2400
1800
3000
4000
4000
3E00
0000
0000
0000
ENDCHAR
STARTCHAR uni03EA
ENCODING 1002
SWIDTH 576 0
DWIDTH 9 0
BBX 9 15 0 -3
BITMAP
0000
0000
6300
1400
0800
0800
1400
1400
2200
2200
4100
7F00
0000
0000
0000
ENDCHAR
STARTCHAR uni03EB
ENCODING 1003
SWIDTH 576 0
DWIDTH 9 0
BBX 9 15 0 -3
BITMAP
0000
0000
0000
0000
6300
1400
0800
0800
1400
1400
2200
3E00
0000
0000
0000
ENDCHAR
STARTCHAR uni03EC
ENCODING 1004
SWIDTH 576 0
DWIDTH 9 0
BBX 9 15 0 -3
BITMAP
0000
0000
3E00
4000
5E00
6100
4100
4100
4100
4100
2100
1E00
0000
0000
0000
ENDCHAR
STARTCHAR uni03ED
ENCODING 1005
SWIDTH 576 0
DWIDTH 9 0
BBX 9 15 0 -3
BITMAP
0000
0000
0000
0000
0000
3F00
4000
5E00
4100
4100
4100
3E00
0000
0000
0000
ENDCHAR
STARTCHAR uni03EE
ENCODING 1006
SWIDTH 576 0
DWIDTH 9 0
BBX 9 15 0 -3
BITMAP
0000
0000
1C00
0800
7F00
4900
0800
0800
0800
0800
0800
0800
0000
0000
0000
ENDCHAR
STARTCHAR uni03EF
ENCODING 1007
SWIDTH 576 0
DWIDTH 9 0
BBX 9 15 0 -3
BITMAP
0000
0000
0000
0000
0800
0900
7F00
4800
0800
0800
0800
0800
0000
0000
0000
ENDCHAR
STARTCHAR uni03F0
ENCODING 1008
SWIDTH 576 0
DWIDTH 9 0
BBX 9 15 0 -3
BITMAP
0000
0000
0000
0000
0000
6100
1200
1400
1800
1400
2400
4300
0000
0000
0000
ENDCHAR
STARTCHAR uni03F1
ENCODING 1009
SWIDTH 576 0
DWIDTH 9 0
BBX 9 15 0 -3
BITMAP
0000
0000
0000
0000
0000
3E00
4100
4100
4100
4100
6100
5E00
4000
2000
1E00
ENDCHAR
STARTCHAR uni03F2
ENCODING 1010
SWIDTH 576 0
DWIDTH 9 0
BBX 9 15 0 -3
BITMAP
0000
0000
0000
0000
0000
3E00
4100
4000
4000
4000
4100
3E00
0000
0000
0000
ENDCHAR
STARTCHAR uni03F3
ENCODING 1011
SWIDTH 576 0
DWIDTH 9 0
BBX 9 15 0 -3
BITMAP
0000
0000
0600
0000
0000
0E00
0200
0200
0200
0200
0200
4200
4200
4200
3C00
ENDCHAR
STARTCHAR uni03F4
ENCODING 1012
SWIDTH 576 0
DWIDTH 9 0
BBX 9 15 0 -3
BITMAP
0000
0000
3E00
4100
4100
4100
7F00
4100
4100
4100
4100
3E00
0000
0000
0000
ENDCHAR
STARTCHAR uni03F5
ENCODING 1013
SWIDTH 576 0
DWIDTH 9 0
BBX 9 15 0 -3
BITMAP
0000
0000
0000
0000
0000
3E00
4000
4000
7C00
4000
4000
3E00
0000
0000
0000
ENDCHAR
STARTCHAR uni03F6
ENCODING 1014
SWIDTH 576 0
DWIDTH 9 0
BBX 9 15 0 -3
BITMAP
0000
0000
0000
0000
0000
7C00
0200
0200
3E00
0200
0200
7C00
0000
0000
0000
ENDCHAR
STARTCHAR uni0400
ENCODING 1024
SWIDTH 576 0
DWIDTH 9 0
BBX 9 15 0 -3
BITMAP
1000
0800
0400
0000
7F00
4000
4000
7C00
4000
4000
4000
7F00
0000
0000
0000
ENDCHAR
STARTCHAR afii10023
ENCODING 1025
SWIDTH 576 0
DWIDTH 9 0
BBX 9 15 0 -3
BITMAP
0000
2200
2200
0000
7F00
4000
4000
7C00
4000
4000
4000
7F00
0000
0000
0000
ENDCHAR
STARTCHAR afii10051
ENCODING 1026
SWIDTH 576 0
DWIDTH 9 0
BBX 9 15 0 -3
BITMAP
0000
0000
7E00
1000
1000
1000
1E00
1100
1100
1100
1100
1100
0100
0600
0000
ENDCHAR
STARTCHAR afii10052
ENCODING 1027
SWIDTH 576 0
DWIDTH 9 0
BBX 9 15 0 -3
BITMAP
0200
0400
0800
0000
7F00
4000
4000
4000
4000
4000
4000
4000
0000
0000
0000
ENDCHAR
STARTCHAR afii10053
ENCODING 1028
SWIDTH 576 0
DWIDTH 9 0
BBX 9 15 0 -3
BITMAP
0000
0000
0000
1E00
2100
4000
4000
7800
4000
4000
2100
1E00
0000
0000
0000
ENDCHAR
STARTCHAR afii10054
ENCODING 1029
SWIDTH 576 0
DWIDTH 9 0
BBX 9 15 0 -3
BITMAP
0000
0000
3E00
4100
4100
4000
3800
0600
0100
4100
4100
3E00
0000
0000
0000
ENDCHAR
STARTCHAR afii10055
ENCODING 1030
SWIDTH 576 0
DWIDTH 9 0
BBX 9 15 0 -3
BITMAP
0000
0000
3E00
0800
0800
0800
0800
0800
0800
0800
0800
3E00
0000
0000
0000
ENDCHAR
STARTCHAR afii10056
ENCODING 1031
SWIDTH 576 0
DWIDTH 9 0
BBX 9 15 0 -3
BITMAP
0000
2200
2200
0000
3E00
0800
0800
0800
0800
0800
0800
3E00
0000
0000
0000
ENDCHAR
STARTCHAR afii10057
ENCODING 1032
SWIDTH 576 0
DWIDTH 9 0
BBX 9 15 0 -3
BITMAP
0000
0000
0F00
0200
0200
0200
0200
0200
0200
0200
4200
3C00
0000
0000
0000
ENDCHAR
STARTCHAR afii10058
ENCODING 1033
SWIDTH 576 0
DWIDTH 9 0
BBX 9 15 0 -3
BITMAP
0000
0000
F800
4800
4800
4800
4E00
8900
8900
8900
8900
8E00
0000
0000
0000
ENDCHAR
STARTCHAR afii10059
ENCODING 1034
SWIDTH 576 0
DWIDTH 9 0
BBX 9 15 0 -3
BITMAP
0000
0000
8800
8800
8800
8800
FE00
8900
8900
8900
8900
8E00
0000
0000
0000
ENDCHAR
STARTCHAR afii10060
ENCODING 1035
SWIDTH 576 0
DWIDTH 9 0
BBX 9 15 0 -3
BITMAP
0000
0000
7E00
1000
1000
1000
1E00
1100
1100
1100
1100
1100
0000
0000
0000
ENDCHAR
STARTCHAR afii10061
ENCODING 1036
SWIDTH 576 0
DWIDTH 9 0
BBX 9 15 0 -3
BITMAP
0400
0800
1000
0000
4200
4400
4800
7000
5000
4800
4400
4200
0000
0000
0000
ENDCHAR
STARTCHAR uni040D
ENCODING 1037
SWIDTH 576 0
DWIDTH 9 0
BBX 9 15 0 -3
BITMAP
0000
2000
1000
0800
4100
4300
4500
4900
5100
6100
4100
4100
0000
0000
0000
ENDCHAR
STARTCHAR afii10062
ENCODING 1038
SWIDTH 576 0
DWIDTH 9 0
BBX 9 15 0 -3
BITMAP
0000
2200
1C00
0000
4100
4100
4100
4300
3D00
0100
4100
3E00
0000
0000
0000
ENDCHAR
STARTCHAR afii10145
ENCODING 1039
SWIDTH 576 0
DWIDTH 9 0
BBX 9 15 0 -3
BITMAP
0000
0000
4100
4100
4100
4100
4100
4100
4100
4100
4100
7F00
0800
0800
0000
ENDCHAR
STARTCHAR afii10017
ENCODING 1040
SWIDTH 576 0
DWIDTH 9 0
BBX 9 15 0 -3
BITMAP
0000
0000
0800
1400
2200
4100
4100
4100
7F00
4100
4100
4100
0000
0000
0000
ENDCHAR
STARTCHAR afii10018
ENCODING 1041
SWIDTH 576 0
DWIDTH 9 0
BBX 9 15 0 -3
BITMAP
0000
0000
7E00
4000
4000
4000
7E00
4100
4100
4100
4100
7E00
0000
0000
0000
ENDCHAR
STARTCHAR afii10019
ENCODING 1042
SWIDTH 576 0
DWIDTH 9 0
BBX 9 15 0 -3
BITMAP
0000
0000
7C00
4200
4100
4200
7C00
4200
4100
4100
4200
7C00
0000
0000
0000
ENDCHAR
STARTCHAR afii10020
ENCODING 1043
SWIDTH 576 0
DWIDTH 9 0
BBX 9 15 0 -3
BITMAP
0000
0000
7F00
4000
4000
4000
4000
4000
4000
4000
4000
4000
0000
0000
0000
ENDCHAR
STARTCHAR afii10021
ENCODING 1044
SWIDTH 576 0
DWIDTH 9 0
BBX 9 15 0 -3
BITMAP
0000
0000
1E00
1200
1200
1200
1200
2200
2200
2200
2200
7F00
4100
0000
0000
ENDCHAR
STARTCHAR afii10022
ENCODING 1045
SWIDTH 576 0
DWIDTH 9 0
BBX 9 15 0 -3
BITMAP
0000
0000
7F00
4000
4000
4000
7C00
4000
4000
4000
4000
7F00
0000
0000
0000
ENDCHAR
STARTCHAR afii10024
ENCODING 1046
SWIDTH 576 0
DWIDTH 9 0
BBX 9 15 0 -3
BITMAP
0000
0000
4900
4900
2A00
2A00
1C00
2A00
2A00
4900
4900
4900
0000
0000
0000
ENDCHAR
STARTCHAR afii10025
ENCODING 1047
SWIDTH 576 0
DWIDTH 9 0
BBX 9 15 0 -3
BITMAP
0000
0000
3E00
4100
0100
0100
0E00
0100
0100
0100
4100
3E00
0000
0000
0000
ENDCHAR
STARTCHAR afii10026
ENCODING 1048
SWIDTH 576 0
DWIDTH 9 0
BBX 9 15 0 -3
BITMAP
0000
0000
4100
4100
4300
4500
4900
5100
6100
4100
4100
4100
0000
0000
0000
ENDCHAR
STARTCHAR afii10027
ENCODING 1049
SWIDTH 576 0
DWIDTH 9 0
BBX 9 15 0 -3
BITMAP
0000
2200
1C00
0000
4100
4300
4500
4900
5100
6100
4100
4100
0000
0000
0000
ENDCHAR
STARTCHAR afii10028
ENCODING 1050
SWIDTH 576 0
DWIDTH 9 0
BBX 9 15 0 -3
BITMAP
0000
0000
4100
4200
4400
4800
7000
5000
4800
4400
4200
4100
0000
0000
0000
ENDCHAR
STARTCHAR afii10029
ENCODING 1051
SWIDTH 576 0
DWIDTH 9 0
BBX 9 15 0 -3
BITMAP
0000
0000
3F00
2100
2100
2100
2100
2100
2100
2100
2100
4100
0000
0000
0000
ENDCHAR
STARTCHAR afii10030
ENCODING 1052
SWIDTH 576 0
DWIDTH 9 0
BBX 9 15 0 -3
BITMAP
0000
0000
4100
4100
6300
5500
5500
4900
4900
4100
4100
4100
0000
0000
0000
ENDCHAR
STARTCHAR afii10031
ENCODING 1053
SWIDTH 576 0
DWIDTH 9 0
BBX 9 15 0 -3
BITMAP
0000
0000
4100
4100
4100
4100
7F00
4100
4100
4100
4100
4100
0000
0000
0000
ENDCHAR
STARTCHAR afii10032
ENCODING 1054
SWIDTH 576 0
DWIDTH 9 0
BBX 9 15 0 -3
BITMAP
0000
0000
3E00
4100
4100
4100
4100
4100
4100
4100
4100
3E00
0000
0000
0000
ENDCHAR
STARTCHAR afii10033
ENCODING 1055
SWIDTH 576 0
DWIDTH 9 0
BBX 9 15 0 -3
BITMAP
0000
0000
7F00
4100
4100
4100
4100
4100
4100
4100
4100
4100
0000
0000
0000
ENDCHAR
STARTCHAR afii10034
ENCODING 1056
SWIDTH 576 0
DWIDTH 9 0
BBX 9 15 0 -3
BITMAP
0000
0000
7E00
4100
4100
4100
7E00
4000
4000
4000
4000
4000
0000
0000
0000
ENDCHAR
STARTCHAR afii10035
ENCODING 1057
SWIDTH 576 0
DWIDTH 9 0
BBX 9 15 0 -3
BITMAP
0000
0000
3E00
4100
4000
4000
4000
4000
4000
4000
4100
3E00
0000
0000
0000
ENDCHAR
STARTCHAR afii10036
ENCODING 1058
SWIDTH 576 0
DWIDTH 9 0
BBX 9 15 0 -3
BITMAP
0000
0000
7F00
0800
0800
0800
0800
0800
0800
0800
0800
0800
0000
0000
0000
ENDCHAR
STARTCHAR afii10037
ENCODING 1059
SWIDTH 576 0
DWIDTH 9 0
BBX 9 15 0 -3
BITMAP
0000
0000
4100
4100
4100
4100
4100
4300
3D00
0100
4100
3E00
0000
0000
0000
ENDCHAR
STARTCHAR afii10038
ENCODING 1060
SWIDTH 576 0
DWIDTH 9 0
BBX 9 15 0 -3
BITMAP
0000
0000
0800
3E00
4900
4900
4900
4900
4900
4900
3E00
0800
0000
0000
0000
ENDCHAR
STARTCHAR afii10039
ENCODING 1061
SWIDTH 576 0
DWIDTH 9 0
BBX 9 15 0 -3
BITMAP
0000
0000
4100
4100
2200
1400
0800
0800
1400
2200
4100
4100
0000
0000
0000
ENDCHAR
STARTCHAR afii10040
ENCODING 1062
SWIDTH 576 0
DWIDTH 9 0
BBX 9 15 0 -3
BITMAP
0000
0000
4200
4200
4200
4200
4200
4200
4200
4200
4200
7F00
0100
0100
0000
ENDCHAR
STARTCHAR afii10041
ENCODING 1063
SWIDTH 576 0
DWIDTH 9 0
BBX 9 15 0 -3
BITMAP
0000
0000
4100
4100
4100
4100
4100
3F00
0100
0100
0100
0100
0000
0000
0000
ENDCHAR
STARTCHAR afii10042
ENCODING 1064
SWIDTH 576 0
DWIDTH 9 0
BBX 9 15 0 -3
BITMAP
0000
0000
4900
4900
4900
4900
4900
4900
4900
4900
4900
7F00
0000
0000
0000
ENDCHAR
STARTCHAR afii10043
ENCODING 1065
SWIDTH 576 0
DWIDTH 9 0
BBX 9 15 0 -3
BITMAP
0000
0000
4900
4900
4900
4900
4900
4900
4900
4900
4900
7F00
0100
0100
0000
ENDCHAR
STARTCHAR afii10044
ENCODING 1066
SWIDTH 576 0
DWIDTH 9 0
BBX 9 15 0 -3
BITMAP
0000
0000
7000
1000
1000
1000
1E00
1100
1100
1100
1100
1E00
0000
0000
0000
ENDCHAR
STARTCHAR afii10045
ENCODING 1067
SWIDTH 576 0
DWIDTH 9 0
BBX 9 15 0 -3
BITMAP
0000
0000
4100
4100
4100
4100
7900
4500
4500
4500
4500
7900
0000
0000
0000
ENDCHAR
STARTCHAR afii10046
ENCODING 1068
SWIDTH 576 0
DWIDTH 9 0
BBX 9 15 0 -3
BITMAP
0000
0000
4000
4000
4000
4000
7E00
4100
4100
4100
4100
7E00
0000
0000
0000
ENDCHAR
STARTCHAR afii10047
ENCODING 1069
SWIDTH 576 0
DWIDTH 9 0
BBX 9 15 0 -3
BITMAP
0000
0000
0000
3C00
4200
0100
0100
0F00
0100
0100
4200
3C00
0000
0000
0000
ENDCHAR
STARTCHAR afii10048
ENCODING 1070
SWIDTH 576 0
DWIDTH 9 0
BBX 9 15 0 -3
BITMAP
0000
0000
4E00
5100
5100
5100
7100
5100
5100
5100
5100
4E00
0000
0000
0000
ENDCHAR
STARTCHAR afii10049
ENCODING 1071
SWIDTH 576 0
DWIDTH 9 0
BBX 9 15 0 -3
BITMAP
0000
0000
3F00
4100
4100
4100
3F00
0900
1100
2100
4100
4100
0000
0000
0000
ENDCHAR
STARTCHAR afii10065
ENCODING 1072
SWIDTH 576 0
DWIDTH 9 0
BBX 9 15 0 -3
BITMAP
0000
0000
0000
0000
0000
3E00
0100
0100
3F00
4100
4300
3D00
0000
0000
0000
ENDCHAR
STARTCHAR afii10066
ENCODING 1073
SWIDTH 576 0
DWIDTH 9 0
BBX 9 15 0 -3
BITMAP
0000
0000
0100
3E00
4000
5E00
6100
4100
4100
4100
4100
3E00
0000
0000
0000
ENDCHAR
STARTCHAR afii10067
ENCODING 1074
SWIDTH 576 0
DWIDTH 9 0
BBX 9 15 0 -3
BITMAP
0000
0000
0000
0000
0000
7E00
4100
4100
7E00
4100
4100
7E00
0000
0000
0000
ENDCHAR
STARTCHAR afii10068
ENCODING 1075
SWIDTH 576 0
DWIDTH 9 0
BBX 9 15 0 -3
BITMAP
0000
0000
0000
0000
0000
7F00
4000
4000
4000
4000
4000
4000
0000
0000
0000
ENDCHAR
STARTCHAR afii10069
ENCODING 1076
SWIDTH 576 0
DWIDTH 9 0
BBX 9 15 0 -3
BITMAP
0000
0000
0000
0000
0000
1E00
1200
1200
1200
2200
2200
7F00
4100
0000
0000
ENDCHAR
STARTCHAR afii10070
ENCODING 1077
SWIDTH 576 0
DWIDTH 9 0
BBX 9 15 0 -3
BITMAP
0000
0000
0000
0000
0000
3E00
4100
4100
7F00
4000
4000
3E00
0000
0000
0000
ENDCHAR
STARTCHAR afii10072
ENCODING 1078
SWIDTH 576 0
DWIDTH 9 0
BBX 9 15 0 -3
BITMAP
0000
0000
0000
0000
0000
4900
4900
2A00
1C00
2A00
4900
4900
0000
0000
0000
ENDCHAR
STARTCHAR afii10073
ENCODING 1079
SWIDTH 576 0
DWIDTH 9 0
BBX 9 15 0 -3
BITMAP
0000
0000
0000
0000
0000
3E00
4100
0100
0E00
0100
4100
3E00
0000
0000
0000
ENDCHAR
STARTCHAR afii10074
ENCODING 1080
SWIDTH 576 0
DWIDTH 9 0
BBX 9 15 0 -3
BITMAP
0000
0000
0000
0000
0000
4100
4300
4500
4900
5100
6100
4100
0000
0000
0000
ENDCHAR
STARTCHAR afii10075
ENCODING 1081
SWIDTH 576 0
DWIDTH 9 0
BBX 9 15 0 -3
BITMAP
0000
0000
2200
1C00
0000
4100
4300
4500
4900
5100
6100
4100
0000
0000
0000
ENDCHAR
STARTCHAR afii10076
ENCODING 1082
SWIDTH 576 0
DWIDTH 9 0
BBX 9 15 0 -3
BITMAP
0000
0000
0000
0000
0000
4100
4200
4400
7800
4400
4200
4100
0000
0000
0000
ENDCHAR
STARTCHAR afii10077
ENCODING 1083
SWIDTH 576 0
DWIDTH 9 0
BBX 9 15 0 -3
BITMAP
0000
0000
0000
0000
0000
1F00
1100
1100
1100
1100
1100
6100
0000
0000
0000
ENDCHAR
STARTCHAR afii10078
ENCODING 1084
SWIDTH 576 0
DWIDTH 9 0
BBX 9 15 0 -3
BITMAP
0000
0000
0000
0000
0000
4100
6300
5500
4900
4100
4100
4100
0000
0000
0000
ENDCHAR
STARTCHAR afii10079
ENCODING 1085
SWIDTH 576 0
DWIDTH 9 0
BBX 9 15 0 -3
BITMAP
0000
0000
0000
0000
0000
4100
4100
4100
7F00
4100
4100
4100
0000
0000
0000
ENDCHAR
STARTCHAR afii10080
ENCODING 1086
SWIDTH 576 0
DWIDTH 9 0
BBX 9 15 0 -3
BITMAP
0000
0000
0000
0000
0000
3E00
4100
4100
4100
4100
4100
3E00
0000
0000
0000
ENDCHAR
STARTCHAR afii10081
ENCODING 1087
SWIDTH 576 0
DWIDTH 9 0
BBX 9 15 0 -3
BITMAP
0000
0000
0000
0000
0000
7F00
4100
4100
4100
4100
4100
4100
0000
0000
0000
ENDCHAR
STARTCHAR afii10082
ENCODING 1088
SWIDTH 576 0
DWIDTH 9 0
BBX 9 15 0 -3
BITMAP
0000
0000
0000
0000
0000
5E00
6100
4100
4100
4100
6100
5E00
4000
4000
4000
ENDCHAR
STARTCHAR afii10083
ENCODING 1089
SWIDTH 576 0
DWIDTH 9 0
BBX 9 15 0 -3
BITMAP
0000
0000
0000
0000
0000
3E00
4100
4000
4000
4000
4100
3E00
0000
0000
0000
ENDCHAR
STARTCHAR afii10084
ENCODING 1090
SWIDTH 576 0
DWIDTH 9 0
BBX 9 15 0 -3
BITMAP
0000
0000
0000
0000
0000
7F00
0800
0800
0800
0800
0800
0800
0000
0000
0000
ENDCHAR
STARTCHAR afii10085
ENCODING 1091
SWIDTH 576 0
DWIDTH 9 0
BBX 9 15 0 -3
BITMAP
0000
0000
0000
0000
0000
4100
4100
4100
4100
4100
4300
3D00
0100
4100
3E00
ENDCHAR
STARTCHAR afii10086
ENCODING 1092
SWIDTH 576 0
DWIDTH 9 0
BBX 9 15 0 -3
BITMAP
0000
0000
0800
0800
0800
3E00
4900
4900
4900
4900
4900
3E00
0800
0800
0800
ENDCHAR
STARTCHAR afii10087
ENCODING 1093
SWIDTH 576 0
DWIDTH 9 0
BBX 9 15 0 -3
BITMAP
0000
0000
0000
0000
0000
4100
2200
1400
0800
1400
2200
4100
0000
0000
0000
ENDCHAR
STARTCHAR afii10088
ENCODING 1094
SWIDTH 576 0
DWIDTH 9 0
BBX 9 15 0 -3
BITMAP
0000
0000
0000
0000
0000
4200
4200
4200
4200
4200
4200
7F00
0100
0100
0000
ENDCHAR
STARTCHAR afii10089
ENCODING 1095
SWIDTH 576 0
DWIDTH 9 0
BBX 9 15 0 -3
BITMAP
0000
0000
0000
0000
0000
4100
4100
4100
3F00
0100
0100
0100
0000
0000
0000
ENDCHAR
STARTCHAR afii10090
ENCODING 1096
SWIDTH 576 0
DWIDTH 9 0
BBX 9 15 0 -3
BITMAP
0000
0000
0000
0000
0000
4900
4900
4900
4900
4900
4900
7F00
0000
0000
0000
ENDCHAR
STARTCHAR afii10091
ENCODING 1097
SWIDTH 576 0
DWIDTH 9 0
BBX 9 15 0 -3
BITMAP
0000
0000
0000
0000
0000
4900
4900
4900
4900
4900
4900
7F00
0100
0100
0000
ENDCHAR
STARTCHAR afii10092
ENCODING 1098
SWIDTH 576 0
DWIDTH 9 0
BBX 9 15 0 -3
BITMAP
0000
0000
0000
0000
0000
7000
1000
1000
1E00
1100
1100
1E00
0000
0000
0000
ENDCHAR
STARTCHAR afii10093
ENCODING 1099
SWIDTH 576 0
DWIDTH 9 0
BBX 9 15 0 -3
BITMAP
0000
0000
0000
0000
0000
4100
4100
4100
7900
4500
4500
7900
0000
0000
0000
ENDCHAR
STARTCHAR afii10094
ENCODING 1100
SWIDTH 576 0
DWIDTH 9 0
BBX 9 15 0 -3
BITMAP
0000
0000
0000
0000
0000
4000
4000
4000
7E00
4100
4100
7E00
0000
0000
0000
ENDCHAR
STARTCHAR afii10095
ENCODING 1101
SWIDTH 576 0
DWIDTH 9 0
BBX 9 15 0 -3
BITMAP
0000
0000
0000
0000
0000
3E00
4100
0100
0F00
0100
4100
3E00
0000
0000
0000
ENDCHAR
STARTCHAR afii10096
ENCODING 1102
SWIDTH 576 0
DWIDTH 9 0
BBX 9 15 0 -3
BITMAP
0000
0000
0000
0000
0000
4E00
5100
5100
7100
5100
5100
4E00
0000
0000
0000
ENDCHAR
STARTCHAR afii10097
ENCODING 1103
SWIDTH 576 0
DWIDTH 9 0
BBX 9 15 0 -3
BITMAP
0000
0000
0000
0000
0000
3F00
4100
4100
3F00
1100
2100
4100
0000
0000
0000
ENDCHAR
STARTCHAR uni0450
ENCODING 1104
SWIDTH 576 0
DWIDTH 9 0
BBX 9 15 0 -3
BITMAP
0000
2000
1000
0800
0000
3E00
4100
4100
7F00
4000
4000
3E00
0000
0000
0000
ENDCHAR
STARTCHAR afii10071
ENCODING 1105
SWIDTH 576 0
DWIDTH 9 0
BBX 9 15 0 -3
BITMAP
0000
0000
2200
2200
0000
3E00
4100
4100
7F00
4000
4000
3E00
0000
0000
0000
ENDCHAR
STARTCHAR afii10099
ENCODING 1106
SWIDTH 576 0
DWIDTH 9 0
BBX 9 15 0 -3
BITMAP
0000
0000
2000
7C00
2000
2E00
3100
2100
2100
2100
2100
2100
0100
0E00
0000
ENDCHAR
STARTCHAR afii10100
ENCODING 1107
SWIDTH 576 0
DWIDTH 9 0
BBX 9 15 0 -3
BITMAP
0000
0200
0400
0800
0000
7F00
4000
4000
4000
4000
4000
4000
0000
0000
0000
ENDCHAR
STARTCHAR afii10101
ENCODING 1108
SWIDTH 576 0
DWIDTH 9 0
BBX 9 15 0 -3
BITMAP
0000
0000
0000
0000
0000
3E00
4100
4000
7800
4000
4100
3E00
0000
0000
0000
ENDCHAR
STARTCHAR afii10102
ENCODING 1109
SWIDTH 576 0
DWIDTH 9 0
BBX 9 15 0 -3
BITMAP
0000
0000
0000
0000
0000
3E00
4100
4000
3E00
0100
4100
3E00
0000
0000
0000
ENDCHAR
STARTCHAR afii10103
ENCODING 1110
SWIDTH 576 0
DWIDTH 9 0
BBX 9 15 0 -3
BITMAP
0000
0000
0000
1800
0000
3800
0800
0800
0800
0800
0800
3E00
0000
0000
0000
ENDCHAR
STARTCHAR afii10104
ENCODING 1111
SWIDTH 576 0
DWIDTH 9 0
BBX 9 15 0 -3
BITMAP
0000
0000
2400
2400
0000
3800
0800
0800
0800
0800
0800
3E00
0000
0000
0000
ENDCHAR
STARTCHAR afii10105
ENCODING 1112
SWIDTH 576 0
DWIDTH 9 0
BBX 9 15 0 -3
BITMAP
0000
0000
0000
0600
0000
0E00
0200
0200
0200
0200
0200
4200
4200
4200
3C00
ENDCHAR
STARTCHAR afii10106
ENCODING 1113
SWIDTH 576 0
DWIDTH 9 0
BBX 9 15 0 -3
BITMAP
0000
0000
0000
0000
0000
7800
4800
4800
4E00
4900
4900
8E00
0000
0000
0000
ENDCHAR
STARTCHAR afii10107
ENCODING 1114
SWIDTH 576 0
DWIDTH 9 0
BBX 9 15 0 -3
BITMAP
0000
0000
0000
0000
0000
4800
4800
4800
7E00
4900
4900
4E00
0000
0000
0000
ENDCHAR
STARTCHAR afii10108
ENCODING 1115
SWIDTH 576 0
DWIDTH 9 0
BBX 9 15 0 -3
BITMAP
0000
0000
2000
7C00
2000
2E00
3100
2100
2100
2100
2100
2100
0000
0000
0000
ENDCHAR
STARTCHAR afii10109
ENCODING 1116
SWIDTH 576 0
DWIDTH 9 0
BBX 9 15 0 -3
BITMAP
0000
0000
0200
0400
0800
4100
4200
4400
7800
4400
4200
4100
0000
0000
0000
ENDCHAR
STARTCHAR uni045D
ENCODING 1117
SWIDTH 576 0
DWIDTH 9 0
BBX 9 15 0 -3
BITMAP
0000
0000
2000
1000
0800
4100
4300
4500
4900
5100
6100
4100
0000
0000
0000
ENDCHAR
STARTCHAR afii10110
ENCODING 1118
SWIDTH 576 0
DWIDTH 9 0
BBX 9 15 0 -3
BITMAP
0000
0000
2200
1C00
0000
4100
4100
4100
4100
4100
4300
3D00
0100
4100
3E00
ENDCHAR
STARTCHAR afii10193
ENCODING 1119
SWIDTH 576 0
DWIDTH 9 0
BBX 9 15 0 -3
BITMAP
0000
0000
0000
0000
0000
4100
4100
4100
4100
4100
4100
7F00
0800
0800
0000
ENDCHAR
STARTCHAR uni0460
ENCODING 1120
SWIDTH 576 0
DWIDTH 9 0
BBX 9 15 0 -3
BITMAP
0000
0000
3600
4100
4100
4900
4900
4900
4900
4900
4900
3600
0000
0000
0000
ENDCHAR
STARTCHAR uni0461
ENCODING 1121
SWIDTH 576 0
DWIDTH 9 0
BBX 9 15 0 -3
BITMAP
0000
0000
0000
0000
0000
3600
4100
4100
4900
4900
4900
3600
0000
0000
0000
ENDCHAR
STARTCHAR afii10146
ENCODING 1122
SWIDTH 576 0
DWIDTH 9 0
BBX 9 15 0 -3
BITMAP
0000
0000
1000
7C00
1000
1000
1E00
1100
1100
1100
1100
1E00
0000
0000
0000
ENDCHAR
STARTCHAR afii10194
ENCODING 1123
SWIDTH 576 0
DWIDTH 9 0
BBX 9 15 0 -3
BITMAP
0000
0000
1000
1000
1000
7C00
1000
1000
1E00
1100
1100
1E00
0000
0000
0000
ENDCHAR
STARTCHAR uni0464
ENCODING 1124
SWIDTH 576 0
DWIDTH 9 0
BBX 9 15 0 -3
BITMAP
0000
0000
4E00
5100
5000
5000
7C00
5000
5000
5000
5100
4E00
0000
0000
0000
ENDCHAR
STARTCHAR uni0465
ENCODING 1125
SWIDTH 576 0
DWIDTH 9 0
BBX 9 15 0 -3
BITMAP
0000
0000
0000
0000
0000
4E00
5100
5000
7C00
5000
5100
4E00
0000
0000
0000
ENDCHAR
STARTCHAR uni0466
ENCODING 1126
SWIDTH 576 0
DWIDTH 9 0
BBX 9 15 0 -3
BITMAP
0000
0000
0800
1400
1400
1400
2200
3E00
2A00
4900
4900
5D00
0000
0000
0000
ENDCHAR
STARTCHAR uni0467
ENCODING 1127
SWIDTH 576 0
DWIDTH 9 0
BBX 9 15 0 -3
BITMAP
0000
0000
0000
0000
0000
0800
1400
1400
2200
3E00
2A00
5D00
0000
0000
0000
ENDCHAR
STARTCHAR uni0468
ENCODING 1128
SWIDTH 576 0
DWIDTH 9 0
BBX 9 15 0 -3
BITMAP
0000
0000
4400
4A00
4A00
4A00
5100
7F00
5500
5500
5500
5500
0000
0000
0000
ENDCHAR
STARTCHAR uni0469
ENCODING 1129
SWIDTH 576 0
DWIDTH 9 0
BBX 9 15 0 -3
BITMAP
0000
0000
0000
0000
0000
4400
4A00
4A00
5100
7F00
5500
5500
0000
0000
0000
ENDCHAR
STARTCHAR uni046A
ENCODING 1130
SWIDTH 576 0
DWIDTH 9 0
BBX 9 15 0 -3
BITMAP
0000
0000
7F00
2200
1400
1400
0800
3E00
4900
4900
4900
4900
0000
0000
0000
ENDCHAR
STARTCHAR uni046B
ENCODING 1131
SWIDTH 576 0
DWIDTH 9 0
BBX 9 15 0 -3
BITMAP
0000
0000
0000
0000
0000
7F00
2200
1400
0800
3E00
4900
4900
0000
0000
0000
ENDCHAR
STARTCHAR uni046C
ENCODING 1132
SWIDTH 576 0
DWIDTH 9 0
BBX 9 15 0 -3
BITMAP
0000
0000
5F00
5100
4A00
4A00
7C00
4E00
5500
5500
5500
5500
0000
0000
0000
ENDCHAR
STARTCHAR uni046D
ENCODING 1133
SWIDTH 576 0
DWIDTH 9 0
BBX 9 15 0 -3
BITMAP
0000
0000
0000
0000
0000
5F00
5100
4A00
7C00
4E00
5500
5500
0000
0000
0000
ENDCHAR
STARTCHAR uni046E
ENCODING 1134
SWIDTH 576 0
DWIDTH 9 0
BBX 9 15 0 -3
BITMAP
2200
1400
0800
0000
3E00
4100
0100
0100
0E00
0100
0100
3E00
4000
4000
3E00
ENDCHAR
STARTCHAR uni046F
ENCODING 1135
SWIDTH 576 0
DWIDTH 9 0
BBX 9 15 0 -3
BITMAP
0000
2200
1400
0800
0000
3E00
4100
0100
0E00
0100
0100
3E00
4000
4000
3E00
ENDCHAR
STARTCHAR uni0470
ENCODING 1136
SWIDTH 576 0
DWIDTH 9 0
BBX 9 15 0 -3
BITMAP
0000
0000
4900
4900
4900
4900
4900
4900
3E00
0800
0800
0800
0000
0000
0000
ENDCHAR
STARTCHAR uni0471
ENCODING 1137
SWIDTH 576 0
DWIDTH 9 0
BBX 9 15 0 -3
BITMAP
0000
0000
0000
0000
0000
4900
4900
4900
4900
4900
4900
3E00
0800
0800
0800
ENDCHAR
STARTCHAR afii10147
ENCODING 1138
SWIDTH 576 0
DWIDTH 9 0
BBX 9 15 0 -3
BITMAP
0000
0000
3E00
4100
4100
4100
7F00
4100
4100
4100
4100
3E00
0000
0000
0000
ENDCHAR
STARTCHAR afii10195
ENCODING 1139
SWIDTH 576 0
DWIDTH 9 0
BBX 9 15 0 -3
BITMAP
0000
0000
0000
0000
0000
3E00
4100
4100
7F00
4100
4100
3E00
0000
0000
0000
ENDCHAR
STARTCHAR afii10148
ENCODING 1140
SWIDTH 576 0
DWIDTH 9 0
BBX 9 15 0 -3
BITMAP
0000
0000
4100
4200
4200
2400
2400
2400
1400
1400
1400
0800
0000
0000
0000
ENDCHAR
STARTCHAR afii10196
ENCODING 1141
SWIDTH 576 0
DWIDTH 9 0
BBX 9 15 0 -3
BITMAP
0000
0000
0000
0000
0000
4100
4200
2400
2400
1400
1400
0800
0000
0000
0000
ENDCHAR
STARTCHAR uni0476
ENCODING 1142
SWIDTH 576 0
DWIDTH 9 0
BBX 9 15 0 -3
BITMAP
0000
2400
1200
0000
4100
4200
2200
2400
2400
1400
1400
0800
0000
0000
0000
ENDCHAR
STARTCHAR uni0477
ENCODING 1143
SWIDTH 576 0
DWIDTH 9 0
BBX 9 15 0 -3
BITMAP
0000
0000
2400
1200
0000
4100
4200
2400
2400
1400
1400
0800
0000
0000
0000
ENDCHAR
STARTCHAR uni0478
ENCODING 1144
SWIDTH 576 0
DWIDTH 9 0
BBX 9 15 0 -3
BITMAP
0000
0000
2000
5000
5000
5500
5500
5500
5500
5500
5500
2300
0100
0500
0200
ENDCHAR
STARTCHAR uni0479
ENCODING 1145
SWIDTH 576 0
DWIDTH 9 0
BBX 9 15 0 -3
BITMAP
0000
0000
0000
0000
0000
2500
5500
5500
5500
5500
5500
2300
0100
0500
0200
ENDCHAR
STARTCHAR uni047A
ENCODING 1146
SWIDTH 576 0
DWIDTH 9 0
BBX 9 15 0 -3
BITMAP
0000
0800
3E00
4900
4100
4100
4100
4100
4100
4100
4900
3E00
0800
0000
0000
ENDCHAR
STARTCHAR uni047B
ENCODING 1147
SWIDTH 576 0
DWIDTH 9 0
BBX 9 15 0 -3
BITMAP
0000
0000
0000
0000
0800
3E00
4900
4100
4100
4100
4900
3E00
0800
0000
0000
ENDCHAR
STARTCHAR uni047C
ENCODING 1148
SWIDTH 576 0
DWIDTH 9 0
BBX 9 15 0 -3
BITMAP
0200
3E00
2000
0000
3600
4100
4100
4900
4900
4900
4900
3E00
0000
0000
0000
ENDCHAR
STARTCHAR uni047D
ENCODING 1149
SWIDTH 576 0
DWIDTH 9 0
BBX 9 15 0 -3
BITMAP
0000
0200
3E00
2000
0000
3600
4100
4100
4900
4900
4900
3E00
0000
0000
0000
ENDCHAR
STARTCHAR uni047E
ENCODING 1150
SWIDTH 576 0
DWIDTH 9 0
BBX 9 15 0 -3
BITMAP
0000
3E00
2A00
0000
3600
4100
4100
4900
4900
4900
4900
3E00
0000
0000
0000
ENDCHAR
STARTCHAR uni047F
ENCODING 1151
SWIDTH 576 0
DWIDTH 9 0
BBX 9 15 0 -3
BITMAP
0000
0000
3E00
2A00
0000
3600
4100
4100
4900
4900
4900
3E00
0000
0000
0000
ENDCHAR
STARTCHAR uni0480
ENCODING 1152
SWIDTH 576 0
DWIDTH 9 0
BBX 9 15 0 -3
BITMAP
0000
0000
3E00
4100
4000
4000
4000
4000
4000
4000
4000
3000
0800
0800
0000
ENDCHAR
STARTCHAR uni0481
ENCODING 1153
SWIDTH 576 0
DWIDTH 9 0
BBX 9 15 0 -3
BITMAP
0000
0000
0000
0000
0000
3E00
4100
4000
4000
4000
4000
3000
0800
0800
0000
ENDCHAR
STARTCHAR uni0482
ENCODING 1154
SWIDTH 576 0
DWIDTH 9 0
BBX 9 15 0 -3
BITMAP
0000
0200
0200
1C00
0700
0800
0800
7000
1C00
2000
2000
0000
0000
0000
0000
ENDCHAR
STARTCHAR uni0483
ENCODING 1155
SWIDTH 576 0
DWIDTH 9 0
BBX 9 15 0 -3
BITMAP
0200
3E00
2000
0000
0000
0000
0000
0000
0000
0000
0000
0000
0000
0000
0000
ENDCHAR
STARTCHAR uni0484
ENCODING 1156
SWIDTH 576 0
DWIDTH 9 0
BBX 9 15 0 -3
BITMAP
3800
4700
0000
0000
0000
0000
0000
0000
0000
0000
0000
0000
0000
0000
0000
ENDCHAR
STARTCHAR uni0485
ENCODING 1157
SWIDTH 576 0
DWIDTH 9 0
BBX 9 15 0 -3
BITMAP
3C00
7300
2000
0000
0000
0000
0000
0000
0000
0000
0000
0000
0000
0000
0000
ENDCHAR
STARTCHAR uni0486
ENCODING 1158
SWIDTH 576 0
DWIDTH 9 0
BBX 9 15 0 -3
BITMAP
1E00
6700
0200
0000
0000
0000
0000
0000
0000
0000
0000
0000
0000
0000
0000
ENDCHAR
STARTCHAR uni0488
ENCODING 1160
SWIDTH 576 0
DWIDTH 9 0
BBX 9 15 0 -3
BITMAP
2000
5200
0500
0000
0000
0000
0000
0000
0000
0000
0000
0000
2000
5200
0500
ENDCHAR
STARTCHAR uni0489
ENCODING 1161
SWIDTH 576 0
DWIDTH 9 0
BBX 9 15 0 -3
BITMAP
2000
4200
6400
0600
0000
0000
0000
0000
0000
0000
0000
2000
4200
6400
0600
ENDCHAR
STARTCHAR uni048A
ENCODING 1162
SWIDTH 576 0
DWIDTH 9 0
BBX 9 15 0 -3
BITMAP
2200
1C00
0000
4100
4100
4300
4500
4900
5100
6100
4100
4100
0080
0100
0000
ENDCHAR
STARTCHAR uni048B
ENCODING 1163
SWIDTH 576 0
DWIDTH 9 0
BBX 9 15 0 -3
BITMAP
0000
0000
2200
1C00
0000
4100
4300
4500
4900
5100
6100
4100
0080
0100
0000
ENDCHAR
STARTCHAR uni048C
ENCODING 1164
SWIDTH 576 0
DWIDTH 9 0
BBX 9 15 0 -3
BITMAP
0000
0000
4000
F800
4000
4000
7E00
4100
4100
4100
4100
7E00
0000
0000
0000
ENDCHAR
STARTCHAR uni048D
ENCODING 1165
SWIDTH 576 0
DWIDTH 9 0
BBX 9 15 0 -3
BITMAP
0000
0000
0000
0000
0000
4000
F800
4000
7E00
4100
4100
7E00
0000
0000
0000
ENDCHAR
STARTCHAR uni048E
ENCODING 1166
SWIDTH 576 0
DWIDTH 9 0
BBX 9 15 0 -3
BITMAP
0000
0000
7E00
4100
4100
4500
7E00
4100
4000
4000
4000
4000
0000
0000
0000
ENDCHAR
STARTCHAR uni048F
ENCODING 1167
SWIDTH 576 0
DWIDTH 9 0
BBX 9 15 0 -3
BITMAP
0000
0000
0000
0000
0000
5E00
6100
4100
4100
4900
6500
5E00
4200
4000
4000
ENDCHAR
STARTCHAR afii10050
ENCODING 1168
SWIDTH 576 0
DWIDTH 9 0
BBX 9 15 0 -3
BITMAP
0000
0100
7F00
4000
4000
4000
4000
4000
4000
4000
4000
4000
0000
0000
0000
ENDCHAR
STARTCHAR afii10098
ENCODING 1169
SWIDTH 576 0
DWIDTH 9 0
BBX 9 15 0 -3
BITMAP
0000
0000
0000
0000
0100
7F00
4000
4000
4000
4000
4000
4000
0000
0000
0000
ENDCHAR
STARTCHAR uni0492
ENCODING 1170
SWIDTH 576 0
DWIDTH 9 0
BBX 9 15 0 -3
BITMAP
0000
0000
3F00
2100
2000
2000
7000
2000
2000
2000
2000
2000
0000
0000
0000
ENDCHAR
STARTCHAR uni0493
ENCODING 1171
SWIDTH 576 0
DWIDTH 9 0
BBX 9 15 0 -3
BITMAP
0000
0000
0000
0000
0000
3F00
2100
2000
7000
2000
2000
2000
0000
0000
0000
ENDCHAR
STARTCHAR uni0494
ENCODING 1172
SWIDTH 576 0
DWIDTH 9 0
BBX 9 15 0 -3
BITMAP
0000
0000
7E00
1000
1000
1000
1E00
1100
1100
1100
1100
1100
0100
1E00
0000
ENDCHAR
STARTCHAR uni0495
ENCODING 1173
SWIDTH 576 0
DWIDTH 9 0
BBX 9 15 0 -3
BITMAP
0000
0000
0000
0000
0000
7E00
1000
1000
1E00
1100
1100
1100
0100
1E00
0000
ENDCHAR
STARTCHAR uni0496
ENCODING 1174
SWIDTH 576 0
DWIDTH 9 0
BBX 9 15 0 -3
BITMAP
0000
0000
4900
4900
2A00
2A00
1C00
2A00
2A00
4A00
4A00
4B00
0100
0100
0000
ENDCHAR
STARTCHAR uni0497
ENCODING 1175
SWIDTH 576 0
DWIDTH 9 0
BBX 9 15 0 -3
BITMAP
0000
0000
0000
0000
0000
4900
4900
2A00
1C00
2A00
4A00
4B00
0100
0100
0000
ENDCHAR
STARTCHAR uni0498
ENCODING 1176
SWIDTH 576 0
DWIDTH 9 0
BBX 9 15 0 -3
BITMAP
0000
0000
3E00
4100
0100
0100
0E00
0100
0100
0100
4100
3E00
0800
0400
1800
ENDCHAR
STARTCHAR uni0499
ENCODING 1177
SWIDTH 576 0
DWIDTH 9 0
BBX 9 15 0 -3
BITMAP
0000
0000
0000
0000
0000
3E00
4100
0100
0E00
0100
4100
3E00
0800
0400
1800
ENDCHAR
STARTCHAR uni049A
ENCODING 1178
SWIDTH 576 0
DWIDTH 9 0
BBX 9 15 0 -3
BITMAP
0000
0000
4100
4200
4400
4800
7000
5000
4800
4400
4200
4300
0100
0100
0000
ENDCHAR
STARTCHAR uni049B
ENCODING 1179
SWIDTH 576 0
DWIDTH 9 0
BBX 9 15 0 -3
BITMAP
0000
0000
0000
0000
0000
4100
4200
4400
7800
4400
4200
4300
0100
0100
0000
ENDCHAR
STARTCHAR uni049C
ENCODING 1180
SWIDTH 576 0
DWIDTH 9 0
BBX 9 15 0 -3
BITMAP
0000
0000
4100
4100
5200
5400
7800
5400
5200
4100
4100
4100
0000
0000
0000
ENDCHAR
STARTCHAR uni049D
ENCODING 1181
SWIDTH 576 0
DWIDTH 9 0
BBX 9 15 0 -3
BITMAP
0000
0000
0000
0000
0000
4100
4200
5400
7800
5400
4200
4100
0000
0000
0000
ENDCHAR
STARTCHAR uni049E
ENCODING 1182
SWIDTH 576 0
DWIDTH 9 0
BBX 9 15 0 -3
BITMAP
0000
0000
4100
F200
4400
4800
7000
5000
4800
4400
4200
4100
0000
0000
0000
ENDCHAR
STARTCHAR uni049F
ENCODING 1183
SWIDTH 576 0
DWIDTH 9 0
BBX 9 15 0 -3
BITMAP
0000
0000
2000
2000
7800
2100
2200
2400
3800
2400
2200
2100
0000
0000
0000
ENDCHAR
STARTCHAR uni04A0
ENCODING 1184
SWIDTH 576 0
DWIDTH 9 0
BBX 9 15 0 -3
BITMAP
0000
0000
7100
1100
1200
1200
1C00
1200
1200
1100
1100
1100
0000
0000
0000
ENDCHAR
STARTCHAR uni04A1
ENCODING 1185
SWIDTH 576 0
DWIDTH 9 0
BBX 9 15 0 -3
BITMAP
0000
0000
0000
0000
0000
7100
1200
1400
1800
1400
1200
1100
0000
0000
0000
ENDCHAR
STARTCHAR uni04A2
ENCODING 1186
SWIDTH 576 0
DWIDTH 9 0
BBX 9 15 0 -3
BITMAP
0000
0000
4200
4200
4200
4200
7E00
4200
4200
4200
4200
4300
0100
0100
0000
ENDCHAR
STARTCHAR uni04A3
ENCODING 1187
SWIDTH 576 0
DWIDTH 9 0
BBX 9 15 0 -3
BITMAP
0000
0000
0000
0000
0000
4200
4200
4200
7E00
4200
4200
4300
0100
0100
0000
ENDCHAR
STARTCHAR uni04A4
ENCODING 1188
SWIDTH 576 0
DWIDTH 9 0
BBX 9 15 0 -3
BITMAP
0000
0000
4700
4400
4400
4400
7C00
4400
4400
4400
4400
4400
0000
0000
0000
ENDCHAR
STARTCHAR uni04A5
ENCODING 1189
SWIDTH 576 0
DWIDTH 9 0
BBX 9 15 0 -3
BITMAP
0000
0000
0000
0000
0000
4700
4400
4400
7C00
4400
4400
4400
0000
0000
0000
ENDCHAR
STARTCHAR uni04A6
ENCODING 1190
SWIDTH 576 0
DWIDTH 9 0
BBX 9 15 0 -3
BITMAP
0000
0000
7800
4800
4800
4800
4E00
4900
4900
4900
4900
4900
0100
0E00
0000
ENDCHAR
STARTCHAR uni04A7
ENCODING 1191
SWIDTH 576 0
DWIDTH 9 0
BBX 9 15 0 -3
BITMAP
0000
0000
0000
0000
0000
7800
4800
4800
4E00
4900
4900
4900
0100
0E00
0000
ENDCHAR
STARTCHAR uni04A8
ENCODING 1192
SWIDTH 576 0
DWIDTH 9 0
BBX 9 15 0 -3
BITMAP
0000
0000
3F00
4000
4000
4E00
5100
5100
5100
5100
5100
3E00
1000
0F00
0000
ENDCHAR
STARTCHAR uni04A9
ENCODING 1193
SWIDTH 576 0
DWIDTH 9 0
BBX 9 15 0 -3
BITMAP
0000
0000
0000
0000
0000
3F00
4000
4E00
5100
5100
5100
3E00
1000
0F00
0000
ENDCHAR
STARTCHAR uni04AA
ENCODING 1194
SWIDTH 576 0
DWIDTH 9 0
BBX 9 15 0 -3
BITMAP
0000
0000
3E00
4100
4000
4000
4000
4000
4000
4000
4100
3E00
1000
0C00
0000
ENDCHAR
STARTCHAR uni04AB
ENCODING 1195
SWIDTH 576 0
DWIDTH 9 0
BBX 9 15 0 -3
BITMAP
0000
0000
0000
0000
0000
3E00
4100
4000
4000
4000
4100
3E00
1000
0C00
0000
ENDCHAR
STARTCHAR uni04AC
ENCODING 1196
SWIDTH 576 0
DWIDTH 9 0
BBX 9 15 0 -3
BITMAP
0000
0000
7F00
0800
0800
0800
0800
0800
0800
0800
0800
0C00
0400
0400
0000
ENDCHAR
STARTCHAR uni04AD
ENCODING 1197
SWIDTH 576 0
DWIDTH 9 0
BBX 9 15 0 -3
BITMAP
0000
0000
0000
0000
0000
7F00
0800
0800
0800
0800
0800
0C00
0400
0400
0000
ENDCHAR
STARTCHAR uni04AE
ENCODING 1198
SWIDTH 576 0
DWIDTH 9 0
BBX 9 15 0 -3
BITMAP
0000
0000
4100
2200
1400
0800
0800
0800
0800
0800
0800
0800
0000
0000
0000
ENDCHAR
STARTCHAR uni04AF
ENCODING 1199
SWIDTH 576 0
DWIDTH 9 0
BBX 9 15 0 -3
BITMAP
0000
0000
0000
0000
0000
4100
2200
1400
0800
0800
0800
0800
0800
0800
0800
ENDCHAR
STARTCHAR uni04B0
ENCODING 1200
SWIDTH 576 0
DWIDTH 9 0
BBX 9 15 0 -3
BITMAP
0000
0000
4100
2200
1400
0800
0800
0800
3E00
0800
0800
0800
0000
0000
0000
ENDCHAR
STARTCHAR uni04B1
ENCODING 1201
SWIDTH 576 0
DWIDTH 9 0
BBX 9 15 0 -3
BITMAP
0000
0000
0000
0000
0000
4100
2200
1400
0800
0800
0800
3E00
0800
0800
0800
ENDCHAR
STARTCHAR uni04B2
ENCODING 1202
SWIDTH 576 0
DWIDTH 9 0
BBX 9 15 0 -3
BITMAP
0000
0000
4100
4100
2200
1400
0800
0800
1400
2200
4200
4300
0100
0100
0000
ENDCHAR
STARTCHAR uni04B3
ENCODING 1203
SWIDTH 576 0
DWIDTH 9 0
BBX 9 15 0 -3
BITMAP
0000
0000
0000
0000
0000
4100
2200
1400
0800
1400
2200
4300
0100
0100
0000
ENDCHAR
STARTCHAR uni04B4
ENCODING 1204
SWIDTH 576 0
DWIDTH 9 0
BBX 9 15 0 -3
BITMAP
0000
0000
7D00
1100
1100
1100
1100
1100
1100
1100
1100
1F00
0100
0100
0000
ENDCHAR
STARTCHAR uni04B5
ENCODING 1205
SWIDTH 576 0
DWIDTH 9 0
BBX 9 15 0 -3
BITMAP
0000
0000
0000
0000
0000
7D00
1100
1100
1100
1100
1100
1F00
0100
0100
0000
ENDCHAR
STARTCHAR uni04B6
ENCODING 1206
SWIDTH 576 0
DWIDTH 9 0
BBX 9 15 0 -3
BITMAP
0000
0000
4200
4200
4200
4200
4200
3E00
0200
0200
0200
0300
0100
0100
0000
ENDCHAR
STARTCHAR uni04B7
ENCODING 1207
SWIDTH 576 0
DWIDTH 9 0
BBX 9 15 0 -3
BITMAP
0000
0000
0000
0000
0000
4200
4200
4200
3E00
0200
0200
0300
0100
0100
0000
ENDCHAR
STARTCHAR uni04B8
ENCODING 1208
SWIDTH 576 0
DWIDTH 9 0
BBX 9 15 0 -3
BITMAP
0000
0000
4100
4100
4100
4900
4900
3F00
0900
0900
0100
0100
0000
0000
0000
ENDCHAR
STARTCHAR uni04B9
ENCODING 1209
SWIDTH 576 0
DWIDTH 9 0
BBX 9 15 0 -3
BITMAP
0000
0000
0000
0000
0000
4100
4900
4900
3F00
0900
0900
0100
0000
0000
0000
ENDCHAR
STARTCHAR uni04BA
ENCODING 1210
SWIDTH 576 0
DWIDTH 9 0
BBX 9 15 0 -3
BITMAP
0000
0000
4000
4000
4000
5E00
6100
4100
4100
4100
4100
4100
0000
0000
0000
ENDCHAR
STARTCHAR uni04BB
ENCODING 1211
SWIDTH 576 0
DWIDTH 9 0
BBX 9 15 0 -3
BITMAP
0000
0000
2000
2000
2000
2000
2C00
3200
2200
2200
2200
2200
0000
0000
0000
ENDCHAR
STARTCHAR uni04BC
ENCODING 1212
SWIDTH 576 0
DWIDTH 9 0
BBX 9 15 0 -3
BITMAP
0000
0000
0E00
1100
5100
5100
3F00
1000
1000
1000
1100
0E00
0000
0000
0000
ENDCHAR
STARTCHAR uni04BD
ENCODING 1213
SWIDTH 576 0
DWIDTH 9 0
BBX 9 15 0 -3
BITMAP
0000
0000
0000
0000
0000
0E00
5100
5100
3F00
1000
1100
0E00
0000
0000
0000
ENDCHAR
STARTCHAR uni04BE
ENCODING 1214
SWIDTH 576 0
DWIDTH 9 0
BBX 9 15 0 -3
BITMAP
0000
0000
0E00
1100
5100
5100
3F00
1000
1000
1000
1100
0E00
0800
0600
0000
ENDCHAR
STARTCHAR uni04BF
ENCODING 1215
SWIDTH 576 0
DWIDTH 9 0
BBX 9 15 0 -3
BITMAP
0000
0000
0000
0000
0000
0E00
5100
5100
3F00
1000
1100
0E00
0800
0600
0000
ENDCHAR
STARTCHAR uni04C0
ENCODING 1216
SWIDTH 576 0
DWIDTH 9 0
BBX 9 15 0 -3
BITMAP
0000
0000
1C00
0800
0800
0800
0800
0800
0800
0800
0800
1C00
0000
0000
0000
ENDCHAR
STARTCHAR uni04C1
ENCODING 1217
SWIDTH 576 0
DWIDTH 9 0
BBX 9 15 0 -3
BITMAP
0000
2200
1C00
0000
4900
4900
2A00
1C00
2A00
2A00
4900
4900
0000
0000
0000
ENDCHAR
STARTCHAR uni04C2
ENCODING 1218
SWIDTH 576 0
DWIDTH 9 0
BBX 9 15 0 -3
BITMAP
0000
0000
2200
1C00
0000
4900
4900
2A00
1C00
2A00
4900
4900
0000
0000
0000
ENDCHAR
STARTCHAR uni04C3
ENCODING 1219
SWIDTH 576 0
DWIDTH 9 0
BBX 9 15 0 -3
BITMAP
0000
0000
4100
4200
4400
4800
7000
5000
4800
4400
4200
4100
0100
0600
0000
ENDCHAR
STARTCHAR uni04C4
ENCODING 1220
SWIDTH 576 0
DWIDTH 9 0
BBX 9 15 0 -3
BITMAP
0000
0000
0000
0000
0000
4100
4200
4400
7800
4400
4200
4100
0100
0600
0000
ENDCHAR
STARTCHAR uni04C5
ENCODING 1221
SWIDTH 576 0
DWIDTH 9 0
BBX 9 15 0 -3
BITMAP
0000
0000
3F00
2100
2100
2100
2100
2100
2100
2100
2100
4100
0080
0100
0000
ENDCHAR
STARTCHAR uni04C6
ENCODING 1222
SWIDTH 576 0
DWIDTH 9 0
BBX 9 15 0 -3
BITMAP
0000
0000
0000
0000
0000
1F00
1100
1100
1100
1100
1100
6100
0080
0100
0000
ENDCHAR
STARTCHAR uni04C7
ENCODING 1223
SWIDTH 576 0
DWIDTH 9 0
BBX 9 15 0 -3
BITMAP
0000
0000
4100
4100
4100
4100
7F00
4100
4100
4100
4100
4100
0100
0600
0000
ENDCHAR
STARTCHAR uni04C8
ENCODING 1224
SWIDTH 576 0
DWIDTH 9 0
BBX 9 15 0 -3
BITMAP
0000
0000
0000
0000
0000
4100
4100
4100
7F00
4100
4100
4100
0100
0600
0000
ENDCHAR
STARTCHAR uni04C9
ENCODING 1225
SWIDTH 576 0
DWIDTH 9 0
BBX 9 15 0 -3
BITMAP
0000
0000
4100
4100
4100
4100
7F00
4100
4100
4100
4100
4100
0080
0100
0000
ENDCHAR
STARTCHAR uni04CA
ENCODING 1226
SWIDTH 576 0
DWIDTH 9 0
BBX 9 15 0 -3
BITMAP
0000
0000
0000
0000
0000
4100
4100
4100
7F00
4100
4100
4100
0080
0100
0000
ENDCHAR
STARTCHAR uni04CB
ENCODING 1227
SWIDTH 576 0
DWIDTH 9 0
BBX 9 15 0 -3
BITMAP
0000
0000
4100
4100
4100
4100
4100
3F00
0100
0100
0100
0300
0200
0200
0000
ENDCHAR
STARTCHAR uni04CC
ENCODING 1228
SWIDTH 576 0
DWIDTH 9 0
BBX 9 15 0 -3
BITMAP
0000
0000
0000
0000
0000
4100
4100
4100
3F00
0100
0100
0300
0200
0200
0000
ENDCHAR
STARTCHAR uni04CD
ENCODING 1229
SWIDTH 576 0
DWIDTH 9 0
BBX 9 15 0 -3
BITMAP
0000
0000
4100
4100
6300
5500
5500
4900
4900
4100
4100
4100
0080
0100
0000
ENDCHAR
STARTCHAR uni04CE
ENCODING 1230
SWIDTH 576 0
DWIDTH 9 0
BBX 9 15 0 -3
BITMAP
0000
0000
0000
0000
0000
4100
6300
5500
4900
4100
4100
4100
0080
0100
0000
ENDCHAR
STARTCHAR uni04D0
ENCODING 1232
SWIDTH 576 0
DWIDTH 9 0
BBX 9 15 0 -3
BITMAP
0000
2200
1C00
0000
1C00
2200
4100
4100
7F00
4100
4100
4100
0000
0000
0000
ENDCHAR
STARTCHAR uni04D1
ENCODING 1233
SWIDTH 576 0
DWIDTH 9 0
BBX 9 15 0 -3
BITMAP
0000
0000
2200
1C00
0000
3E00
0100
0100
3F00
4100
4300
3D00
0000
0000
0000
ENDCHAR
STARTCHAR uni04D2
ENCODING 1234
SWIDTH 576 0
DWIDTH 9 0
BBX 9 15 0 -3
BITMAP
0000
2200
2200
0000
1C00
2200
4100
4100
7F00
4100
4100
4100
0000
0000
0000
ENDCHAR
STARTCHAR uni04D3
ENCODING 1235
SWIDTH 576 0
DWIDTH 9 0
BBX 9 15 0 -3
BITMAP
0000
0000
2200
2200
0000
3E00
0100
0100
3F00
4100
4300
3D00
0000
0000
0000
ENDCHAR
STARTCHAR uni04D4
ENCODING 1236
SWIDTH 576 0
DWIDTH 9 0
BBX 9 15 0 -3
BITMAP
0000
0000
3700
4800
4800
4800
4800
7E00
4800
4800
4800
4F00
0000
0000
0000
ENDCHAR
STARTCHAR uni04D5
ENCODING 1237
SWIDTH 576 0
DWIDTH 9 0
BBX 9 15 0 -3
BITMAP
0000
0000
0000
0000
0000
3600
4900
0900
3E00
4800
4900
3700
0000
0000
0000
ENDCHAR
STARTCHAR uni04D6
ENCODING 1238
SWIDTH 576 0
DWIDTH 9 0
BBX 9 15 0 -3
BITMAP
0000
2200
1C00
0000
7F00
2000
2000
3C00
2000
2000
2000
7F00
0000
0000
0000
ENDCHAR
STARTCHAR uni04D7
ENCODING 1239
SWIDTH 576 0
DWIDTH 9 0
BBX 9 15 0 -3
BITMAP
0000
0000
2200
1C00
0000
3E00
4100
4100
7F00
4000
4000
3E00
0000
0000
0000
ENDCHAR
STARTCHAR uni04D8
ENCODING 1240
SWIDTH 576 0
DWIDTH 9 0
BBX 9 15 0 -3
BITMAP
0000
0000
3E00
0100
0100
0100
0100
7F00
4100
4100
4100
3E00
0000
0000
0000
ENDCHAR
STARTCHAR afii10846
ENCODING 1241
SWIDTH 576 0
DWIDTH 9 0
BBX 9 15 0 -3
BITMAP
0000
0000
0000
0000
0000
3E00
0100
0100
7F00
4100
4100
3E00
0000
0000
0000
ENDCHAR
STARTCHAR uni04DA
ENCODING 1242
SWIDTH 576 0
DWIDTH 9 0
BBX 9 15 0 -3
BITMAP
0000
2200
2200
0000
3E00
0100
0100
7F00
4100
4100
4100
3E00
0000
0000
0000
ENDCHAR
STARTCHAR uni04DB
ENCODING 1243
SWIDTH 576 0
DWIDTH 9 0
BBX 9 15 0 -3
BITMAP
0000
0000
2200
2200
0000
3E00
0100
0100
7F00
4100
4100
3E00
0000
0000
0000
ENDCHAR
STARTCHAR uni04DC
ENCODING 1244
SWIDTH 576 0
DWIDTH 9 0
BBX 9 15 0 -3
BITMAP
0000
2200
2200
0000
4900
4900
2A00
1C00
2A00
2A00
4900
4900
0000
0000
0000
ENDCHAR
STARTCHAR uni04DD
ENCODING 1245
SWIDTH 576 0
DWIDTH 9 0
BBX 9 15 0 -3
BITMAP
0000
0000
2200
2200
0000
4900
4900
2A00
1C00
2A00
4900
4900
0000
0000
0000
ENDCHAR
STARTCHAR uni04DE
ENCODING 1246
SWIDTH 576 0
DWIDTH 9 0
BBX 9 15 0 -3
BITMAP
0000
2200
2200
0000
3E00
4100
0100
0100
0E00
0100
4100
3E00
0000
0000
0000
ENDCHAR
STARTCHAR uni04DF
ENCODING 1247
SWIDTH 576 0
DWIDTH 9 0
BBX 9 15 0 -3
BITMAP
0000
0000
2200
2200
0000
3E00
4100
0100
0E00
0100
4100
3E00
0000
0000
0000
ENDCHAR
STARTCHAR uni04E0
ENCODING 1248
SWIDTH 576 0
DWIDTH 9 0
BBX 9 15 0 -3
BITMAP
0000
0000
0000
7F00
0100
0200
0400
0E00
0100
0100
4100
3E00
0000
0000
0000
ENDCHAR
STARTCHAR uni04E1
ENCODING 1249
SWIDTH 576 0
DWIDTH 9 0
BBX 9 15 0 -3
BITMAP
0000
0000
0000
0000
0000
7F00
0200
0400
0800
1E00
0100
0100
4100
3E00
0000
ENDCHAR
STARTCHAR uni04E2
ENCODING 1250
SWIDTH 576 0
DWIDTH 9 0
BBX 9 15 0 -3
BITMAP
0000
3E00
0000
4100
4100
4300
4500
4900
5100
6100
4100
4100
0000
0000
0000
ENDCHAR
STARTCHAR uni04E3
ENCODING 1251
SWIDTH 576 0
DWIDTH 9 0
BBX 9 15 0 -3
BITMAP
0000
0000
0000
3E00
0000
4100
4300
4500
4900
5100
6100
4100
0000
0000
0000
ENDCHAR
STARTCHAR uni04E4
ENCODING 1252
SWIDTH 576 0
DWIDTH 9 0
BBX 9 15 0 -3
BITMAP
0000
2200
2200
0000
4100
4300
4500
4900
5100
6100
4100
4100
0000
0000
0000
ENDCHAR
STARTCHAR uni04E5
ENCODING 1253
SWIDTH 576 0
DWIDTH 9 0
BBX 9 15 0 -3
BITMAP
0000
0000
2200
2200
0000
4100
4300
4500
4900
5100
6100
4100
0000
0000
0000
ENDCHAR
STARTCHAR uni04E6
ENCODING 1254
SWIDTH 576 0
DWIDTH 9 0
BBX 9 15 0 -3
BITMAP
0000
2200
2200
0000
3E00
4100
4100
4100
4100
4100
4100
3E00
0000
0000
0000
ENDCHAR
STARTCHAR uni04E7
ENCODING 1255
SWIDTH 576 0
DWIDTH 9 0
BBX 9 15 0 -3
BITMAP
0000
0000
2200
2200
0000
3E00
4100
4100
4100
4100
4100
3E00
0000
0000
0000
ENDCHAR
STARTCHAR uni04E8
ENCODING 1256
SWIDTH 576 0
DWIDTH 9 0
BBX 9 15 0 -3
BITMAP
0000
0000
3E00
4100
4100
5100
6B00
4500
4100
4100
4100
3E00
0000
0000
0000
ENDCHAR
STARTCHAR uni04E9
ENCODING 1257
SWIDTH 576 0
DWIDTH 9 0
BBX 9 15 0 -3
BITMAP
0000
0000
0000
0000
0000
3E00
4100
5100
6B00
4500
4100
3E00
0000
0000
0000
ENDCHAR
STARTCHAR uni04EA
ENCODING 1258
SWIDTH 576 0
DWIDTH 9 0
BBX 9 15 0 -3
BITMAP
0000
2200
2200
0000
3E00
4100
5100
6B00
4500
4100
4100
3E00
0000
0000
0000
ENDCHAR
STARTCHAR uni04EB
ENCODING 1259
SWIDTH 576 0
DWIDTH 9 0
BBX 9 15 0 -3
BITMAP
0000
0000
2200
2200
0000
3E00
4100
5100
6B00
4500
4100
3E00
0000
0000
0000
ENDCHAR
STARTCHAR uni04EC
ENCODING 1260
SWIDTH 576 0
DWIDTH 9 0
BBX 9 15 0 -3
BITMAP
1400
1400
0000
3C00
4200
0100
0100
0F00
0100
0100
4200
3C00
0000
0000
0000
ENDCHAR
STARTCHAR uni04ED
ENCODING 1261
SWIDTH 576 0
DWIDTH 9 0
BBX 9 15 0 -3
BITMAP
0000
0000
1400
1400
0000
3E00
4100
0100
0F00
0100
4100
3E00
0000
0000
0000
ENDCHAR
STARTCHAR uni04EE
ENCODING 1262
SWIDTH 576 0
DWIDTH 9 0
BBX 9 15 0 -3
BITMAP
0000
3E00
0000
4100
4100
4100
4100
4300
3D00
0100
4100
3E00
0000
0000
0000
ENDCHAR
STARTCHAR uni04EF
ENCODING 1263
SWIDTH 576 0
DWIDTH 9 0
BBX 9 15 0 -3
BITMAP
0000
0000
0000
3E00
0000
4100
4100
4100
4100
4100
4300
3D00
0100
4100
3E00
ENDCHAR
STARTCHAR uni04F0
ENCODING 1264
SWIDTH 576 0
DWIDTH 9 0
BBX 9 15 0 -3
BITMAP
0000
2200
2200
0000
4100
4100
4100
4300
3D00
0100
4100
3E00
0000
0000
0000
ENDCHAR
STARTCHAR uni04F1
ENCODING 1265
SWIDTH 576 0
DWIDTH 9 0
BBX 9 15 0 -3
BITMAP
0000
0000
2200
2200
0000
4100
4100
4100
4100
4100
4300
3D00
0100
4100
3E00
ENDCHAR
STARTCHAR uni04F2
ENCODING 1266
SWIDTH 576 0
DWIDTH 9 0
BBX 9 15 0 -3
BITMAP
0000
1200
2400
0000
4100
4100
4100
4300
3D00
0100
4100
3E00
0000
0000
0000
ENDCHAR
STARTCHAR uni04F3
ENCODING 1267
SWIDTH 576 0
DWIDTH 9 0
BBX 9 15 0 -3
BITMAP
0000
0000
1200
2400
0000
4100
4100
4100
4100
4100
4300
3D00
0100
4100
3E00
ENDCHAR
STARTCHAR uni04F4
ENCODING 1268
SWIDTH 576 0
DWIDTH 9 0
BBX 9 15 0 -3
BITMAP
0000
2200
2200
0000
4100
4100
4100
4100
3F00
0100
0100
0100
0000
0000
0000
ENDCHAR
STARTCHAR uni04F5
ENCODING 1269
SWIDTH 576 0
DWIDTH 9 0
BBX 9 15 0 -3
BITMAP
0000
0000
2200
2200
0000
4100
4100
4100
3F00
0100
0100
0100
0000
0000
0000
ENDCHAR
STARTCHAR uni04F8
ENCODING 1272
SWIDTH 576 0
DWIDTH 9 0
BBX 9 15 0 -3
BITMAP
0000
2200
2200
0000
4100
4100
4100
7900
4500
4500
4500
7900
0000
0000
0000
ENDCHAR
STARTCHAR uni04F9
ENCODING 1273
SWIDTH 576 0
DWIDTH 9 0
BBX 9 15 0 -3
BITMAP
0000
0000
2200
2200
0000
4100
4100
4100
7900
4500
4500
7900
0000
0000
0000
ENDCHAR
STARTCHAR uni1E00
ENCODING 7680
SWIDTH 576 0
DWIDTH 9 0
BBX 9 15 0 -3
BITMAP
0000
0000
0800
1400
2200
4100
4100
4100
7F00
4100
4100
4D00
1200
0C00
0000
ENDCHAR
STARTCHAR uni1E01
ENCODING 7681
SWIDTH 576 0
DWIDTH 9 0
BBX 9 15 0 -3
BITMAP
0000
0000
0000
0000
0000
3E00
0100
0100
3F00
4100
4300
3D00
0C00
1200
0C00
ENDCHAR
STARTCHAR uni1E02
ENCODING 7682
SWIDTH 576 0
DWIDTH 9 0
BBX 9 15 0 -3
BITMAP
0000
0C00
0000
7E00
2100
2100
2100
3E00
2100
2100
2100
7E00
0000
0000
0000
ENDCHAR
STARTCHAR uni1E03
ENCODING 7683
SWIDTH 576 0
DWIDTH 9 0
BBX 9 15 0 -3
BITMAP
0000
0C00
4000
4000
4000
5E00
6100
4100
4100
4100
6100
5E00
0000
0000
0000
ENDCHAR
STARTCHAR uni1E04
ENCODING 7684
SWIDTH 576 0
DWIDTH 9 0
BBX 9 15 0 -3
BITMAP
0000
0000
7E00
2100
2100
2100
3E00
2100
2100
2100
2100
7E00
0000
0800
0800
ENDCHAR
STARTCHAR uni1E05
ENCODING 7685
SWIDTH 576 0
DWIDTH 9 0
BBX 9 15 0 -3
BITMAP
0000
0000
4000
4000
4000
5E00
6100
4100
4100
4100
6100
5E00
0000
0800
0800
ENDCHAR
STARTCHAR uni1E06
ENCODING 7686
SWIDTH 576 0
DWIDTH 9 0
BBX 9 15 0 -3
BITMAP
0000
0000
7E00
2100
2100
2100
3E00
2100
2100
2100
2100
7E00
0000
3E00
0000
ENDCHAR
STARTCHAR uni1E07
ENCODING 7687
SWIDTH 576 0
DWIDTH 9 0
BBX 9 15 0 -3
BITMAP
0000
0000
4000
4000
4000
5E00
6100
4100
4100
4100
6100
5E00
0000
3E00
0000
ENDCHAR
STARTCHAR uni1E08
ENCODING 7688
SWIDTH 576 0
DWIDTH 9 0
BBX 9 15 0 -3
BITMAP
0200
0400
0800
0000
3E00
4100
4000
4000
4000
4000
4100
3E00
0C00
2400
1800
ENDCHAR
STARTCHAR uni1E09
ENCODING 7689
SWIDTH 576 0
DWIDTH 9 0
BBX 9 15 0 -3
BITMAP
0000
0200
0400
0800
0000
3E00
4100
4000
4000
4000
4100
3E00
0C00
2400
1800
ENDCHAR
STARTCHAR uni1E0A
ENCODING 7690
SWIDTH 576 0
DWIDTH 9 0
BBX 9 15 0 -3
BITMAP
0000
0800
0800
0000
7E00
2100
2100
2100
2100
2100
2100
7E00
0000
0000
0000
ENDCHAR
STARTCHAR uni1E0B
ENCODING 7691
SWIDTH 576 0
DWIDTH 9 0
BBX 9 15 0 -3
BITMAP
0000
1800
0100
0100
0100
3D00
4300
4100
4100
4100
4300
3D00
0000
0000
0000
ENDCHAR
STARTCHAR uni1E0C
ENCODING 7692
SWIDTH 576 0
DWIDTH 9 0
BBX 9 15 0 -3
BITMAP
0000
0000
7E00
2100
2100
2100
2100
2100
2100
2100
2100
7E00
0000
1800
0000
ENDCHAR
STARTCHAR uni1E0D
ENCODING 7693
SWIDTH 576 0
DWIDTH 9 0
BBX 9 15 0 -3
BITMAP
0000
0000
0100
0100
0100
3D00
4300
4100
4100
4100
4300
3D00
0000
1800
0000
ENDCHAR
STARTCHAR uni1E0E
ENCODING 7694
SWIDTH 576 0
DWIDTH 9 0
BBX 9 15 0 -3
BITMAP
0000
0000
7E00
2100
2100
2100
2100
2100
2100
2100
2100
7E00
0000
3E00
0000
ENDCHAR
STARTCHAR uni1E0F
ENCODING 7695
SWIDTH 576 0
DWIDTH 9 0
BBX 9 15 0 -3
BITMAP
0000
0000
0100
0100
0100
3D00
4300
4100
4100
4100
4300
3D00
0000
3E00
0000
ENDCHAR
STARTCHAR uni1E10
ENCODING 7696
SWIDTH 576 0
DWIDTH 9 0
BBX 9 15 0 -3
BITMAP
0000
0000
7E00
2100
2100
2100
2100
2100
2100
2100
2100
7E00
0400
1200
0C00
ENDCHAR
STARTCHAR uni1E11
ENCODING 7697
SWIDTH 576 0
DWIDTH 9 0
BBX 9 15 0 -3
BITMAP
0000
0000
0100
0100
0100
3D00
4300
4100
4100
4100
4300
3D00
0400
1200
0C00
ENDCHAR
STARTCHAR uni1E12
ENCODING 7698
SWIDTH 576 0
DWIDTH 9 0
BBX 9 15 0 -3
BITMAP
0000
0000
7E00
2100
2100
2100
2100
2100
2100
2100
2100
7E00
0800
1400
2200
ENDCHAR
STARTCHAR uni1E13
ENCODING 7699
SWIDTH 576 0
DWIDTH 9 0
BBX 9 15 0 -3
BITMAP
0000
0000
0100
0100
0100
3D00
4300
4100
4100
4100
4300
3D00
0800
1400
2200
ENDCHAR
STARTCHAR uni1E14
ENCODING 7700
SWIDTH 576 0
DWIDTH 9 0
BBX 9 15 0 -3
BITMAP
1000
0800
0000
3E00
0000
7F00
4000
4000
7C00
4000
4000
7F00
0000
0000
0000
ENDCHAR
STARTCHAR uni1E15
ENCODING 7701
SWIDTH 576 0
DWIDTH 9 0
BBX 9 15 0 -3
BITMAP
1000
0800
0000
3E00
0000
3E00
4100
4100
7F00
4000
4000
3E00
0000
0000
0000
ENDCHAR
STARTCHAR uni1E16
ENCODING 7702
SWIDTH 576 0
DWIDTH 9 0
BBX 9 15 0 -3
BITMAP
0400
0800
0000
3E00
0000
7F00
4000
4000
7800
4000
4000
7F00
0000
0000
0000
ENDCHAR
STARTCHAR uni1E17
ENCODING 7703
SWIDTH 576 0
DWIDTH 9 0
BBX 9 15 0 -3
BITMAP
0400
0800
0000
3E00
0000
3E00
4100
4100
7F00
4000
4000
3E00
0000
0000
0000
ENDCHAR
STARTCHAR uni1E18
ENCODING 7704
SWIDTH 576 0
DWIDTH 9 0
BBX 9 15 0 -3
BITMAP
0000
0000
7F00
4000
4000
4000
7C00
4000
4000
4000
4000
7F00
0800
1400
2200
ENDCHAR
STARTCHAR uni1E19
ENCODING 7705
SWIDTH 576 0
DWIDTH 9 0
BBX 9 15 0 -3
BITMAP
0000
0000
0000
0000
0000
3E00
4100
4100
7F00
4000
4000
3E00
0800
1400
2200
ENDCHAR
STARTCHAR uni1E1A
ENCODING 7706
SWIDTH 576 0
DWIDTH 9 0
BBX 9 15 0 -3
BITMAP
0000
0000
7F00
4000
4000
4000
7C00
4000
4000
4000
4000
7F00
0000
3100
4E00
ENDCHAR
STARTCHAR uni1E1B
ENCODING 7707
SWIDTH 576 0
DWIDTH 9 0
BBX 9 15 0 -3
BITMAP
0000
0000
0000
0000
0000
3E00
4100
4100
7F00
4000
4000
3E00
0000
3100
4E00
ENDCHAR
STARTCHAR uni1E1C
ENCODING 7708
SWIDTH 576 0
DWIDTH 9 0
BBX 9 15 0 -3
BITMAP
0000
2200
1C00
0000
7F00
4000
4000
7C00
4000
4000
4000
7F00
0400
1200
0C00
ENDCHAR
STARTCHAR uni1E1D
ENCODING 7709
SWIDTH 576 0
DWIDTH 9 0
BBX 9 15 0 -3
BITMAP
0000
0000
2200
1C00
0000
3E00
4100
4100
7F00
4000
4000
3E00
0400
1200
0C00
ENDCHAR
STARTCHAR uni1E1E
ENCODING 7710
SWIDTH 576 0
DWIDTH 9 0
BBX 9 15 0 -3
BITMAP
0000
0C00
0000
7F00
4000
4000
4000
7C00
4000
4000
4000
4000
0000
0000
0000
ENDCHAR
STARTCHAR uni1E1F
ENCODING 7711
SWIDTH 576 0
DWIDTH 9 0
BBX 9 15 0 -3
BITMAP
0000
0C00
0000
0E00
1100
1000
1000
7C00
1000
1000
1000
1000
0000
0000
0000
ENDCHAR
STARTCHAR uni1E20
ENCODING 7712
SWIDTH 576 0
DWIDTH 9 0
BBX 9 15 0 -3
BITMAP
0000
3E00
0000
3E00
4100
4000
4000
4700
4100
4100
4100
3E00
0000
0000
0000
ENDCHAR
STARTCHAR uni1E21
ENCODING 7713
SWIDTH 576 0
DWIDTH 9 0
BBX 9 15 0 -3
BITMAP
0000
0000
0000
3E00
0000
3D00
4200
4200
4200
3C00
4000
3E00
4100
4100
3E00
ENDCHAR
STARTCHAR uni1E22
ENCODING 7714
SWIDTH 576 0
DWIDTH 9 0
BBX 9 15 0 -3
BITMAP
0000
0C00
0000
4100
4100
4100
4100
7F00
4100
4100
4100
4100
0000
0000
0000
ENDCHAR
STARTCHAR uni1E23
ENCODING 7715
SWIDTH 576 0
DWIDTH 9 0
BBX 9 15 0 -3
BITMAP
0000
0C00
4000
4000
4000
5E00
6100
4100
4100
4100
4100
4100
0000
0000
0000
ENDCHAR
STARTCHAR uni1E24
ENCODING 7716
SWIDTH 576 0
DWIDTH 9 0
BBX 9 15 0 -3
BITMAP
0000
0000
4100
4100
4100
4100
7F00
4100
4100
4100
4100
4100
0800
0800
0000
ENDCHAR
STARTCHAR uni1E25
ENCODING 7717
SWIDTH 576 0
DWIDTH 9 0
BBX 9 15 0 -3
BITMAP
0000
0000
4000
4000
4000
5E00
6100
4100
4100
4100
4100
4100
0800
0800
0000
ENDCHAR
STARTCHAR uni1E26
ENCODING 7718
SWIDTH 576 0
DWIDTH 9 0
BBX 9 15 0 -3
BITMAP
0000
2200
2200
0000
4100
4100
4100
7F00
4100
4100
4100
4100
0000
0000
0000
ENDCHAR
STARTCHAR uni1E27
ENCODING 7719
SWIDTH 576 0
DWIDTH 9 0
BBX 9 15 0 -3
BITMAP
0000
1200
1200
4000
4000
4000
5E00
6100
4100
4100
4100
4100
0000
0000
0000
ENDCHAR
STARTCHAR uni1E28
ENCODING 7720
SWIDTH 576 0
DWIDTH 9 0
BBX 9 15 0 -3
BITMAP
0000
0000
4100
4100
4100
4100
7F00
4100
4100
4100
4100
4100
2000
9000
6000
ENDCHAR
STARTCHAR uni1E29
ENCODING 7721
SWIDTH 576 0
DWIDTH 9 0
BBX 9 15 0 -3
BITMAP
0000
0000
4000
4000
4000
5E00
6100
4100
4100
4100
4100
4100
2000
9000
6000
ENDCHAR
STARTCHAR uni1E2A
ENCODING 7722
SWIDTH 576 0
DWIDTH 9 0
BBX 9 15 0 -3
BITMAP
0000
0000
4100
4100
4100
4100
7F00
4100
4100
4100
4100
4100
0000
2200
1C00
ENDCHAR
STARTCHAR uni1E2B
ENCODING 7723
SWIDTH 576 0
DWIDTH 9 0
BBX 9 15 0 -3
BITMAP
0000
0000
4000
4000
4000
5E00
6100
4100
4100
4100
4100
4100
0000
2200
1C00
ENDCHAR
STARTCHAR uni1E2C
ENCODING 7724
SWIDTH 576 0
DWIDTH 9 0
BBX 9 15 0 -3
BITMAP
0000
0000
3E00
0800
0800
0800
0800
0800
0800
0800
0800
3E00
0000
1900
2600
ENDCHAR
STARTCHAR uni1E2D
ENCODING 7725
SWIDTH 576 0
DWIDTH 9 0
BBX 9 15 0 -3
BITMAP
0000
0000
1800
0000
0000
3800
0800
0800
0800
0800
0800
3E00
0000
1900
2600
ENDCHAR
STARTCHAR uni1E2E
ENCODING 7726
SWIDTH 576 0
DWIDTH 9 0
BBX 9 15 0 -3
BITMAP
0400
0800
0000
2200
0000
3E00
0800
0800
0800
0800
0800
3E00
0000
0000
0000
ENDCHAR
STARTCHAR uni1E2F
ENCODING 7727
SWIDTH 576 0
DWIDTH 9 0
BBX 9 15 0 -3
BITMAP
0400
0800
0000
2200
0000
3800
0800
0800
0800
0800
0800
3E00
0000
0000
0000
ENDCHAR
STARTCHAR uni1E30
ENCODING 7728
SWIDTH 576 0
DWIDTH 9 0
BBX 9 15 0 -3
BITMAP
0200
0400
0800
0000
4200
4400
4800
7000
5000
4800
4400
4200
0000
0000
0000
ENDCHAR
STARTCHAR uni1E31
ENCODING 7729
SWIDTH 576 0
DWIDTH 9 0
BBX 9 15 0 -3
BITMAP
0200
0400
4800
4000
4000
4100
4600
5800
6000
5800
4600
4100
0000
0000
0000
ENDCHAR
STARTCHAR uni1E32
ENCODING 7730
SWIDTH 576 0
DWIDTH 9 0
BBX 9 15 0 -3
BITMAP
0000
0000
4100
4200
4400
4800
7000
5000
4800
4400
4200
4100
0000
1800
0000
ENDCHAR
STARTCHAR uni1E33
ENCODING 7731
SWIDTH 576 0
DWIDTH 9 0
BBX 9 15 0 -3
BITMAP
0000
0000
4000
4000
4000
4100
4600
5800
6000
5800
4600
4100
0000
1800
0000
ENDCHAR
STARTCHAR uni1E34
ENCODING 7732
SWIDTH 576 0
DWIDTH 9 0
BBX 9 15 0 -3
BITMAP
0000
0000
4100
4200
4400
4800
7000
5000
4800
4400
4200
4100
0000
3E00
0000
ENDCHAR
STARTCHAR uni1E35
ENCODING 7733
SWIDTH 576 0
DWIDTH 9 0
BBX 9 15 0 -3
BITMAP
0000
0000
4000
4000
4000
4100
4600
5800
6000
5800
4600
4100
0000
3E00
0000
ENDCHAR
STARTCHAR uni1E36
ENCODING 7734
SWIDTH 576 0
DWIDTH 9 0
BBX 9 15 0 -3
BITMAP
0000
0000
4000
4000
4000
4000
4000
4000
4000
4000
4000
7F00
0000
1800
0000
ENDCHAR
STARTCHAR uni1E37
ENCODING 7735
SWIDTH 576 0
DWIDTH 9 0
BBX 9 15 0 -3
BITMAP
0000
0000
3800
0800
0800
0800
0800
0800
0800
0800
0800
3E00
0000
1800
0000
ENDCHAR
STARTCHAR uni1E38
ENCODING 7736
SWIDTH 576 0
DWIDTH 9 0
BBX 9 15 0 -3
BITMAP
0000
0000
3E00
0000
4000
4000
4000
4000
4000
4000
4000
7F00
0000
1800
0000
ENDCHAR
STARTCHAR uni1E39
ENCODING 7737
SWIDTH 576 0
DWIDTH 9 0
BBX 9 15 0 -3
BITMAP
0000
0000
7E00
0000
3800
0800
0800
0800
0800
0800
0800
3E00
0000
1800
0000
ENDCHAR
STARTCHAR uni1E3A
ENCODING 7738
SWIDTH 576 0
DWIDTH 9 0
BBX 9 15 0 -3
BITMAP
0000
0000
4000
4000
4000
4000
4000
4000
4000
4000
4000
7F00
0000
3E00
0000
ENDCHAR
STARTCHAR uni1E3B
ENCODING 7739
SWIDTH 576 0
DWIDTH 9 0
BBX 9 15 0 -3
BITMAP
0000
0000
3800
0800
0800
0800
0800
0800
0800
0800
0800
3E00
0000
3E00
0000
ENDCHAR
STARTCHAR uni1E3C
ENCODING 7740
SWIDTH 576 0
DWIDTH 9 0
BBX 9 15 0 -3
BITMAP
0000
0000
4000
4000
4000
4000
4000
4000
4000
4000
4000
7F00
0800
1400
2200
ENDCHAR
STARTCHAR uni1E3D
ENCODING 7741
SWIDTH 576 0
DWIDTH 9 0
BBX 9 15 0 -3
BITMAP
0000
0000
3800
0800
0800
0800
0800
0800
0800
0800
0800
3E00
0800
1400
2200
ENDCHAR
STARTCHAR uni1E3E
ENCODING 7742
SWIDTH 576 0
DWIDTH 9 0
BBX 9 15 0 -3
BITMAP
0200
0400
0800
4100
4100
6300
5500
5500
4900
4900
4100
4100
0000
0000
0000
ENDCHAR
STARTCHAR uni1E3F
ENCODING 7743
SWIDTH 576 0
DWIDTH 9 0
BBX 9 15 0 -3
BITMAP
0000
0200
0400
0800
0000
7600
4900
4900
4900
4900
4900
4100
0000
0000
0000
ENDCHAR
STARTCHAR uni1E40
ENCODING 7744
SWIDTH 576 0
DWIDTH 9 0
BBX 9 15 0 -3
BITMAP
0000
0800
0800
4100
4100
6300
5500
5500
4900
4900
4100
4100
0000
0000
0000
ENDCHAR
STARTCHAR uni1E41
ENCODING 7745
SWIDTH 576 0
DWIDTH 9 0
BBX 9 15 0 -3
BITMAP
0000
0000
0800
0800
0000
7600
4900
4900
4900
4900
4900
4100
0000
0000
0000
ENDCHAR
STARTCHAR uni1E42
ENCODING 7746
SWIDTH 576 0
DWIDTH 9 0
BBX 9 15 0 -3
BITMAP
0000
0000
4100
4100
6300
5500
5500
4900
4900
4100
4100
4100
0800
0800
0000
ENDCHAR
STARTCHAR uni1E43
ENCODING 7747
SWIDTH 576 0
DWIDTH 9 0
BBX 9 15 0 -3
BITMAP
0000
0000
0000
0000
0000
7600
4900
4900
4900
4900
4900
4100
0800
0800
0000
ENDCHAR
STARTCHAR uni1E44
ENCODING 7748
SWIDTH 576 0
DWIDTH 9 0
BBX 9 15 0 -3
BITMAP
0000
0800
0800
4100
4100
6100
5100
4900
4500
4300
4100
4100
0000
0000
0000
ENDCHAR
STARTCHAR uni1E45
ENCODING 7749
SWIDTH 576 0
DWIDTH 9 0
BBX 9 15 0 -3
BITMAP
0000
0000
0800
0800
0000
5E00
6100
4100
4100
4100
4100
4100
0000
0000
0000
ENDCHAR
STARTCHAR uni1E46
ENCODING 7750
SWIDTH 576 0
DWIDTH 9 0
BBX 9 15 0 -3
BITMAP
0000
0000
4100
4100
6100
5100
4900
4500
4300
4100
4100
4100
0800
0800
0000
ENDCHAR
STARTCHAR uni1E47
ENCODING 7751
SWIDTH 576 0
DWIDTH 9 0
BBX 9 15 0 -3
BITMAP
0000
0000
0000
0000
0000
5E00
6100
4100
4100
4100
4100
4100
0800
0800
0000
ENDCHAR
STARTCHAR uni1E48
ENCODING 7752
SWIDTH 576 0
DWIDTH 9 0
BBX 9 15 0 -3
BITMAP
0000
0000
4100
4100
6100
5100
4900
4500
4300
4100
4100
4100
0000
3E00
0000
ENDCHAR
STARTCHAR uni1E49
ENCODING 7753
SWIDTH 576 0
DWIDTH 9 0
BBX 9 15 0 -3
BITMAP
0000
0000
0000
0000
0000
5E00
6100
4100
4100
4100
4100
4100
0000
3E00
0000
ENDCHAR
STARTCHAR uni1E4A
ENCODING 7754
SWIDTH 576 0
DWIDTH 9 0
BBX 9 15 0 -3
BITMAP
0000
0000
4100
4100
6100
5100
4900
4500
4300
4100
4100
4100
0800
1400
0000
ENDCHAR
STARTCHAR uni1E4B
ENCODING 7755
SWIDTH 576 0
DWIDTH 9 0
BBX 9 15 0 -3
BITMAP
0000
0000
0000
0000
0000
5E00
6100
4100
4100
4100
4100
4100
0800
1400
0000
ENDCHAR
STARTCHAR uni1E4C
ENCODING 7756
SWIDTH 576 0
DWIDTH 9 0
BBX 9 15 0 -3
BITMAP
0400
0800
3100
4E00
3E00
4100
4100
4100
4100
4100
4100
3E00
0000
0000
0000
ENDCHAR
STARTCHAR uni1E4D
ENCODING 7757
SWIDTH 576 0
DWIDTH 9 0
BBX 9 15 0 -3
BITMAP
0400
0800
3100
4E00
0000
3E00
4100
4100
4100
4100
4100
3E00
0000
0000
0000
ENDCHAR
STARTCHAR uni1E4E
ENCODING 7758
SWIDTH 576 0
DWIDTH 9 0
BBX 9 15 0 -3
BITMAP
2200
0000
3100
4E00
3E00
4100
4100
4100
4100
4100
4100
3E00
0000
0000
0000
ENDCHAR
STARTCHAR uni1E4F
ENCODING 7759
SWIDTH 576 0
DWIDTH 9 0
BBX 9 15 0 -3
BITMAP
2200
0000
3100
4E00
0000
3E00
4100
4100
4100
4100
4100
3E00
0000
0000
0000
ENDCHAR
STARTCHAR uni1E50
ENCODING 7760
SWIDTH 576 0
DWIDTH 9 0
BBX 9 15 0 -3
BITMAP
1000
0800
3E00
0000
3E00
4100
4100
4100
4100
4100
4100
3E00
0000
0000
0000
ENDCHAR
STARTCHAR uni1E51
ENCODING 7761
SWIDTH 576 0
DWIDTH 9 0
BBX 9 15 0 -3
BITMAP
1000
0800
0000
3E00
0000
3E00
4100
4100
4100
4100
4100
3E00
0000
0000
0000
ENDCHAR
STARTCHAR uni1E52
ENCODING 7762
SWIDTH 576 0
DWIDTH 9 0
BBX 9 15 0 -3
BITMAP
0400
0800
3E00
0000
3E00
4100
4100
4100
4100
4100
4100
3E00
0000
0000
0000
ENDCHAR
STARTCHAR uni1E53
ENCODING 7763
SWIDTH 576 0
DWIDTH 9 0
BBX 9 15 0 -3
BITMAP
0400
0800
0000
3E00
0000
3E00
4100
4100
4100
4100
4100
3E00
0000
0000
0000
ENDCHAR
STARTCHAR uni1E54
ENCODING 7764
SWIDTH 576 0
DWIDTH 9 0
BBX 9 15 0 -3
BITMAP
0200
0400
0800
0000
7E00
4100
4100
7E00
4000
4000
4000
4000
0000
0000
0000
ENDCHAR
STARTCHAR uni1E55
ENCODING 7765
SWIDTH 576 0
DWIDTH 9 0
BBX 9 15 0 -3
BITMAP
0000
0200
0400
0800
0000
5E00
6100
4100
4100
4100
6100
5E00
4000
4000
4000
ENDCHAR
STARTCHAR uni1E56
ENCODING 7766
SWIDTH 576 0
DWIDTH 9 0
BBX 9 15 0 -3
BITMAP
0000
0C00
0000
7E00
4100
4100
4100
7E00
4000
4000
4000
4000
0000
0000
0000
ENDCHAR
STARTCHAR uni1E57
ENCODING 7767
SWIDTH 576 0
DWIDTH 9 0
BBX 9 15 0 -3
BITMAP
0000
0000
0000
0C00
0000
5E00
6100
4100
4100
4100
6100
5E00
4000
4000
4000
ENDCHAR
STARTCHAR uni1E58
ENCODING 7768
SWIDTH 576 0
DWIDTH 9 0
BBX 9 15 0 -3
BITMAP
0000
0C00
0000
7E00
4100
4100
4100
7E00
4800
4400
4200
4100
0000
0000
0000
ENDCHAR
STARTCHAR uni1E59
ENCODING 7769
SWIDTH 576 0
DWIDTH 9 0
BBX 9 15 0 -3
BITMAP
0000
0000
0000
0C00
0000
4E00
3100
2100
2000
2000
2000
2000
0000
0000
0000
ENDCHAR
STARTCHAR uni1E5A
ENCODING 7770
SWIDTH 576 0
DWIDTH 9 0
BBX 9 15 0 -3
BITMAP
0000
0000
7E00
4100
4100
4100
7E00
4800
4400
4200
4100
4100
0800
0800
0000
ENDCHAR
STARTCHAR uni1E5B
ENCODING 7771
SWIDTH 576 0
DWIDTH 9 0
BBX 9 15 0 -3
BITMAP
0000
0000
0000
0000
0000
4E00
3100
2100
2000
2000
2000
2000
0000
0C00
0000
ENDCHAR
STARTCHAR uni1E5C
ENCODING 7772
SWIDTH 576 0
DWIDTH 9 0
BBX 9 15 0 -3
BITMAP
0000
0000
3E00
0000
7E00
4100
4100
7E00
4800
4400
4200
4100
0000
1800
0000
ENDCHAR
STARTCHAR uni1E5D
ENCODING 7773
SWIDTH 576 0
DWIDTH 9 0
BBX 9 15 0 -3
BITMAP
0000
0000
0000
3E00
0000
4E00
3100
2100
2000
2000
2000
2000
0000
0C00
0000
ENDCHAR
STARTCHAR uni1E5E
ENCODING 7774
SWIDTH 576 0
DWIDTH 9 0
BBX 9 15 0 -3
BITMAP
0000
0000
7E00
4100
4100
4100
7E00
4800
4400
4200
4100
4100
0000
3E00
0000
ENDCHAR
STARTCHAR uni1E5F
ENCODING 7775
SWIDTH 576 0
DWIDTH 9 0
BBX 9 15 0 -3
BITMAP
0000
0000
0000
0000
0000
4E00
3100
2100
2000
2000
2000
2000
0000
3E00
0000
ENDCHAR
STARTCHAR uni1E60
ENCODING 7776
SWIDTH 576 0
DWIDTH 9 0
BBX 9 15 0 -3
BITMAP
0000
0C00
0000
3E00
4100
4000
4000
3E00
0100
4100
4100
3E00
0000
0000
0000
ENDCHAR
STARTCHAR uni1E61
ENCODING 7777
SWIDTH 576 0
DWIDTH 9 0
BBX 9 15 0 -3
BITMAP
0000
0000
0000
0C00
0000
3E00
4100
4000
3E00
0100
4100
3E00
0000
0000
0000
ENDCHAR
STARTCHAR uni1E62
ENCODING 7778
SWIDTH 576 0
DWIDTH 9 0
BBX 9 15 0 -3
BITMAP
0000
0000
3E00
4100
4100
4000
3800
0600
0100
4100
4100
3E00
0000
0C00
0000
ENDCHAR
STARTCHAR uni1E63
ENCODING 7779
SWIDTH 576 0
DWIDTH 9 0
BBX 9 15 0 -3
BITMAP
0000
0000
0000
0000
0000
3E00
4100
4000
3E00
0100
4100
3E00
0000
0C00
0000
ENDCHAR
STARTCHAR uni1E64
ENCODING 7780
SWIDTH 576 0
DWIDTH 9 0
BBX 9 15 0 -3
BITMAP
1100
1200
0400
0000
3E00
4100
4000
3E00
0100
4100
4100
3E00
0000
0000
0000
ENDCHAR
STARTCHAR uni1E65
ENCODING 7781
SWIDTH 576 0
DWIDTH 9 0
BBX 9 15 0 -3
BITMAP
0000
1100
1200
0400
0000
3E00
4100
4000
3E00
0100
4100
3E00
0000
0000
0000
ENDCHAR
STARTCHAR uni1E66
ENCODING 7782
SWIDTH 576 0
DWIDTH 9 0
BBX 9 15 0 -3
BITMAP
0800
2200
1400
0800
3E00
4100
4000
3E00
0100
4100
4100
3E00
0000
0000
0000
ENDCHAR
STARTCHAR uni1E67
ENCODING 7783
SWIDTH 576 0
DWIDTH 9 0
BBX 9 15 0 -3
BITMAP
0800
2200
1400
0800
0000
3E00
4100
4000
3E00
0100
4100
3E00
0000
0000
0000
ENDCHAR
STARTCHAR uni1E68
ENCODING 7784
SWIDTH 576 0
DWIDTH 9 0
BBX 9 15 0 -3
BITMAP
0000
0C00
0000
3E00
4100
4000
4000
3E00
0100
4100
4100
3E00
0000
0C00
0000
ENDCHAR
STARTCHAR uni1E69
ENCODING 7785
SWIDTH 576 0
DWIDTH 9 0
BBX 9 15 0 -3
BITMAP
0000
0000
0000
0C00
0000
3E00
4100
4000
3E00
0100
4100
3E00
0000
0C00
0000
ENDCHAR
STARTCHAR uni1E6A
ENCODING 7786
SWIDTH 576 0
DWIDTH 9 0
BBX 9 15 0 -3
BITMAP
0000
0800
0800
0000
7F00
0800
0800
0800
0800
0800
0800
0800
0000
0000
0000
ENDCHAR
STARTCHAR uni1E6B
ENCODING 7787
SWIDTH 576 0
DWIDTH 9 0
BBX 9 15 0 -3
BITMAP
0000
0C00
0000
1000
1000
7E00
1000
1000
1000
1000
1100
0E00
0000
0000
0000
ENDCHAR
STARTCHAR uni1E6C
ENCODING 7788
SWIDTH 576 0
DWIDTH 9 0
BBX 9 15 0 -3
BITMAP
0000
0000
7F00
0800
0800
0800
0800
0800
0800
0800
0800
0800
0000
0800
0800
ENDCHAR
STARTCHAR uni1E6D
ENCODING 7789
SWIDTH 576 0
DWIDTH 9 0
BBX 9 15 0 -3
BITMAP
0000
0000
0000
1000
1000
7E00
1000
1000
1000
1000
1100
0E00
0000
0C00
0000
ENDCHAR
STARTCHAR uni1E6E
ENCODING 7790
SWIDTH 576 0
DWIDTH 9 0
BBX 9 15 0 -3
BITMAP
0000
0000
7F00
0800
0800
0800
0800
0800
0800
0800
0800
0800
0000
3E00
0000
ENDCHAR
STARTCHAR uni1E6F
ENCODING 7791
SWIDTH 576 0
DWIDTH 9 0
BBX 9 15 0 -3
BITMAP
0000
0000
0000
1000
1000
7E00
1000
1000
1000
1000
1100
0E00
0000
3E00
0000
ENDCHAR
STARTCHAR uni1E70
ENCODING 7792
SWIDTH 576 0
DWIDTH 9 0
BBX 9 15 0 -3
BITMAP
0000
0000
7F00
0800
0800
0800
0800
0800
0800
0800
0800
0800
0000
0800
1400
ENDCHAR
STARTCHAR uni1E71
ENCODING 7793
SWIDTH 576 0
DWIDTH 9 0
BBX 9 15 0 -3
BITMAP
0000
0000
0000
1000
1000
7E00
1000
1000
1000
1000
1100
0E00
0000
0800
1400
ENDCHAR
STARTCHAR uni1E72
ENCODING 7794
SWIDTH 576 0
DWIDTH 9 0
BBX 9 15 0 -3
BITMAP
0000
0000
4100
4100
4100
4100
4100
4100
4100
4100
4100
3E00
0000
2200
2200
ENDCHAR
STARTCHAR uni1E73
ENCODING 7795
SWIDTH 576 0
DWIDTH 9 0
BBX 9 15 0 -3
BITMAP
0000
0000
0000
0000
0000
4200
4200
4200
4200
4200
4200
3D00
0000
2400
2400
ENDCHAR
STARTCHAR uni1E74
ENCODING 7796
SWIDTH 576 0
DWIDTH 9 0
BBX 9 15 0 -3
BITMAP
0000
0000
4100
4100
4100
4100
4100
4100
4100
4100
4100
3E00
0000
1900
2600
ENDCHAR
STARTCHAR uni1E75
ENCODING 7797
SWIDTH 576 0
DWIDTH 9 0
BBX 9 15 0 -3
BITMAP
0000
0000
0000
0000
0000
4200
4200
4200
4200
4200
4200
3D00
0000
3200
4C00
ENDCHAR
STARTCHAR uni1E76
ENCODING 7798
SWIDTH 576 0
DWIDTH 9 0
BBX 9 15 0 -3
BITMAP
0000
0000
4100
4100
4100
4100
4100
4100
4100
4100
4100
3E00
0000
0800
1400
ENDCHAR
STARTCHAR uni1E77
ENCODING 7799
SWIDTH 576 0
DWIDTH 9 0
BBX 9 15 0 -3
BITMAP
0000
0000
0000
0000
0000
4200
4200
4200
4200
4200
4200
3D00
0000
1800
2400
ENDCHAR
STARTCHAR uni1E78
ENCODING 7800
SWIDTH 576 0
DWIDTH 9 0
BBX 9 15 0 -3
BITMAP
0400
0800
1900
2600
0000
4100
4100
4100
4100
4100
4100
3E00
0000
0000
0000
ENDCHAR
STARTCHAR uni1E79
ENCODING 7801
SWIDTH 576 0
DWIDTH 9 0
BBX 9 15 0 -3
BITMAP
0800
1000
0000
3200
4C00
0000
4200
4200
4200
4200
4200
3D00
0000
0000
0000
ENDCHAR
STARTCHAR uni1E7A
ENCODING 7802
SWIDTH 576 0
DWIDTH 9 0
BBX 9 15 0 -3
BITMAP
2200
0000
3E00
0000
4100
4100
4100
4100
4100
4100
4100
3E00
0000
0000
0000
ENDCHAR
STARTCHAR uni1E7B
ENCODING 7803
SWIDTH 576 0
DWIDTH 9 0
BBX 9 15 0 -3
BITMAP
0000
2400
0000
7E00
0000
4200
4200
4200
4200
4200
4200
3D00
0000
0000
0000
ENDCHAR
STARTCHAR uni1E7C
ENCODING 7804
SWIDTH 576 0
DWIDTH 9 0
BBX 9 15 0 -3
BITMAP
0000
1900
2600
0000
4100
2200
2200
2200
1400
1400
1400
0800
0000
0000
0000
ENDCHAR
STARTCHAR uni1E7D
ENCODING 7805
SWIDTH 576 0
DWIDTH 9 0
BBX 9 15 0 -3
BITMAP
0000
0000
1900
2600
0000
4100
4100
2200
2200
1400
1400
0800
0000
0000
0000
ENDCHAR
STARTCHAR uni1E7E
ENCODING 7806
SWIDTH 576 0
DWIDTH 9 0
BBX 9 15 0 -3
BITMAP
0000
0000
4100
4100
4100
2200
2200
2200
1400
1400
1400
0800
0000
0800
0800
ENDCHAR
STARTCHAR uni1E7F
ENCODING 7807
SWIDTH 576 0
DWIDTH 9 0
BBX 9 15 0 -3
BITMAP
0000
0000
0000
0000
0000
4100
4100
2200
2200
1400
1400
0800
0000
0800
0800
ENDCHAR
STARTCHAR Wgrave
ENCODING 7808
SWIDTH 576 0
DWIDTH 9 0
BBX 9 15 0 -3
BITMAP
2000
1000
0800
4100
4100
4100
4900
4900
4900
4900
5500
2200
0000
0000
0000
ENDCHAR
STARTCHAR wgrave
ENCODING 7809
SWIDTH 576 0
DWIDTH 9 0
BBX 9 15 0 -3
BITMAP
0000
2000
1000
0800
0000
4100
4100
4900
4900
4900
5500
2200
0000
0000
0000
ENDCHAR
STARTCHAR Wacute
ENCODING 7810
SWIDTH 576 0
DWIDTH 9 0
BBX 9 15 0 -3
BITMAP
0200
0400
0800
4100
4100
4100
4900
4900
4900
4900
5500
2200
0000
0000
0000
ENDCHAR
STARTCHAR wacute
ENCODING 7811
SWIDTH 576 0
DWIDTH 9 0
BBX 9 15 0 -3
BITMAP
0000
0200
0400
0800
0000
4100
4100
4900
4900
4900
5500
2200
0000
0000
0000
ENDCHAR
STARTCHAR Wdieresis
ENCODING 7812
SWIDTH 576 0
DWIDTH 9 0
BBX 9 15 0 -3
BITMAP
0000
2200
2200
0000
4100
4100
4900
4900
4900
4900
5500
2200
0000
0000
0000
ENDCHAR
STARTCHAR wdieresis
ENCODING 7813
SWIDTH 576 0
DWIDTH 9 0
BBX 9 15 0 -3
BITMAP
0000
0000
2200
2200
0000
4100
4100
4900
4900
4900
5500
2200
0000
0000
0000
ENDCHAR
STARTCHAR uni1E86
ENCODING 7814
SWIDTH 576 0
DWIDTH 9 0
BBX 9 15 0 -3
BITMAP
0000
0800
0800
4100
4100
4100
4900
4900
4900
4900
5500
2200
0000
0000
0000
ENDCHAR
STARTCHAR uni1E87
ENCODING 7815
SWIDTH 576 0
DWIDTH 9 0
BBX 9 15 0 -3
BITMAP
0000
0000
0800
0800
0000
4100
4100
4900
4900
4900
5500
2200
0000
0000
0000
ENDCHAR
STARTCHAR uni1E88
ENCODING 7816
SWIDTH 576 0
DWIDTH 9 0
BBX 9 15 0 -3
BITMAP
0000
0000
4100
4100
4100
4100
4900
4900
4900
4900
5500
2200
0000
0800
0800
ENDCHAR
STARTCHAR uni1E89
ENCODING 7817
SWIDTH 576 0
DWIDTH 9 0
BBX 9 15 0 -3
BITMAP
0000
0000
0000
0000
0000
4100
4100
4900
4900
4900
5500
2200
0000
0800
0800
ENDCHAR
STARTCHAR uni1E8A
ENCODING 7818
SWIDTH 576 0
DWIDTH 9 0
BBX 9 15 0 -3
BITMAP
0000
1800
0000
8100
4200
2400
1800
1800
2400
4200
8100
8100
0000
0000
0000
ENDCHAR
STARTCHAR uni1E8B
ENCODING 7819
SWIDTH 576 0
DWIDTH 9 0
BBX 9 15 0 -3
BITMAP
0000
0000
0800
0800
0000
4100
2200
1400
0800
1400
2200
4100
0000
0000
0000
ENDCHAR
STARTCHAR uni1E8C
ENCODING 7820
SWIDTH 576 0
DWIDTH 9 0
BBX 9 15 0 -3
BITMAP
0000
2200
2200
0000
4100
2200
1400
0800
0800
1400
2200
4100
0000
0000
0000
ENDCHAR
STARTCHAR uni1E8D
ENCODING 7821
SWIDTH 576 0
DWIDTH 9 0
BBX 9 15 0 -3
BITMAP
0000
0000
2200
2200
0000
4100
2200
1400
0800
1400
2200
4100
0000
0000
0000
ENDCHAR
STARTCHAR uni1E8E
ENCODING 7822
SWIDTH 576 0
DWIDTH 9 0
BBX 9 15 0 -3
BITMAP
0000
0800
0800
0000
4100
2200
1400
0800
0800
0800
0800
0800
0000
0000
0000
ENDCHAR
STARTCHAR uni1E8F
ENCODING 7823
SWIDTH 576 0
DWIDTH 9 0
BBX 9 15 0 -3
BITMAP
0000
0000
0000
1800
0000
4200
4200
4200
4200
4200
4600
3A00
0200
4200
3C00
ENDCHAR
STARTCHAR uni1E90
ENCODING 7824
SWIDTH 576 0
DWIDTH 9 0
BBX 9 15 0 -3
BITMAP
0800
1400
2200
0000
7F00
0200
0400
0800
1000
2000
4000
7F00
0000
0000
0000
ENDCHAR
STARTCHAR uni1E91
ENCODING 7825
SWIDTH 576 0
DWIDTH 9 0
BBX 9 15 0 -3
BITMAP
0000
0800
1400
2200
0000
7F00
0200
0400
0800
1000
2000
7F00
0000
0000
0000
ENDCHAR
STARTCHAR uni1E92
ENCODING 7826
SWIDTH 576 0
DWIDTH 9 0
BBX 9 15 0 -3
BITMAP
0000
0000
7F00
0100
0200
0400
0800
1000
2000
4000
4000
7F00
0000
0800
0800
ENDCHAR
STARTCHAR uni1E93
ENCODING 7827
SWIDTH 576 0
DWIDTH 9 0
BBX 9 15 0 -3
BITMAP
0000
0000
0000
0000
0000
7F00
0200
0400
0800
1000
2000
7F00
0000
0800
0800
ENDCHAR
STARTCHAR uni1E94
ENCODING 7828
SWIDTH 576 0
DWIDTH 9 0
BBX 9 15 0 -3
BITMAP
0000
0000
7F00
0100
0200
0400
0800
1000
2000
4000
4000
7F00
0000
3E00
0000
ENDCHAR
STARTCHAR uni1E95
ENCODING 7829
SWIDTH 576 0
DWIDTH 9 0
BBX 9 15 0 -3
BITMAP
0000
0000
0000
0000
0000
7F00
0200
0400
0800
1000
2000
7F00
0000
3E00
0000
ENDCHAR
STARTCHAR uni1E96
ENCODING 7830
SWIDTH 576 0
DWIDTH 9 0
BBX 9 15 0 -3
BITMAP
0000
0000
4000
4000
4000
5E00
6100
4100
4100
4100
4100
4100
0000
3E00
0000
ENDCHAR
STARTCHAR uni1E97
ENCODING 7831
SWIDTH 576 0
DWIDTH 9 0
BBX 9 15 0 -3
BITMAP
0000
2400
2400
0000
1000
7E00
1000
1000
1000
1000
1100
0E00
0000
0000
0000
ENDCHAR
STARTCHAR uni1E98
ENCODING 7832
SWIDTH 576 0
DWIDTH 9 0
BBX 9 15 0 -3
BITMAP
0000
0C00
1200
0C00
0000
4100
4100
4900
4900
4900
5500
2200
0000
0000
0000
ENDCHAR
STARTCHAR uni1E99
ENCODING 7833
SWIDTH 576 0
DWIDTH 9 0
BBX 9 15 0 -3
BITMAP
0000
1800
2400
1800
0000
4200
4200
4200
4200
4200
4600
3A00
0200
4200
3C00
ENDCHAR
STARTCHAR uni1E9A
ENCODING 7834
SWIDTH 576 0
DWIDTH 9 0
BBX 9 15 0 -3
BITMAP
0600
0100
0100
0600
0000
3E00
0100
0100
3F00
4100
4300
3D00
0000
0000
0000
ENDCHAR
STARTCHAR uni1E9B
ENCODING 7835
SWIDTH 576 0
DWIDTH 9 0
BBX 9 15 0 -3
BITMAP
0000
1800
0000
0E00
1100
1000
1000
7000
1000
1000
1000
1000
0000
0000
0000
ENDCHAR
STARTCHAR uni1E9C
ENCODING 7836
SWIDTH 576 0
DWIDTH 9 0
BBX 9 15 0 -3
BITMAP
0000
0000
0E00
1100
1000
1000
3000
1800
3000
1000
1000
1000
0000
0000
0000
ENDCHAR
STARTCHAR uni1E9D
ENCODING 7837
SWIDTH 576 0
DWIDTH 9 0
BBX 9 15 0 -3
BITMAP
0000
0000
0E00
1100
3800
1000
3000
1000
1000
1000
1000
1000
0000
0000
0000
ENDCHAR
STARTCHAR uni1E9E
ENCODING 7838
SWIDTH 576 0
DWIDTH 9 0
BBX 9 15 0 -3
BITMAP
0000
0000
1E00
2200
4400
4800
5C00
4200
4100
4100
5200
4C00
0000
0000
0000
ENDCHAR
STARTCHAR uni1E9F
ENCODING 7839
SWIDTH 576 0
DWIDTH 9 0
BBX 9 15 0 -3
BITMAP
0000
0000
3E00
4100
2000
3E00
4100
4100
4100
4100
4100
3E00
0000
0000
0000
ENDCHAR
STARTCHAR uni1EA0
ENCODING 7840
SWIDTH 576 0
DWIDTH 9 0
BBX 9 15 0 -3
BITMAP
0000
0000
0800
1400
2200
4100
4100
4100
7F00
4100
4100
4100
0000
0800
0800
ENDCHAR
STARTCHAR uni1EA1
ENCODING 7841
SWIDTH 576 0
DWIDTH 9 0
BBX 9 15 0 -3
BITMAP
0000
0000
0000
0000
0000
3E00
0100
0100
3F00
4100
4300
3D00
0000
1800
0000
ENDCHAR
STARTCHAR uni1EA2
ENCODING 7842
SWIDTH 576 0
DWIDTH 9 0
BBX 9 15 0 -3
BITMAP
0800
1400
0400
0800
3E00
4100
4100
4100
7F00
4100
4100
4100
0000
0000
0000
ENDCHAR
STARTCHAR uni1EA3
ENCODING 7843
SWIDTH 576 0
DWIDTH 9 0
BBX 9 15 0 -3
BITMAP
0000
0800
1400
0400
0800
3E00
0100
0100
3F00
4100
4300
3D00
0000
0000
0000
ENDCHAR
STARTCHAR uni1EA4
ENCODING 7844
SWIDTH 576 0
DWIDTH 9 0
BBX 9 15 0 -3
BITMAP
0080
3100
4A00
0000
3E00
4100
4100
4100
7F00
4100
4100
4100
0000
0000
0000
ENDCHAR
STARTCHAR uni1EA5
ENCODING 7845
SWIDTH 576 0
DWIDTH 9 0
BBX 9 15 0 -3
BITMAP
0000
0080
3100
4A00
0000
3E00
0100
0100
3F00
4100
4300
3D00
0000
0000
0000
ENDCHAR
STARTCHAR uni1EA6
ENCODING 7846
SWIDTH 576 0
DWIDTH 9 0
BBX 9 15 0 -3
BITMAP
8000
4600
2900
0000
3E00
4100
4100
4100
7F00
4100
4100
4100
0000
0000
0000
ENDCHAR
STARTCHAR uni1EA7
ENCODING 7847
SWIDTH 576 0
DWIDTH 9 0
BBX 9 15 0 -3
BITMAP
0000
8000
4600
2900
0000
3E00
0100
0100
3F00
4100
4300
3D00
0000
0000
0000
ENDCHAR
STARTCHAR uni1EA8
ENCODING 7848
SWIDTH 576 0
DWIDTH 9 0
BBX 9 15 0 -3
BITMAP
0600
3100
4A00
0000
3E00
4100
4100
4100
7F00
4100
4100
4100
0000
0000
0000
ENDCHAR
STARTCHAR uni1EA9
ENCODING 7849
SWIDTH 576 0
DWIDTH 9 0
BBX 9 15 0 -3
BITMAP
0600
0100
3200
4800
0000
3E00
0100
0100
3F00
4100
4300
3D00
0000
0000
0000
ENDCHAR
STARTCHAR uni1EAA
ENCODING 7850
SWIDTH 576 0
DWIDTH 9 0
BBX 9 15 0 -3
BITMAP
0A00
1400
1800
2400
3E00
4100
4100
7F00
4100
4100
4100
4100
0000
0000
0000
ENDCHAR
STARTCHAR uni1EAB
ENCODING 7851
SWIDTH 576 0
DWIDTH 9 0
BBX 9 15 0 -3
BITMAP
1400
2800
1800
2400
0000
3E00
0100
0100
3F00
4100
4300
3D00
0000
0000
0000
ENDCHAR
STARTCHAR uni1EAC
ENCODING 7852
SWIDTH 576 0
DWIDTH 9 0
BBX 9 15 0 -3
BITMAP
0800
1400
2200
0000
3E00
4100
4100
4100
7F00
4100
4100
4100
0000
0800
0800
ENDCHAR
STARTCHAR uni1EAD
ENCODING 7853
SWIDTH 576 0
DWIDTH 9 0
BBX 9 15 0 -3
BITMAP
0000
0800
1400
2200
0000
3E00
0100
0100
3F00
4100
4300
3D00
0000
0800
0800
ENDCHAR
STARTCHAR uni1EAE
ENCODING 7854
SWIDTH 576 0
DWIDTH 9 0
BBX 9 15 0 -3
BITMAP
0080
4900
3200
0000
3E00
4100
4100
4100
7F00
4100
4100
4100
0000
0000
0000
ENDCHAR
STARTCHAR uni1EAF
ENCODING 7855
SWIDTH 576 0
DWIDTH 9 0
BBX 9 15 0 -3
BITMAP
0000
0080
4900
3200
0000
3E00
0100
0100
3F00
4100
4300
3D00
0000
0000
0000
ENDCHAR
STARTCHAR uni1EB0
ENCODING 7856
SWIDTH 576 0
DWIDTH 9 0
BBX 9 15 0 -3
BITMAP
8000
4900
2600
0000
3E00
4100
4100
4100
7F00
4100
4100
4100
0000
0000
0000
ENDCHAR
STARTCHAR uni1EB1
ENCODING 7857
SWIDTH 576 0
DWIDTH 9 0
BBX 9 15 0 -3
BITMAP
0000
8000
4900
2600
0000
3E00
0100
0100
3F00
4100
4300
3D00
0000
0000
0000
ENDCHAR
STARTCHAR uni1EB2
ENCODING 7858
SWIDTH 576 0
DWIDTH 9 0
BBX 9 15 0 -3
BITMAP
0800
2200
1C00
0000
3E00
4100
4100
4100
7F00
4100
4100
4100
0000
0000
0000
ENDCHAR
STARTCHAR uni1EB3
ENCODING 7859
SWIDTH 576 0
DWIDTH 9 0
BBX 9 15 0 -3
BITMAP
0800
0800
2200
1C00
0000
3E00
0100
0100
3F00
4100
4300
3D00
0000
0000
0000
ENDCHAR
STARTCHAR uni1EB4
ENCODING 7860
SWIDTH 576 0
DWIDTH 9 0
BBX 9 15 0 -3
BITMAP
0A00
1400
2200
1C00
0000
1C00
2200
4100
4100
7F00
4100
4100
0000
0000
0000
ENDCHAR
STARTCHAR uni1EB5
ENCODING 7861
SWIDTH 576 0
DWIDTH 9 0
BBX 9 15 0 -3
BITMAP
0A00
1400
2200
1C00
0000
3E00
0100
0100
3F00
4100
4300
3D00
0000
0000
0000
ENDCHAR
STARTCHAR uni1EB6
ENCODING 7862
SWIDTH 576 0
DWIDTH 9 0
BBX 9 15 0 -3
BITMAP
0000
2200
1C00
0000
3E00
4100
4100
4100
7F00
4100
4100
4100
0000
0800
0800
ENDCHAR
STARTCHAR uni1EB7
ENCODING 7863
SWIDTH 576 0
DWIDTH 9 0
BBX 9 15 0 -3
BITMAP
0000
0000
2200
1C00
0000
3E00
0100
0100
3F00
4100
4300
3D00
0000
0800
0800
ENDCHAR
STARTCHAR uni1EB8
ENCODING 7864
SWIDTH 576 0
DWIDTH 9 0
BBX 9 15 0 -3
BITMAP
0000
0000
7F00
4000
4000
4000
7C00
4000
4000
4000
4000
7F00
0000
0800
0800
ENDCHAR
STARTCHAR uni1EB9
ENCODING 7865
SWIDTH 576 0
DWIDTH 9 0
BBX 9 15 0 -3
BITMAP
0000
0000
0000
0000
0000
3E00
4100
4100
7F00
4000
4000
3E00
0000
0800
0800
ENDCHAR
STARTCHAR uni1EBA
ENCODING 7866
SWIDTH 576 0
DWIDTH 9 0
BBX 9 15 0 -3
BITMAP
1800
0400
0800
0000
7F00
4000
4000
7C00
4000
4000
4000
7F00
0000
0000
0000
ENDCHAR
STARTCHAR uni1EBB
ENCODING 7867
SWIDTH 576 0
DWIDTH 9 0
BBX 9 15 0 -3
BITMAP
0000
1800
0400
0800
0000
3E00
4100
4100
7F00
4000
4000
3E00
0000
0000
0000
ENDCHAR
STARTCHAR uni1EBC
ENCODING 7868
SWIDTH 576 0
DWIDTH 9 0
BBX 9 15 0 -3
BITMAP
0000
1900
2600
0000
7F00
4000
4000
7C00
4000
4000
4000
7F00
0000
0000
0000
ENDCHAR
STARTCHAR uni1EBD
ENCODING 7869
SWIDTH 576 0
DWIDTH 9 0
BBX 9 15 0 -3
BITMAP
0000
0000
1900
2600
0000
3E00
4100
4100
7F00
4000
4000
3E00
0000
0000
0000
ENDCHAR
STARTCHAR uni1EBE
ENCODING 7870
SWIDTH 576 0
DWIDTH 9 0
BBX 9 15 0 -3
BITMAP
0080
3100
4A00
0000
7F00
4000
4000
7C00
4000
4000
4000
7F00
0000
0000
0000
ENDCHAR
STARTCHAR uni1EBF
ENCODING 7871
SWIDTH 576 0
DWIDTH 9 0
BBX 9 15 0 -3
BITMAP
0000
0080
3100
4A00
0000
3E00
4100
4100
7F00
4000
4000
3E00
0000
0000
0000
ENDCHAR
STARTCHAR uni1EC0
ENCODING 7872
SWIDTH 576 0
DWIDTH 9 0
BBX 9 15 0 -3
BITMAP
8000
4600
2900
0000
7F00
4000
4000
7C00
4000
4000
4000
7F00
0000
0000
0000
ENDCHAR
STARTCHAR uni1EC1
ENCODING 7873
SWIDTH 576 0
DWIDTH 9 0
BBX 9 15 0 -3
BITMAP
0000
8000
4600
2900
0000
3E00
4100
4100
7F00
4000
4000
3E00
0000
0000
0000
ENDCHAR
STARTCHAR uni1EC2
ENCODING 7874
SWIDTH 576 0
DWIDTH 9 0
BBX 9 15 0 -3
BITMAP
0600
3100
4A00
0000
7F00
4000
4000
7C00
4000
4000
4000
7F00
0000
0000
0000
ENDCHAR
STARTCHAR uni1EC3
ENCODING 7875
SWIDTH 576 0
DWIDTH 9 0
BBX 9 15 0 -3
BITMAP
0000
0600
3100
4A00
0000
3E00
4100
4100
7F00
4000
4000
3E00
0000
0000
0000
ENDCHAR
STARTCHAR uni1EC4
ENCODING 7876
SWIDTH 576 0
DWIDTH 9 0
BBX 9 15 0 -3
BITMAP
3200
4C00
0800
1400
7F00
4000
4000
7C00
4000
4000
4000
7F00
0000
0000
0000
ENDCHAR
STARTCHAR uni1EC5
ENCODING 7877
SWIDTH 576 0
DWIDTH 9 0
BBX 9 15 0 -3
BITMAP
3200
4C00
1000
2800
0000
3E00
4100
4100
7F00
4000
4000
3E00
0000
0000
0000
ENDCHAR
STARTCHAR uni1EC6
ENCODING 7878
SWIDTH 576 0
DWIDTH 9 0
BBX 9 15 0 -3
BITMAP
0800
1400
2200
0000
7F00
4000
4000
7C00
4000
4000
4000
7F00
0000
0800
0800
ENDCHAR
STARTCHAR uni1EC7
ENCODING 7879
SWIDTH 576 0
DWIDTH 9 0
BBX 9 15 0 -3
BITMAP
0000
0800
1400
2200
0000
3E00
4100
4100
7F00
4000
4000
3E00
0000
0800
0800
ENDCHAR
STARTCHAR uni1EC8
ENCODING 7880
SWIDTH 576 0
DWIDTH 9 0
BBX 9 15 0 -3
BITMAP
1800
0400
0800
0000
3E00
0800
0800
0800
0800
0800
0800
3E00
0000
0000
0000
ENDCHAR
STARTCHAR uni1EC9
ENCODING 7881
SWIDTH 576 0
DWIDTH 9 0
BBX 9 15 0 -3
BITMAP
0000
1800
0400
0800
0000
3800
0800
0800
0800
0800
0800
3E00
0000
0000
0000
ENDCHAR
STARTCHAR uni1ECA
ENCODING 7882
SWIDTH 576 0
DWIDTH 9 0
BBX 9 15 0 -3
BITMAP
0000
0000
3E00
0800
0800
0800
0800
0800
0800
0800
0800
3E00
0000
0800
0800
ENDCHAR
STARTCHAR uni1ECB
ENCODING 7883
SWIDTH 576 0
DWIDTH 9 0
BBX 9 15 0 -3
BITMAP
0000
0000
1800
0000
0000
3800
0800
0800
0800
0800
0800
3E00
0000
0800
0800
ENDCHAR
STARTCHAR uni1ECC
ENCODING 7884
SWIDTH 576 0
DWIDTH 9 0
BBX 9 15 0 -3
BITMAP
0000
0000
3E00
4100
4100
4100
4100
4100
4100
4100
4100
3E00
0000
0800
0800
ENDCHAR
STARTCHAR uni1ECD
ENCODING 7885
SWIDTH 576 0
DWIDTH 9 0
BBX 9 15 0 -3
BITMAP
0000
0000
0000
0000
0000
3E00
4100
4100
4100
4100
4100
3E00
0000
0800
0800
ENDCHAR
STARTCHAR uni1ECE
ENCODING 7886
SWIDTH 576 0
DWIDTH 9 0
BBX 9 15 0 -3
BITMAP
1800
0400
0800
0000
3E00
4100
4100
4100
4100
4100
4100
3E00
0000
0000
0000
ENDCHAR
STARTCHAR uni1ECF
ENCODING 7887
SWIDTH 576 0
DWIDTH 9 0
BBX 9 15 0 -3
BITMAP
0000
1800
0400
0800
0000
3E00
4100
4100
4100
4100
4100
3E00
0000
0000
0000
ENDCHAR
STARTCHAR uni1ED0
ENCODING 7888
SWIDTH 576 0
DWIDTH 9 0
BBX 9 15 0 -3
BITMAP
0080
3100
4A00
0000
3E00
4100
4100
4100
4100
4100
4100
3E00
0000
0000
0000
ENDCHAR
STARTCHAR uni1ED1
ENCODING 7889
SWIDTH 576 0
DWIDTH 9 0
BBX 9 15 0 -3
BITMAP
0000
0080
3100
4A00
0000
3E00
4100
4100
4100
4100
4100
3E00
0000
0000
0000
ENDCHAR
STARTCHAR uni1ED2
ENCODING 7890
SWIDTH 576 0
DWIDTH 9 0
BBX 9 15 0 -3
BITMAP
8000
4600
2900
0000
3E00
4100
4100
4100
4100
4100
4100
3E00
0000
0000
0000
ENDCHAR
STARTCHAR uni1ED3
ENCODING 7891
SWIDTH 576 0
DWIDTH 9 0
BBX 9 15 0 -3
BITMAP
0000
8000
4600
2900
0000
3E00
4100
4100
4100
4100
4100
3E00
0000
0000
0000
ENDCHAR
STARTCHAR uni1ED4
ENCODING 7892
SWIDTH 576 0
DWIDTH 9 0
BBX 9 15 0 -3
BITMAP
0600
3100
4A00
0000
3E00
4100
4100
4100
4100
4100
4100
3E00
0000
0000
0000
ENDCHAR
STARTCHAR uni1ED5
ENCODING 7893
SWIDTH 576 0
DWIDTH 9 0
BBX 9 15 0 -3
BITMAP
0000
0600
3100
4A00
0000
3E00
4100
4100
4100
4100
4100
3E00
0000
0000
0000
ENDCHAR
STARTCHAR uni1ED6
ENCODING 7894
SWIDTH 576 0
DWIDTH 9 0
BBX 9 15 0 -3
BITMAP
1900
2600
1C00
2200
3E00
4100
4100
4100
4100
4100
4100
3E00
0000
0000
0000
ENDCHAR
STARTCHAR uni1ED7
ENCODING 7895
SWIDTH 576 0
DWIDTH 9 0
BBX 9 15 0 -3
BITMAP
1900
2600
0000
1C00
2200
3E00
4100
4100
4100
4100
4100
3E00
0000
0000
0000
ENDCHAR
STARTCHAR uni1ED8
ENCODING 7896
SWIDTH 576 0
DWIDTH 9 0
BBX 9 15 0 -3
BITMAP
0800
1400
2200
0000
3E00
4100
4100
4100
4100
4100
4100
3E00
0000
0800
0800
ENDCHAR
STARTCHAR uni1ED9
ENCODING 7897
SWIDTH 576 0
DWIDTH 9 0
BBX 9 15 0 -3
BITMAP
0000
0800
1400
2200
0000
3E00
4100
4100
4100
4100
4100
3E00
0000
0800
0800
ENDCHAR
STARTCHAR uni1EDA
ENCODING 7898
SWIDTH 576 0
DWIDTH 9 0
BBX 9 15 0 -3
BITMAP
0200
0400
0800
0000
3C80
4280
4300
4200
4200
4200
4200
3C00
0000
0000
0000
ENDCHAR
STARTCHAR uni1EDB
ENCODING 7899
SWIDTH 576 0
DWIDTH 9 0
BBX 9 15 0 -3
BITMAP
0000
0200
0400
0800
0000
3C80
4280
4300
4200
4200
4200
3C00
0000
0000
0000
ENDCHAR
STARTCHAR uni1EDC
ENCODING 7900
SWIDTH 576 0
DWIDTH 9 0
BBX 9 15 0 -3
BITMAP
2000
1000
0800
0000
3C80
4280
4300
4200
4200
4200
4200
3C00
0000
0000
0000
ENDCHAR
STARTCHAR uni1EDD
ENCODING 7901
SWIDTH 576 0
DWIDTH 9 0
BBX 9 15 0 -3
BITMAP
0000
2000
1000
0800
0000
3C80
4280
4300
4200
4200
4200
3C00
0000
0000
0000
ENDCHAR
STARTCHAR uni1EDE
ENCODING 7902
SWIDTH 576 0
DWIDTH 9 0
BBX 9 15 0 -3
BITMAP
1800
0400
0800
0000
3C80
4280
4300
4200
4200
4200
4200
3C00
0000
0000
0000
ENDCHAR
STARTCHAR uni1EDF
ENCODING 7903
SWIDTH 576 0
DWIDTH 9 0
BBX 9 15 0 -3
BITMAP
0000
1800
0400
0800
0000
3C80
4280
4300
4200
4200
4200
3C00
0000
0000
0000
ENDCHAR
STARTCHAR uni1EE0
ENCODING 7904
SWIDTH 576 0
DWIDTH 9 0
BBX 9 15 0 -3
BITMAP
0000
1900
2600
0000
3C80
4280
4300
4200
4200
4200
4200
3C00
0000
0000
0000
ENDCHAR
STARTCHAR uni1EE1
ENCODING 7905
SWIDTH 576 0
DWIDTH 9 0
BBX 9 15 0 -3
BITMAP
0000
0000
1900
2600
0000
3C80
4280
4300
4200
4200
4200
3C00
0000
0000
0000
ENDCHAR
STARTCHAR uni1EE2
ENCODING 7906
SWIDTH 576 0
DWIDTH 9 0
BBX 9 15 0 -3
BITMAP
0000
0000
0000
0000
3C80
4280
4300
4200
4200
4200
4200
3C00
0000
0800
0800
ENDCHAR
STARTCHAR uni1EE3
ENCODING 7907
SWIDTH 576 0
DWIDTH 9 0
BBX 9 15 0 -3
BITMAP
0000
0000
0000
0000
0000
3C80
4280
4300
4200
4200
4200
3C00
0000
0800
0800
ENDCHAR
STARTCHAR uni1EE4
ENCODING 7908
SWIDTH 576 0
DWIDTH 9 0
BBX 9 15 0 -3
BITMAP
0000
0000
4100
4100
4100
4100
4100
4100
4100
4100
4100
3E00
0000
0800
0800
ENDCHAR
STARTCHAR uni1EE5
ENCODING 7909
SWIDTH 576 0
DWIDTH 9 0
BBX 9 15 0 -3
BITMAP
0000
0000
0000
0000
0000
4200
4200
4200
4200
4200
4200
3D00
0000
1800
0000
ENDCHAR
STARTCHAR uni1EE6
ENCODING 7910
SWIDTH 576 0
DWIDTH 9 0
BBX 9 15 0 -3
BITMAP
1800
0400
0800
0000
4100
4100
4100
4100
4100
4100
4100
3E00
0000
0000
0000
ENDCHAR
STARTCHAR uni1EE7
ENCODING 7911
SWIDTH 576 0
DWIDTH 9 0
BBX 9 15 0 -3
BITMAP
0000
1800
0400
0800
0000
4200
4200
4200
4200
4200
4200
3D00
0000
0000
0000
ENDCHAR
STARTCHAR uni1EE8
ENCODING 7912
SWIDTH 576 0
DWIDTH 9 0
BBX 9 15 0 -3
BITMAP
0200
0400
0800
0000
4280
4280
4300
4200
4200
4200
4200
3C00
0000
0000
0000
ENDCHAR
STARTCHAR uni1EE9
ENCODING 7913
SWIDTH 576 0
DWIDTH 9 0
BBX 9 15 0 -3
BITMAP
0000
0400
0800
1000
0000
4280
4280
4300
4200
4200
4200
3D00
0000
0000
0000
ENDCHAR
STARTCHAR uni1EEA
ENCODING 7914
SWIDTH 576 0
DWIDTH 9 0
BBX 9 15 0 -3
BITMAP
2000
1000
0800
0000
4280
4280
4300
4200
4200
4200
4200
3C00
0000
0000
0000
ENDCHAR
STARTCHAR uni1EEB
ENCODING 7915
SWIDTH 576 0
DWIDTH 9 0
BBX 9 15 0 -3
BITMAP
0000
4000
2000
1000
0000
4280
4280
4300
4200
4200
4200
3D00
0000
0000
0000
ENDCHAR
STARTCHAR uni1EEC
ENCODING 7916
SWIDTH 576 0
DWIDTH 9 0
BBX 9 15 0 -3
BITMAP
1800
0400
0800
0000
4280
4280
4300
4200
4200
4200
4200
3C00
0000
0000
0000
ENDCHAR
STARTCHAR uni1EED
ENCODING 7917
SWIDTH 576 0
DWIDTH 9 0
BBX 9 15 0 -3
BITMAP
0000
3000
0800
1000
0000
4280
4280
4300
4200
4200
4200
3D00
0000
0000
0000
ENDCHAR
STARTCHAR uni1EEE
ENCODING 7918
SWIDTH 576 0
DWIDTH 9 0
BBX 9 15 0 -3
BITMAP
0000
3200
4C00
0000
4280
4280
4300
4200
4200
4200
4200
3C00
0000
0000
0000
ENDCHAR
STARTCHAR uni1EEF
ENCODING 7919
SWIDTH 576 0
DWIDTH 9 0
BBX 9 15 0 -3
BITMAP
0000
3200
4C00
0000
0000
4280
4280
4300
4200
4200
4200
3D00
0000
0000
0000
ENDCHAR
STARTCHAR uni1EF0
ENCODING 7920
SWIDTH 576 0
DWIDTH 9 0
BBX 9 15 0 -3
BITMAP
0000
0000
0000
0000
4280
4280
4300
4200
4200
4200
4200
3E00
0000
0800
0800
ENDCHAR
STARTCHAR uni1EF1
ENCODING 7921
SWIDTH 576 0
DWIDTH 9 0
BBX 9 15 0 -3
BITMAP
0000
0000
0000
0000
0000
4280
4280
4300
4200
4200
4200
3D00
0000
0800
0800
ENDCHAR
STARTCHAR Ygrave
ENCODING 7922
SWIDTH 576 0
DWIDTH 9 0
BBX 9 15 0 -3
BITMAP
2000
1000
0800
0000
4100
4100
2200
1400
0800
0800
0800
0800
0000
0000
0000
ENDCHAR
STARTCHAR ygrave
ENCODING 7923
SWIDTH 576 0
DWIDTH 9 0
BBX 9 15 0 -3
BITMAP
0000
2000
1000
0800
0000
4200
4200
4200
4200
4200
4600
3A00
0200
4200
3C00
ENDCHAR
STARTCHAR uni1EF4
ENCODING 7924
SWIDTH 576 0
DWIDTH 9 0
BBX 9 15 0 -3
BITMAP
0000
0000
4100
4100
2200
1400
0800
0800
0800
0800
0800
0800
0000
0800
0800
ENDCHAR
STARTCHAR uni1EF5
ENCODING 7925
SWIDTH 576 0
DWIDTH 9 0
BBX 9 15 0 -3
BITMAP
0000
0000
0000
0000
0000
4200
4200
4200
4200
4200
4600
3A00
0200
4280
3C80
ENDCHAR
STARTCHAR uni1EF6
ENCODING 7926
SWIDTH 576 0
DWIDTH 9 0
BBX 9 15 0 -3
BITMAP
1800
0400
0800
0000
4100
4100
2200
1400
0800
0800
0800
0800
0000
0000
0000
ENDCHAR
STARTCHAR uni1EF7
ENCODING 7927
SWIDTH 576 0
DWIDTH 9 0
BBX 9 15 0 -3
BITMAP
0000
3000
0800
1000
0000
4200
4200
4200
4200
4200
4600
3A00
0200
4200
3C00
ENDCHAR
STARTCHAR uni1EF8
ENCODING 7928
SWIDTH 576 0
DWIDTH 9 0
BBX 9 15 0 -3
BITMAP
0000
1900
2600
0000
4100
4100
2200
1400
0800
0800
0800
0800
0000
0000
0000
ENDCHAR
STARTCHAR uni1EF9
ENCODING 7929
SWIDTH 576 0
DWIDTH 9 0
BBX 9 15 0 -3
BITMAP
0000
0000
3200
4C00
0000
4200
4200
4200
4200
4200
4600
3A00
0200
4200
3C00
ENDCHAR
STARTCHAR uni1EFA
ENCODING 7930
SWIDTH 576 0
DWIDTH 9 0
BBX 9 15 0 -3
BITMAP
0000
0000
7400
2400
2400
2400
2400
2400
2400
2400
2400
7700
0000
0000
0000
ENDCHAR
STARTCHAR uni1EFB
ENCODING 7931
SWIDTH 576 0
DWIDTH 9 0
BBX 9 15 0 -3
BITMAP
0000
0000
6600
2200
7F00
2200
2200
2200
2200
2200
2200
7700
0000
0000
0000
ENDCHAR
STARTCHAR uni1EFC
ENCODING 7932
SWIDTH 576 0
DWIDTH 9 0
BBX 9 15 0 -3
BITMAP
0000
0000
1000
1000
2000
2200
4100
4100
4100
4100
2200
1C00
0000
0000
0000
ENDCHAR
STARTCHAR uni1EFD
ENCODING 7933
SWIDTH 576 0
DWIDTH 9 0
BBX 9 15 0 -3
BITMAP
0000
0000
0800
0800
1000
1400
2200
2200
2200
2200
2200
1C00
0000
0000
0000
ENDCHAR
STARTCHAR uni1EFE
ENCODING 7934
SWIDTH 576 0
DWIDTH 9 0
BBX 9 15 0 -3
BITMAP
0000
0000
4100
4100
2200
1400
0800
0800
0800
0800
0C00
1800
2800
2800
1000
ENDCHAR
STARTCHAR uni1EFF
ENCODING 7935
SWIDTH 576 0
DWIDTH 9 0
BBX 9 15 0 -3
BITMAP
0000
0000
0000
0000
0000
4200
4200
4200
4200
4200
4700
3E00
0A00
1200
0C00
ENDCHAR
STARTCHAR uni2000
ENCODING 8192
SWIDTH 576 0
DWIDTH 9 0
BBX 9 15 0 -3
BITMAP
0000
0000
0000
0000
0000
0000
0000
0000
0000
0000
0000
0000
0000
0000
0000
ENDCHAR
STARTCHAR uni2001
ENCODING 8193
SWIDTH 576 0
DWIDTH 9 0
BBX 9 15 0 -3
BITMAP
0000
0000
0000
0000
0000
0000
0000
0000
0000
0000
0000
0000
0000
0000
0000
ENDCHAR
STARTCHAR uni2002
ENCODING 8194
SWIDTH 576 0
DWIDTH 9 0
BBX 9 15 0 -3
BITMAP
0000
0000
0000
0000
0000
0000
0000
0000
0000
0000
0000
0000
0000
0000
0000
ENDCHAR
STARTCHAR uni2003
ENCODING 8195
SWIDTH 576 0
DWIDTH 9 0
BBX 9 15 0 -3
BITMAP
0000
0000
0000
0000
0000
0000
0000
0000
0000
0000
0000
0000
0000
0000
0000
ENDCHAR
STARTCHAR uni2004
ENCODING 8196
SWIDTH 576 0
DWIDTH 9 0
BBX 9 15 0 -3
BITMAP
0000
0000
0000
0000
0000
0000
0000
0000
0000
0000
0000
0000
0000
0000
0000
ENDCHAR
STARTCHAR uni2005
ENCODING 8197
SWIDTH 576 0
DWIDTH 9 0
BBX 9 15 0 -3
BITMAP
0000
0000
0000
0000
0000
0000
0000
0000
0000
0000
0000
0000
0000
0000
0000
ENDCHAR
STARTCHAR uni2006
ENCODING 8198
SWIDTH 576 0
DWIDTH 9 0
BBX 9 15 0 -3
BITMAP
0000
0000
0000
0000
0000
0000
0000
0000
0000
0000
0000
0000
0000
0000
0000
ENDCHAR
STARTCHAR uni2007
ENCODING 8199
SWIDTH 576 0
DWIDTH 9 0
BBX 9 15 0 -3
BITMAP
0000
0000
0000
0000
0000
0000
0000
0000
0000
0000
0000
0000
0000
0000
0000
ENDCHAR
STARTCHAR uni2008
ENCODING 8200
SWIDTH 576 0
DWIDTH 9 0
BBX 9 15 0 -3
BITMAP
0000
0000
0000
0000
0000
0000
0000
0000
0000
0000
0000
0000
0000
0000
0000
ENDCHAR
STARTCHAR uni2009
ENCODING 8201
SWIDTH 576 0
DWIDTH 9 0
BBX 9 15 0 -3
BITMAP
0000
0000
0000
0000
0000
0000
0000
0000
0000
0000
0000
0000
0000
0000
0000
ENDCHAR
STARTCHAR uni200A
ENCODING 8202
SWIDTH 576 0
DWIDTH 9 0
BBX 9 15 0 -3
BITMAP
0000
0000
0000
0000
0000
0000
0000
0000
0000
0000
0000
0000
0000
0000
0000
ENDCHAR
STARTCHAR uni200B
ENCODING 8203
SWIDTH 576 0
DWIDTH 9 0
BBX 9 15 0 -3
BITMAP
0000
0000
0000
0000
0000
0000
0000
0000
0000
0000
0000
0000
0000
0000
0000
ENDCHAR
STARTCHAR afii61664
ENCODING 8204
SWIDTH 576 0
DWIDTH 9 0
BBX 9 15 0 -3
BITMAP
0000
0000
0000
0000
0000
0000
0000
0000
0000
0000
0000
0000
0000
0000
0000
ENDCHAR
STARTCHAR afii301
ENCODING 8205
SWIDTH 576 0
DWIDTH 9 0
BBX 9 15 0 -3
BITMAP
0000
0000
0000
0000
0000
0000
0000
0000
0000
0000
0000
0000
0000
0000
0000
ENDCHAR
STARTCHAR uni2010
ENCODING 8208
SWIDTH 576 0
DWIDTH 9 0
BBX 9 15 0 -3
BITMAP
0000
0000
0000
0000
0000
0000
0000
3E00
0000
0000
0000
0000
0000
0000
0000
ENDCHAR
STARTCHAR uni2011
ENCODING 8209
SWIDTH 576 0
DWIDTH 9 0
BBX 9 15 0 -3
BITMAP
0000
0000
0000
0000
0000
0000
0000
3E00
0000
0000
0000
0000
0000
0000
0000
ENDCHAR
STARTCHAR figuredash
ENCODING 8210
SWIDTH 576 0
DWIDTH 9 0
BBX 9 15 0 -3
BITMAP
0000
0000
0000
0000
0000
0000
0000
7F00
0000
0000
0000
0000
0000
0000
0000
ENDCHAR
STARTCHAR endash
ENCODING 8211
SWIDTH 576 0
DWIDTH 9 0
BBX 9 15 0 -3
BITMAP
0000
0000
0000
0000
0000
0000
0000
7F00
0000
0000
0000
0000
0000
0000
0000
ENDCHAR
STARTCHAR emdash
ENCODING 8212
SWIDTH 576 0
DWIDTH 9 0
BBX 9 15 0 -3
BITMAP
0000
0000
0000
0000
0000
0000
0000
FF80
0000
0000
0000
0000
0000
0000
0000
ENDCHAR
STARTCHAR afii00208
ENCODING 8213
SWIDTH 576 0
DWIDTH 9 0
BBX 9 15 0 -3
BITMAP
0000
0000
0000
0000
0000
0000
0000
FF80
0000
0000
0000
0000
0000
0000
0000
ENDCHAR
STARTCHAR uni2016
ENCODING 8214
SWIDTH 576 0
DWIDTH 9 0
BBX 9 15 0 -3
BITMAP
0000
0000
1400
1400
1400
1400
1400
1400
1400
1400
1400
1400
0000
0000
0000
ENDCHAR
STARTCHAR underscoredbl
ENCODING 8215
SWIDTH 576 0
DWIDTH 9 0
BBX 9 15 0 -3
BITMAP
0000
0000
0000
0000
0000
0000
0000
0000
0000
0000
0000
0000
7F00
0000
7F00
ENDCHAR
STARTCHAR quoteleft
ENCODING 8216
SWIDTH 576 0
DWIDTH 9 0
BBX 9 15 0 -3
BITMAP
0000
0000
0800
1000
1800
1800
0000
0000
0000
0000
0000
0000
0000
0000
0000
ENDCHAR
STARTCHAR quoteright
ENCODING 8217
SWIDTH 576 0
DWIDTH 9 0
BBX 9 15 0 -3
BITMAP
0000
0000
1800
1800
0800
1000
0000
0000
0000
0000
0000
0000
0000
0000
0000
ENDCHAR
STARTCHAR quotesinglbase
ENCODING 8218
SWIDTH 576 0
DWIDTH 9 0
BBX 9 15 0 -3
BITMAP
0000
0000
0000
0000
0000
0000
0000
0000
0000
0000
1800
1800
0800
1000
0000
ENDCHAR
STARTCHAR quotereversed
ENCODING 8219
SWIDTH 576 0
DWIDTH 9 0
BBX 9 15 0 -3
BITMAP
0000
0000
1800
1800
1000
0800
0000
0000
0000
0000
0000
0000
0000
0000
0000
ENDCHAR
STARTCHAR quotedblleft
ENCODING 8220
SWIDTH 576 0
DWIDTH 9 0
BBX 9 15 0 -3
BITMAP
0000
0000
1200
2400
3600
3600
0000
0000
0000
0000
0000
0000
0000
0000
0000
ENDCHAR
STARTCHAR quotedblright
ENCODING 8221
SWIDTH 576 0
DWIDTH 9 0
BBX 9 15 0 -3
BITMAP
0000
0000
3600
3600
1200
2400
0000
0000
0000
0000
0000
0000
0000
0000
0000
ENDCHAR
STARTCHAR quotedblbase
ENCODING 8222
SWIDTH 576 0
DWIDTH 9 0
BBX 9 15 0 -3
BITMAP
0000
0000
0000
0000
0000
0000
0000
0000
0000
0000
3600
3600
1200
2400
0000
ENDCHAR
STARTCHAR uni201F
ENCODING 8223
SWIDTH 576 0
DWIDTH 9 0
BBX 9 15 0 -3
BITMAP
0000
0000
3600
3600
2400
1200
0000
0000
0000
0000
0000
0000
0000
0000
0000
ENDCHAR
STARTCHAR dagger
ENCODING 8224
SWIDTH 576 0
DWIDTH 9 0
BBX 9 15 0 -3
BITMAP
0000
0800
1C00
0800
2A00
7F00
2A00
0800
1C00
0800
0800
0800
0800
0800
0000
ENDCHAR
STARTCHAR daggerdbl
ENCODING 8225
SWIDTH 576 0
DWIDTH 9 0
BBX 9 15 0 -3
BITMAP
0000
0800
1C00
0800
2A00
7F00
2A00
0800
2A00
7F00
2A00
0800
1C00
0800
0000
ENDCHAR
STARTCHAR bullet
ENCODING 8226
SWIDTH 576 0
DWIDTH 9 0
BBX 9 15 0 -3
BITMAP
0000
0000
0000
0000
0000
1C00
3E00
3E00
3E00
1C00
0000
0000
0000
0000
0000
ENDCHAR
STARTCHAR uni2023
ENCODING 8227
SWIDTH 576 0
DWIDTH 9 0
BBX 9 15 0 -3
BITMAP
0000
0000
0000
0000
1000
1800
1C00
1E00
1C00
1800
1000
0000
0000
0000
0000
ENDCHAR
STARTCHAR onedotenleader
ENCODING 8228
SWIDTH 576 0
DWIDTH 9 0
BBX 9 15 0 -3
BITMAP
0000
0000
0000
0000
0000
0000
0000
0000
0000
0000
0000
0800
0000
0000
0000
ENDCHAR
STARTCHAR twodotenleader
ENCODING 8229
SWIDTH 576 0
DWIDTH 9 0
BBX 9 15 0 -3
BITMAP
0000
0000
0000
0000
0000
0000
0000
0000
0000
0000
0000
2200
0000
0000
0000
ENDCHAR
STARTCHAR ellipsis
ENCODING 8230
SWIDTH 576 0
DWIDTH 9 0
BBX 9 15 0 -3
BITMAP
0000
0000
0000
0000
0000
0000
0000
0000
0000
0000
0000
4900
0000
0000
0000
ENDCHAR
STARTCHAR uni2027
ENCODING 8231
SWIDTH 576 0
DWIDTH 9 0
BBX 9 15 0 -3
BITMAP
0000
0000
0000
0000
0000
0000
1C00
1C00
0000
0000
0000
0000
0000
0000
0000
ENDCHAR
STARTCHAR uni202F
ENCODING 8239
SWIDTH 576 0
DWIDTH 9 0
BBX 9 15 0 -3
BITMAP
0000
0000
0000
0000
0000
0000
0000
0000
0000
0000
0000
0000
0000
0000
0000
ENDCHAR
STARTCHAR perthousand
ENCODING 8240
SWIDTH 576 0
DWIDTH 9 0
BBX 9 15 0 -3
BITMAP
0000
0000
2100
5200
5200
2400
0800
0800
1500
2A80
2A80
4500
0000
0000
0000
ENDCHAR
STARTCHAR uni2031
ENCODING 8241
SWIDTH 576 0
DWIDTH 9 0
BBX 9 15 0 -3
BITMAP
0000
0000
4800
A800
A800
5000
2000
2000
5500
AA80
AA80
9500
0000
0000
0000
ENDCHAR
STARTCHAR minute
ENCODING 8242
SWIDTH 576 0
DWIDTH 9 0
BBX 9 15 0 -3
BITMAP
0000
0000
0800
0800
1000
0000
0000
0000
0000
0000
0000
0000
0000
0000
0000
ENDCHAR
STARTCHAR second
ENCODING 8243
SWIDTH 576 0
DWIDTH 9 0
BBX 9 15 0 -3
BITMAP
0000
0000
1200
1200
2400
0000
0000
0000
0000
0000
0000
0000
0000
0000
0000
ENDCHAR
STARTCHAR uni2034
ENCODING 8244
SWIDTH 576 0
DWIDTH 9 0
BBX 9 15 0 -3
BITMAP
0000
0000
4900
4900
9200
0000
0000
0000
0000
0000
0000
0000
0000
0000
0000
ENDCHAR
STARTCHAR uni2035
ENCODING 8245
SWIDTH 576 0
DWIDTH 9 0
BBX 9 15 0 -3
BITMAP
0000
0000
1000
1000
0800
0000
0000
0000
0000
0000
0000
0000
0000
0000
0000
ENDCHAR
STARTCHAR uni2036
ENCODING 8246
SWIDTH 576 0
DWIDTH 9 0
BBX 9 15 0 -3
BITMAP
0000
0000
2400
2400
1200
0000
0000
0000
0000
0000
0000
0000
0000
0000
0000
ENDCHAR
STARTCHAR uni2037
ENCODING 8247
SWIDTH 576 0
DWIDTH 9 0
BBX 9 15 0 -3
BITMAP
0000
0000
9200
9200
4900
0000
0000
0000
0000
0000
0000
0000
0000
0000
0000
ENDCHAR
STARTCHAR uni2038
ENCODING 8248
SWIDTH 576 0
DWIDTH 9 0
BBX 9 15 0 -3
BITMAP
0000
0000
0000
0000
0000
0000
0000
0000
0000
0000
0800
1400
2200
0000
0000
ENDCHAR
STARTCHAR guilsinglleft
ENCODING 8249
SWIDTH 576 0
DWIDTH 9 0
BBX 9 15 0 -3
BITMAP
0000
0000
0000
0200
0400
0800
1000
1000
0800
0400
0200
0000
0000
0000
0000
ENDCHAR
STARTCHAR guilsinglright
ENCODING 8250
SWIDTH 576 0
DWIDTH 9 0
BBX 9 15 0 -3
BITMAP
0000
0000
0000
2000
1000
0800
0400
0400
0800
1000
2000
0000
0000
0000
0000
ENDCHAR
STARTCHAR uni203B
ENCODING 8251
SWIDTH 576 0
DWIDTH 9 0
BBX 9 15 0 -3
BITMAP
0000
0000
0000
0000
0000
4900
2200
1400
4900
1400
2200
4900
0000
0000
0000
ENDCHAR
STARTCHAR exclamdbl
ENCODING 8252
SWIDTH 576 0
DWIDTH 9 0
BBX 9 15 0 -3
BITMAP
0000
2400
2400
2400
2400
2400
2400
2400
0000
0000
2400
2400
0000
0000
0000
ENDCHAR
STARTCHAR uni203D
ENCODING 8253
SWIDTH 576 0
DWIDTH 9 0
BBX 9 15 0 -3
BITMAP
0000
0000
3E00
4900
4900
0900
0A00
0C00
0800
0800
0000
0800
0000
0000
0000
ENDCHAR
STARTCHAR uni203E
ENCODING 8254
SWIDTH 576 0
DWIDTH 9 0
BBX 9 15 0 -3
BITMAP
0000
FF80
0000
0000
0000
0000
0000
0000
0000
0000
0000
0000
0000
0000
0000
ENDCHAR
STARTCHAR uni203F
ENCODING 8255
SWIDTH 576 0
DWIDTH 9 0
BBX 9 15 0 -3
BITMAP
0000
0000
0000
0000
0000
0000
0000
0000
0000
0000
0000
0000
C300
3C00
0000
ENDCHAR
STARTCHAR uni2040
ENCODING 8256
SWIDTH 576 0
DWIDTH 9 0
BBX 9 15 0 -3
BITMAP
3C00
C300
0000
0000
0000
0000
0000
0000
0000
0000
0000
0000
0000
0000
0000
ENDCHAR
STARTCHAR uni2041
ENCODING 8257
SWIDTH 576 0
DWIDTH 9 0
BBX 9 15 0 -3
BITMAP
0000
0000
0000
0000
0000
0000
0000
0000
0200
0400
0800
1400
2200
0000
0000
ENDCHAR
STARTCHAR uni2042
ENCODING 8258
SWIDTH 576 0
DWIDTH 9 0
BBX 9 15 0 -3
BITMAP
0000
0000
0800
2A00
1C00
2A00
0800
2200
AA80
7700
AA80
2200
0000
0000
0000
ENDCHAR
STARTCHAR uni2043
ENCODING 8259
SWIDTH 576 0
DWIDTH 9 0
BBX 9 15 0 -3
BITMAP
0000
0000
0000
0000
0000
0000
3E00
3E00
3E00
0000
0000
0000
0000
0000
0000
ENDCHAR
STARTCHAR fraction
ENCODING 8260
SWIDTH 576 0
DWIDTH 9 0
BBX 9 15 0 -3
BITMAP
0000
0000
0200
0200
0400
0400
0800
0800
1000
1000
2000
2000
0000
0000
0000
ENDCHAR
STARTCHAR uni2045
ENCODING 8261
SWIDTH 576 0
DWIDTH 9 0
BBX 9 15 0 -3
BITMAP
0000
1E00
1000
1000
1000
1000
1C00
1000
1000
1000
1000
1000
1E00
0000
0000
ENDCHAR
STARTCHAR uni2046
ENCODING 8262
SWIDTH 576 0
DWIDTH 9 0
BBX 9 15 0 -3
BITMAP
0000
1E00
0200
0200
0200
0200
0E00
0200
0200
0200
0200
0200
1E00
0000
0000
ENDCHAR
STARTCHAR uni2047
ENCODING 8263
SWIDTH 576 0
DWIDTH 9 0
BBX 9 15 0 -3
BITMAP
0000
0000
6600
9900
9900
1100
1100
2200
4400
4400
0000
4400
0000
0000
0000
ENDCHAR
STARTCHAR uni2048
ENCODING 8264
SWIDTH 576 0
DWIDTH 9 0
BBX 9 15 0 -3
BITMAP
0000
0000
3900
4500
4500
0500
0500
0900
1100
1100
0000
1100
0000
0000
0000
ENDCHAR
STARTCHAR uni2049
ENCODING 8265
SWIDTH 576 0
DWIDTH 9 0
BBX 9 15 0 -3
BITMAP
0000
0000
4E00
5100
5100
4100
4100
4200
4400
4400
0000
4400
0000
0000
0000
ENDCHAR
STARTCHAR uni204A
ENCODING 8266
SWIDTH 576 0
DWIDTH 9 0
BBX 9 15 0 -3
BITMAP
0000
0000
0000
0000
0000
0000
7C00
0400
0400
0400
0400
0000
0000
0000
0000
ENDCHAR
STARTCHAR uni204B
ENCODING 8267
SWIDTH 576 0
DWIDTH 9 0
BBX 9 15 0 -3
BITMAP
0000
0000
7E00
5100
5100
5100
5E00
5000
5000
5000
5000
5000
0000
0000
0000
ENDCHAR
STARTCHAR uni204C
ENCODING 8268
SWIDTH 576 0
DWIDTH 9 0
BBX 9 15 0 -3
BITMAP
0000
0000
0000
0000
0000
1F00
3D00
3D00
3D00
1F00
0000
0000
0000
0000
0000
ENDCHAR
STARTCHAR uni204D
ENCODING 8269
SWIDTH 576 0
DWIDTH 9 0
BBX 9 15 0 -3
BITMAP
0000
0000
0000
0000
0000
7C00
5E00
5E00
5E00
7C00
0000
0000
0000
0000
0000
ENDCHAR
STARTCHAR uni204E
ENCODING 8270
SWIDTH 576 0
DWIDTH 9 0
BBX 9 15 0 -3
BITMAP
0000
0000
0000
0000
0000
0800
4900
2A00
1C00
2A00
4900
0800
0000
0000
0000
ENDCHAR
STARTCHAR uni204F
ENCODING 8271
SWIDTH 576 0
DWIDTH 9 0
BBX 9 15 0 -3
BITMAP
0000
0000
0000
0000
0000
0C00
0C00
0000
0000
0000
0C00
0C00
0800
0800
0400
ENDCHAR
STARTCHAR uni2050
ENCODING 8272
SWIDTH 576 0
DWIDTH 9 0
BBX 9 15 0 -3
BITMAP
0000
0000
0000
3E00
4100
0000
0000
0000
0000
4100
3E00
0000
0000
0000
0000
ENDCHAR
STARTCHAR uni2051
ENCODING 8273
SWIDTH 576 0
DWIDTH 9 0
BBX 9 15 0 -3
BITMAP
0000
0800
4900
2A00
1C00
2A00
4900
2A00
1C00
2A00
4900
0800
0000
0000
0000
ENDCHAR
STARTCHAR uni2052
ENCODING 8274
SWIDTH 576 0
DWIDTH 9 0
BBX 9 15 0 -3
BITMAP
0000
0000
6100
6200
0200
0400
0800
0800
1000
2000
2300
4300
0000
0000
0000
ENDCHAR
STARTCHAR uni2057
ENCODING 8279
SWIDTH 576 0
DWIDTH 9 0
BBX 9 15 0 -3
BITMAP
0000
0000
5500
5500
AA00
0000
0000
0000
0000
0000
0000
0000
0000
0000
0000
ENDCHAR
STARTCHAR uni205F
ENCODING 8287
SWIDTH 576 0
DWIDTH 9 0
BBX 9 15 0 -3
BITMAP
0000
0000
0000
0000
0000
0000
0000
0000
0000
0000
0000
0000
0000
0000
0000
ENDCHAR
STARTCHAR uni2060
ENCODING 8288
SWIDTH 576 0
DWIDTH 9 0
BBX 9 15 0 -3
BITMAP
0000
0000
0000
0000
0000
0000
0000
0000
0000
0000
0000
0000
0000
0000
0000
ENDCHAR
STARTCHAR uni2061
ENCODING 8289
SWIDTH 576 0
DWIDTH 9 0
BBX 9 15 0 -3
BITMAP
0000
0000
0000
0000
0000
0000
0000
0000
0000
0000
0000
0000
0000
0000
0000
ENDCHAR
STARTCHAR uni2062
ENCODING 8290
SWIDTH 576 0
DWIDTH 9 0
BBX 9 15 0 -3
BITMAP
0000
0000
0000
0000
0000
0000
0000
0000
0000
0000
0000
0000
0000
0000
0000
ENDCHAR
STARTCHAR uni2063
ENCODING 8291
SWIDTH 576 0
DWIDTH 9 0
BBX 9 15 0 -3
BITMAP
0000
0000
0000
0000
0000
0000
0000
0000
0000
0000
0000
0000
0000
0000
0000
ENDCHAR
STARTCHAR zerosuperior
ENCODING 8304
SWIDTH 576 0
DWIDTH 9 0
BBX 9 15 0 -3
BITMAP
0000
0000
3000
4800
4800
4800
4800
3000
0000
0000
0000
0000
0000
0000
0000
ENDCHAR
STARTCHAR uni2071
ENCODING 8305
SWIDTH 576 0
DWIDTH 9 0
BBX 9 15 0 -3
BITMAP
0000
0000
2000
0000
6000
2000
2000
7000
0000
0000
0000
0000
0000
0000
0000
ENDCHAR
STARTCHAR foursuperior
ENCODING 8308
SWIDTH 576 0
DWIDTH 9 0
BBX 9 15 0 -3
BITMAP
0000
0000
1000
3000
5000
7800
1000
1000
0000
0000
0000
0000
0000
0000
0000
ENDCHAR
STARTCHAR fivesuperior
ENCODING 8309
SWIDTH 576 0
DWIDTH 9 0
BBX 9 15 0 -3
BITMAP
0000
0000
7800
4000
7000
0800
0800
7000
0000
0000
0000
0000
0000
0000
0000
ENDCHAR
STARTCHAR sixsuperior
ENCODING 8310
SWIDTH 576 0
DWIDTH 9 0
BBX 9 15 0 -3
BITMAP
0000
0000
3000
4000
7000
4800
4800
3000
0000
0000
0000
0000
0000
0000
0000
ENDCHAR
STARTCHAR sevensuperior
ENCODING 8311
SWIDTH 576 0
DWIDTH 9 0
BBX 9 15 0 -3
BITMAP
0000
0000
7800
0800
1000
1000
2000
2000
0000
0000
0000
0000
0000
0000
0000
ENDCHAR
STARTCHAR eightsuperior
ENCODING 8312
SWIDTH 576 0
DWIDTH 9 0
BBX 9 15 0 -3
BITMAP
0000
0000
3000
4800
3000
4800
4800
3000
0000
0000
0000
0000
0000
0000
0000
ENDCHAR
STARTCHAR ninesuperior
ENCODING 8313
SWIDTH 576 0
DWIDTH 9 0
BBX 9 15 0 -3
BITMAP
0000
0000
3000
4800
4800
3800
0800
3000
0000
0000
0000
0000
0000
0000
0000
ENDCHAR
STARTCHAR uni207A
ENCODING 8314
SWIDTH 576 0
DWIDTH 9 0
BBX 9 15 0 -3
BITMAP
0000
0000
1000
1000
7C00
1000
1000
0000
0000
0000
0000
0000
0000
0000
0000
ENDCHAR
STARTCHAR uni207B
ENCODING 8315
SWIDTH 576 0
DWIDTH 9 0
BBX 9 15 0 -3
BITMAP
0000
0000
0000
0000
7C00
0000
0000
0000
0000
0000
0000
0000
0000
0000
0000
ENDCHAR
STARTCHAR uni207C
ENCODING 8316
SWIDTH 576 0
DWIDTH 9 0
BBX 9 15 0 -3
BITMAP
0000
0000
0000
7C00
0000
7C00
0000
0000
0000
0000
0000
0000
0000
0000
0000
ENDCHAR
STARTCHAR parenleftsuperior
ENCODING 8317
SWIDTH 576 0
DWIDTH 9 0
BBX 9 15 0 -3
BITMAP
0000
0000
1000
2000
2000
2000
2000
1000
0000
0000
0000
0000
0000
0000
0000
ENDCHAR
STARTCHAR parenrightsuperior
ENCODING 8318
SWIDTH 576 0
DWIDTH 9 0
BBX 9 15 0 -3
BITMAP
0000
0000
2000
1000
1000
1000
1000
2000
0000
0000
0000
0000
0000
0000
0000
ENDCHAR
STARTCHAR nsuperior
ENCODING 8319
SWIDTH 576 0
DWIDTH 9 0
BBX 9 15 0 -3
BITMAP
0000
0000
0000
0000
7000
4800
4800
4800
0000
0000
0000
0000
0000
0000
0000
ENDCHAR
STARTCHAR zeroinferior
ENCODING 8320
SWIDTH 576 0
DWIDTH 9 0
BBX 9 15 0 -3
BITMAP
0000
0000
0000
0000
0000
0000
0000
0000
3000
4800
4800
4800
4800
3000
0000
ENDCHAR
STARTCHAR oneinferior
ENCODING 8321
SWIDTH 576 0
DWIDTH 9 0
BBX 9 15 0 -3
BITMAP
0000
0000
0000
0000
0000
0000
0000
0000
2000
6000
2000
2000
2000
7000
0000
ENDCHAR
STARTCHAR twoinferior
ENCODING 8322
SWIDTH 576 0
DWIDTH 9 0
BBX 9 15 0 -3
BITMAP
0000
0000
0000
0000
0000
0000
0000
0000
3000
4800
0800
3000
4000
7800
0000
ENDCHAR
STARTCHAR threeinferior
ENCODING 8323
SWIDTH 576 0
DWIDTH 9 0
BBX 9 15 0 -3
BITMAP
0000
0000
0000
0000
0000
0000
0000
0000
3000
4800
1000
0800
4800
3000
0000
ENDCHAR
STARTCHAR fourinferior
ENCODING 8324
SWIDTH 576 0
DWIDTH 9 0
BBX 9 15 0 -3
BITMAP
0000
0000
0000
0000
0000
0000
0000
0000
1000
3000
5000
7800
1000
1000
0000
ENDCHAR
STARTCHAR fiveinferior
ENCODING 8325
SWIDTH 576 0
DWIDTH 9 0
BBX 9 15 0 -3
BITMAP
0000
0000
0000
0000
0000
0000
0000
0000
7800
4000
7000
0800
0800
7000
0000
ENDCHAR
STARTCHAR sixinferior
ENCODING 8326
SWIDTH 576 0
DWIDTH 9 0
BBX 9 15 0 -3
BITMAP
0000
0000
0000
0000
0000
0000
0000
0000
3000
4000
7000
4800
4800
3000
0000
ENDCHAR
STARTCHAR seveninferior
ENCODING 8327
SWIDTH 576 0
DWIDTH 9 0
BBX 9 15 0 -3
BITMAP
0000
0000
0000
0000
0000
0000
0000
0000
7800
0800
1000
1000
2000
2000
0000
ENDCHAR
STARTCHAR eightinferior
ENCODING 8328
SWIDTH 576 0
DWIDTH 9 0
BBX 9 15 0 -3
BITMAP
0000
0000
0000
0000
0000
0000
0000
0000
3000
4800
3000
4800
4800
3000
0000
ENDCHAR
STARTCHAR nineinferior
ENCODING 8329
SWIDTH 576 0
DWIDTH 9 0
BBX 9 15 0 -3
BITMAP
0000
0000
0000
0000
0000
0000
0000
0000
3000
4800
4800
3800
0800
3000
0000
ENDCHAR
STARTCHAR uni208A
ENCODING 8330
SWIDTH 576 0
DWIDTH 9 0
BBX 9 15 0 -3
BITMAP
0000
0000
0000
0000
0000
0000
0000
0000
0000
1000
1000
7C00
1000
1000
0000
ENDCHAR
STARTCHAR uni208B
ENCODING 8331
SWIDTH 576 0
DWIDTH 9 0
BBX 9 15 0 -3
BITMAP
0000
0000
0000
0000
0000
0000
0000
0000
0000
0000
0000
7C00
0000
0000
0000
ENDCHAR
STARTCHAR uni208C
ENCODING 8332
SWIDTH 576 0
DWIDTH 9 0
BBX 9 15 0 -3
BITMAP
0000
0000
0000
0000
0000
0000
0000
0000
0000
0000
7C00
0000
7C00
0000
0000
ENDCHAR
STARTCHAR parenleftinferior
ENCODING 8333
SWIDTH 576 0
DWIDTH 9 0
BBX 9 15 0 -3
BITMAP
0000
0000
0000
0000
0000
0000
0000
0000
1000
2000
2000
2000
2000
1000
0000
ENDCHAR
STARTCHAR parenrightinferior
ENCODING 8334
SWIDTH 576 0
DWIDTH 9 0
BBX 9 15 0 -3
BITMAP
0000
0000
0000
0000
0000
0000
0000
0000
2000
1000
1000
1000
1000
2000
0000
ENDCHAR
STARTCHAR uni20A0
ENCODING 8352
SWIDTH 576 0
DWIDTH 9 0
BBX 9 15 0 -3
BITMAP
0000
0000
7000
8000
8000
8F00
8800
8800
7E00
0800
0800
0F00
0000
0000
0000
ENDCHAR
STARTCHAR colonmonetary
ENCODING 8353
SWIDTH 576 0
DWIDTH 9 0
BBX 9 15 0 -3
BITMAP
0000
0200
3E00
4500
4400
4800
4800
5000
5000
6000
6100
7E00
4000
0000
0000
ENDCHAR
STARTCHAR uni20A2
ENCODING 8354
SWIDTH 576 0
DWIDTH 9 0
BBX 9 15 0 -3
BITMAP
0000
0000
3E00
4100
4000
4000
4F00
4800
4800
4800
4900
3E00
0000
0000
0000
ENDCHAR
STARTCHAR franc
ENCODING 8355
SWIDTH 576 0
DWIDTH 9 0
BBX 9 15 0 -3
BITMAP
0000
0000
7F00
2000
2000
2000
7B00
2C00
2800
2800
2800
7800
0000
0000
0000
ENDCHAR
STARTCHAR lira
ENCODING 8356
SWIDTH 576 0
DWIDTH 9 0
BBX 9 15 0 -3
BITMAP
0000
0000
0E00
1100
1000
7C00
1000
7C00
1000
3000
5100
2E00
0000
0000
0000
ENDCHAR
STARTCHAR uni20A5
ENCODING 8357
SWIDTH 576 0
DWIDTH 9 0
BBX 9 15 0 -3
BITMAP
0000
0000
0000
0000
0080
7700
4B00
4D00
4900
5900
6900
4100
8000
0000
0000
ENDCHAR
STARTCHAR uni20A6
ENCODING 8358
SWIDTH 576 0
DWIDTH 9 0
BBX 9 15 0 -3
BITMAP
0000
0000
4100
4100
6100
FF80
4900
FF80
4300
4100
4100
4100
0000
0000
0000
ENDCHAR
STARTCHAR peseta
ENCODING 8359
SWIDTH 576 0
DWIDTH 9 0
BBX 9 15 0 -3
BITMAP
0000
0000
7E00
4100
FF80
4100
7E00
4000
4000
4000
4000
4000
0000
0000
0000
ENDCHAR
STARTCHAR uni20A8
ENCODING 8360
SWIDTH 576 0
DWIDTH 9 0
BBX 9 15 0 -3
BITMAP
0000
0000
7800
4400
FE00
4400
7B80
6400
5300
4880
4480
4700
0000
0000
0000
ENDCHAR
STARTCHAR uni20A9
ENCODING 8361
SWIDTH 576 0
DWIDTH 9 0
BBX 9 15 0 -3
BITMAP
0000
0000
4100
4100
4100
FF80
4900
FF80
4900
4900
5500
2200
0000
0000
0000
ENDCHAR
STARTCHAR afii57636
ENCODING 8362
SWIDTH 576 0
DWIDTH 9 0
BBX 9 15 0 -3
BITMAP
0000
0000
3800
4500
5500
5500
5500
5500
5500
5500
5100
4E00
0000
0000
0000
ENDCHAR
STARTCHAR dong
ENCODING 8363
SWIDTH 576 0
DWIDTH 9 0
BBX 9 15 0 -3
BITMAP
0000
0000
0100
3F00
0100
3D00
4300
4100
4300
3C00
0000
3E00
0000
0000
0000
ENDCHAR
STARTCHAR Euro
ENCODING 8364
SWIDTH 576 0
DWIDTH 9 0
BBX 9 15 0 -3
BITMAP
0000
0000
0000
0E00
1100
2000
7C00
2000
7C00
2000
1100
0E00
0000
0000
0000
ENDCHAR
STARTCHAR uni20AD
ENCODING 8365
SWIDTH 576 0
DWIDTH 9 0
BBX 9 15 0 -3
BITMAP
0000
0000
4100
4200
4400
4800
FE00
5000
4800
4400
4200
4100
0000
0000
0000
ENDCHAR
STARTCHAR uni20AE
ENCODING 8366
SWIDTH 576 0
DWIDTH 9 0
BBX 9 15 0 -3
BITMAP
0000
0000
7F00
0800
0800
0C00
1800
0800
0C00
1800
0800
0800
0000
0000
0000
ENDCHAR
STARTCHAR uni20AF
ENCODING 8367
SWIDTH 576 0
DWIDTH 9 0
BBX 9 15 0 -3
BITMAP
0000
0000
1000
3C00
5200
1100
1100
1100
1100
3100
5900
2600
0000
0000
0000
ENDCHAR
STARTCHAR uni20B0
ENCODING 8368
SWIDTH 576 0
DWIDTH 9 0
BBX 9 15 0 -3
BITMAP
0000
0000
0C00
1200
1200
1200
1200
0A00
2400
5400
5A00
9100
0100
0200
0000
ENDCHAR
STARTCHAR uni20B1
ENCODING 8369
SWIDTH 576 0
DWIDTH 9 0
BBX 9 15 0 -3
BITMAP
0000
0000
7C00
4200
FF00
4200
FF00
4200
7C00
4000
4000
4000
0000
0000
0000
ENDCHAR
STARTCHAR uni20D0
ENCODING 8400
SWIDTH 576 0
DWIDTH 9 0
BBX 9 15 0 -3
BITMAP
2000
7F00
0000
0000
0000
0000
0000
0000
0000
0000
0000
0000
0000
0000
0000
ENDCHAR
STARTCHAR uni20D1
ENCODING 8401
SWIDTH 576 0
DWIDTH 9 0
BBX 9 15 0 -3
BITMAP
0200
7F00
0000
0000
0000
0000
0000
0000
0000
0000
0000
0000
0000
0000
0000
ENDCHAR
STARTCHAR uni20D2
ENCODING 8402
SWIDTH 576 0
DWIDTH 9 0
BBX 9 15 0 -3
BITMAP
0000
0800
0800
0800
0800
0800
0800
0800
0800
0800
0800
0800
0800
0000
0000
ENDCHAR
STARTCHAR uni20D3
ENCODING 8403
SWIDTH 576 0
DWIDTH 9 0
BBX 9 15 0 -3
BITMAP
0000
0000
0000
0000
0800
0800
0800
0800
0800
0800
0800
0800
0800
0000
0000
ENDCHAR
STARTCHAR uni20D4
ENCODING 8404
SWIDTH 576 0
DWIDTH 9 0
BBX 9 15 0 -3
BITMAP
5E00
6100
7000
0000
0000
0000
0000
0000
0000
0000
0000
0000
0000
0000
0000
ENDCHAR
STARTCHAR uni20D5
ENCODING 8405
SWIDTH 576 0
DWIDTH 9 0
BBX 9 15 0 -3
BITMAP
3D00
4300
0700
0000
0000
0000
0000
0000
0000
0000
0000
0000
0000
0000
0000
ENDCHAR
STARTCHAR uni20D6
ENCODING 8406
SWIDTH 576 0
DWIDTH 9 0
BBX 9 15 0 -3
BITMAP
2000
7F00
2000
0000
0000
0000
0000
0000
0000
0000
0000
0000
0000
0000
0000
ENDCHAR
STARTCHAR uni20D7
ENCODING 8407
SWIDTH 576 0
DWIDTH 9 0
BBX 9 15 0 -3
BITMAP
0200
7F00
0200
0000
0000
0000
0000
0000
0000
0000
0000
0000
0000
0000
0000
ENDCHAR
STARTCHAR uni20D8
ENCODING 8408
SWIDTH 576 0
DWIDTH 9 0
BBX 9 15 0 -3
BITMAP
0000
0000
0000
0000
0000
0C00
1200
1200
0C00
0000
0000
0000
0000
0000
0000
ENDCHAR
STARTCHAR uni20D9
ENCODING 8409
SWIDTH 576 0
DWIDTH 9 0
BBX 9 15 0 -3
BITMAP
0000
0000
0000
0000
1E00
2100
2100
2500
2D00
1E00
0C00
0400
0000
0000
0000
ENDCHAR
STARTCHAR uni20DA
ENCODING 8410
SWIDTH 576 0
DWIDTH 9 0
BBX 9 15 0 -3
BITMAP
0000
0000
0000
0000
1E00
2100
2100
2900
2D00
1E00
0C00
0800
0000
0000
0000
ENDCHAR
STARTCHAR uni20DB
ENCODING 8411
SWIDTH 576 0
DWIDTH 9 0
BBX 9 15 0 -3
BITMAP
2A00
2A00
0000
0000
0000
0000
0000
0000
0000
0000
0000
0000
0000
0000
0000
ENDCHAR
STARTCHAR uni20DC
ENCODING 8412
SWIDTH 576 0
DWIDTH 9 0
BBX 9 15 0 -3
BITMAP
5500
5500
0000
0000
0000
0000
0000
0000
0000
0000
0000
0000
0000
0000
0000
ENDCHAR
STARTCHAR uni20DD
ENCODING 8413
SWIDTH 576 0
DWIDTH 9 0
BBX 9 15 0 -3
BITMAP
1C00
2200
4100
4100
8080
8080
8080
8080
8080
8080
8080
4100
4100
2200
1C00
ENDCHAR
STARTCHAR uni20DE
ENCODING 8414
SWIDTH 576 0
DWIDTH 9 0
BBX 9 15 0 -3
BITMAP
FF80
8080
8080
8080
8080
8080
8080
8080
8080
8080
8080
8080
8080
8080
FF80
ENDCHAR
STARTCHAR uni20DF
ENCODING 8415
SWIDTH 576 0
DWIDTH 9 0
BBX 9 15 0 -3
BITMAP
0800
1400
2200
4100
8080
8080
8080
8080
8080
8080
8080
4100
2200
1400
0800
ENDCHAR
STARTCHAR uni20E0
ENCODING 8416
SWIDTH 576 0
DWIDTH 9 0
BBX 9 15 0 -3
BITMAP
9C00
6200
6100
6100
9080
9080
8880
8880
8880
8480
8480
4300
4300
2300
1C80
ENDCHAR
STARTCHAR uni20E1
ENCODING 8417
SWIDTH 576 0
DWIDTH 9 0
BBX 9 15 0 -3
BITMAP
2200
7F00
2200
0000
0000
0000
0000
0000
0000
0000
0000
0000
0000
0000
0000
ENDCHAR
STARTCHAR uni20E2
ENCODING 8418
SWIDTH 576 0
DWIDTH 9 0
BBX 9 15 0 -3
BITMAP
3E00
4100
8080
8080
8080
8080
8080
8080
8080
8080
8080
8080
8080
4100
3E00
ENDCHAR
STARTCHAR uni20E3
ENCODING 8419
SWIDTH 576 0
DWIDTH 9 0
BBX 9 15 0 -3
BITMAP
7F00
8080
8080
8080
8080
8080
8080
8080
8080
8080
8080
8080
8080
8080
7F00
ENDCHAR
STARTCHAR uni20E4
ENCODING 8420
SWIDTH 576 0
DWIDTH 9 0
BBX 9 15 0 -3
BITMAP
0800
1400
1400
2200
2200
4100
4100
4100
8080
8080
8080
8080
8080
8080
7F00
ENDCHAR
STARTCHAR uni20E5
ENCODING 8421
SWIDTH 576 0
DWIDTH 9 0
BBX 9 15 0 -3
BITMAP
0000
0000
4000
2000
2000
1000
0800
0800
0400
0200
0200
0100
0000
0000
0000
ENDCHAR
STARTCHAR uni20E6
ENCODING 8422
SWIDTH 576 0
DWIDTH 9 0
BBX 9 15 0 -3
BITMAP
0000
0000
1400
1400
1400
1400
1400
1400
1400
1400
1400
1400
0000
0000
0000
ENDCHAR
STARTCHAR uni20E7
ENCODING 8423
SWIDTH 576 0
DWIDTH 9 0
BBX 9 15 0 -3
BITMAP
0000
0000
FF80
0080
0080
0080
0080
0080
0080
0080
0080
0080
0000
0000
0000
ENDCHAR
STARTCHAR uni20E8
ENCODING 8424
SWIDTH 576 0
DWIDTH 9 0
BBX 9 15 0 -3
BITMAP
0000
0000
0000
0000
0000
0000
0000
0000
0000
0000
0000
0000
0000
2A00
2A00
ENDCHAR
STARTCHAR uni20E9
ENCODING 8425
SWIDTH 576 0
DWIDTH 9 0
BBX 9 15 0 -3
BITMAP
7F00
4100
0000
0000
0000
0000
0000
0000
0000
0000
0000
0000
0000
0000
0000
ENDCHAR
STARTCHAR uni20EA
ENCODING 8426
SWIDTH 576 0
DWIDTH 9 0
BBX 9 15 0 -3
BITMAP
0000
0000
0000
0000
0000
2000
4000
FF80
4000
2000
0000
0000
0000
0000
0000
ENDCHAR
STARTCHAR uni2100
ENCODING 8448
SWIDTH 576 0
DWIDTH 9 0
BBX 9 15 0 -3
BITMAP
0000
3800
4800
4800
4900
3A00
0400
0B00
1400
2400
4400
0300
0000
0000
0000
ENDCHAR
STARTCHAR uni2101
ENCODING 8449
SWIDTH 576 0
DWIDTH 9 0
BBX 9 15 0 -3
BITMAP
0000
3800
4800
4800
4900
3A00
0400
0B00
1400
2200
4100
0600
0000
0000
0000
ENDCHAR
STARTCHAR uni2102
ENCODING 8450
SWIDTH 576 0
DWIDTH 9 0
BBX 9 15 0 -3
BITMAP
0000
0000
3E00
5100
5000
5000
5000
5000
5000
5000
5100
3E00
0000
0000
0000
ENDCHAR
STARTCHAR uni2103
ENCODING 8451
SWIDTH 576 0
DWIDTH 9 0
BBX 9 15 0 -3
BITMAP
0000
4000
AE00
5100
1000
1000
1000
1000
1000
1000
1100
0E00
0000
0000
0000
ENDCHAR
STARTCHAR uni2104
ENCODING 8452
SWIDTH 576 0
DWIDTH 9 0
BBX 9 15 0 -3
BITMAP
0000
0000
1000
1000
3800
5400
5000
5000
5400
3800
1000
1E00
0000
0000
0000
ENDCHAR
STARTCHAR afii61248
ENCODING 8453
SWIDTH 576 0
DWIDTH 9 0
BBX 9 15 0 -3
BITMAP
0000
0000
3100
4200
4200
4400
3800
0A00
1500
2500
2500
4200
0000
0000
0000
ENDCHAR
STARTCHAR uni2106
ENCODING 8454
SWIDTH 576 0
DWIDTH 9 0
BBX 9 15 0 -3
BITMAP
0000
0000
3100
4200
4200
4400
3800
0D00
1500
2500
2500
4300
0000
0000
0000
ENDCHAR
STARTCHAR uni2107
ENCODING 8455
SWIDTH 576 0
DWIDTH 9 0
BBX 9 15 0 -3
BITMAP
0000
0000
1E00
2100
2000
2000
1C00
2000
4000
4100
2100
1E00
0000
0000
0000
ENDCHAR
STARTCHAR uni2108
ENCODING 8456
SWIDTH 576 0
DWIDTH 9 0
BBX 9 15 0 -3
BITMAP
0000
0000
5E00
6100
4100
0900
0F00
0900
0100
4100
2100
1E00
0000
0000
0000
ENDCHAR
STARTCHAR uni2109
ENCODING 8457
SWIDTH 576 0
DWIDTH 9 0
BBX 9 15 0 -3
BITMAP
0000
4000
A000
4000
3F00
2000
2000
3E00
2000
2000
2000
2000
0000
0000
0000
ENDCHAR
STARTCHAR uni210A
ENCODING 8458
SWIDTH 576 0
DWIDTH 9 0
BBX 9 15 0 -3
BITMAP
0000
0000
0000
0000
0000
0E00
1100
1100
2200
2200
1380
3C00
2400
4800
7000
ENDCHAR
STARTCHAR uni210B
ENCODING 8459
SWIDTH 576 0
DWIDTH 9 0
BBX 9 15 0 -3
BITMAP
0000
0000
5200
3500
1500
1600
2C00
3800
6800
A800
A800
C600
0000
0000
0000
ENDCHAR
STARTCHAR uni210C
ENCODING 8460
SWIDTH 576 0
DWIDTH 9 0
BBX 9 15 0 -3
BITMAP
0000
0000
C700
E600
6600
6600
7E00
6600
6600
6600
6600
C700
0000
0000
0000
ENDCHAR
STARTCHAR uni210D
ENCODING 8461
SWIDTH 576 0
DWIDTH 9 0
BBX 9 15 0 -3
BITMAP
0000
0000
5200
5200
5200
5200
5E00
5200
5200
5200
5200
5200
0000
0000
0000
ENDCHAR
STARTCHAR uni210E
ENCODING 8462
SWIDTH 576 0
DWIDTH 9 0
BBX 9 15 0 -3
BITMAP
0000
0000
1000
1000
1000
2000
3E00
2100
2100
4100
4200
4200
0000
0000
0000
ENDCHAR
STARTCHAR uni210F
ENCODING 8463
SWIDTH 576 0
DWIDTH 9 0
BBX 9 15 0 -3
BITMAP
0000
0000
1000
1C00
7000
2000
3E00
2100
2100
4100
4200
4200
0000
0000
0000
ENDCHAR
STARTCHAR uni2110
ENCODING 8464
SWIDTH 576 0
DWIDTH 9 0
BBX 9 15 0 -3
BITMAP
0000
0000
1C00
2400
4400
0400
0400
0800
0800
4800
4800
3000
0000
0000
0000
ENDCHAR
STARTCHAR Ifraktur
ENCODING 8465
SWIDTH 576 0
DWIDTH 9 0
BBX 9 15 0 -3
BITMAP
0000
0000
7E00
6600
3600
0600
0200
0300
0300
0300
3300
1E00
0000
0000
0000
ENDCHAR
STARTCHAR uni2112
ENCODING 8466
SWIDTH 576 0
DWIDTH 9 0
BBX 9 15 0 -3
BITMAP
0000
0000
0400
0A00
3C00
0800
1000
1000
1000
3800
5400
2300
0000
0000
0000
ENDCHAR
STARTCHAR afii61289
ENCODING 8467
SWIDTH 576 0
DWIDTH 9 0
BBX 9 15 0 -3
BITMAP
0000
0000
0800
1400
1400
1400
1400
1400
1800
1800
1000
2C00
0000
0000
0000
ENDCHAR
STARTCHAR uni2114
ENCODING 8468
SWIDTH 576 0
DWIDTH 9 0
BBX 9 15 0 -3
BITMAP
0000
0000
2800
7F80
2800
2A00
2D00
2900
2900
2900
2D00
2A00
0000
0000
0000
ENDCHAR
STARTCHAR uni2115
ENCODING 8469
SWIDTH 576 0
DWIDTH 9 0
BBX 9 15 0 -3
BITMAP
0000
0000
7100
5100
5900
5900
5500
5500
5500
5300
5300
5100
0000
0000
0000
ENDCHAR
STARTCHAR afii61352
ENCODING 8470
SWIDTH 576 0
DWIDTH 9 0
BBX 9 15 0 -3
BITMAP
0000
0000
4800
4800
6800
6800
6900
5A80
5A80
5900
4800
4B80
0000
0000
0000
ENDCHAR
STARTCHAR uni2117
ENCODING 8471
SWIDTH 576 0
DWIDTH 9 0
BBX 9 15 0 -3
BITMAP
0000
0000
3C00
4200
B900
A500
B900
A100
A100
4200
3C00
0000
0000
0000
0000
ENDCHAR
STARTCHAR weierstrass
ENCODING 8472
SWIDTH 576 0
DWIDTH 9 0
BBX 9 15 0 -3
BITMAP
0000
0000
0000
0000
4000
8C00
9200
A100
C100
4100
AA00
A400
A000
A000
4000
ENDCHAR
STARTCHAR uni2119
ENCODING 8473
SWIDTH 576 0
DWIDTH 9 0
BBX 9 15 0 -3
BITMAP
0000
0000
7E00
5100
5100
5100
5100
5E00
5000
5000
5000
5000
0000
0000
0000
ENDCHAR
STARTCHAR uni211A
ENCODING 8474
SWIDTH 576 0
DWIDTH 9 0
BBX 9 15 0 -3
BITMAP
0000
0000
3E00
5100
5100
5100
5100
5100
5100
5500
5300
3E00
0100
0000
0000
ENDCHAR
STARTCHAR uni211B
ENCODING 8475
SWIDTH 576 0
DWIDTH 9 0
BBX 9 15 0 -3
BITMAP
0000
0000
7E00
9100
9100
9100
5E00
1400
1400
1200
5280
2100
0000
0000
0000
ENDCHAR
STARTCHAR Rfraktur
ENCODING 8476
SWIDTH 576 0
DWIDTH 9 0
BBX 9 15 0 -3
BITMAP
0000
0000
7600
DB00
1B00
1B00
1A00
1C00
1E00
3600
3600
3300
0000
0000
0000
ENDCHAR
STARTCHAR uni211D
ENCODING 8477
SWIDTH 576 0
DWIDTH 9 0
BBX 9 15 0 -3
BITMAP
0000
0000
7E00
5100
5100
5100
5100
5E00
5800
5400
5200
5100
0000
0000
0000
ENDCHAR
STARTCHAR prescription
ENCODING 8478
SWIDTH 576 0
DWIDTH 9 0
BBX 9 15 0 -3
BITMAP
0000
0000
7E00
4100
4100
4100
7E00
4880
4500
4200
4500
4900
0000
0000
0000
ENDCHAR
STARTCHAR uni211F
ENCODING 8479
SWIDTH 576 0
DWIDTH 9 0
BBX 9 15 0 -3
BITMAP
0C00
0200
7E00
4500
4500
4500
7E00
4800
4C00
4A00
4900
4900
1000
1000
0000
ENDCHAR
STARTCHAR uni2120
ENCODING 8480
SWIDTH 576 0
DWIDTH 9 0
BBX 9 15 0 -3
BITMAP
0000
6880
8D80
4A80
2880
C880
0000
0000
0000
0000
0000
0000
0000
0000
0000
ENDCHAR
STARTCHAR uni2121
ENCODING 8481
SWIDTH 576 0
DWIDTH 9 0
BBX 9 15 0 -3
BITMAP
0000
FD00
5100
5D00
5100
5D80
0000
0000
0000
0000
0000
0000
0000
0000
0000
ENDCHAR
STARTCHAR trademark
ENCODING 8482
SWIDTH 576 0
DWIDTH 9 0
BBX 9 15 0 -3
BITMAP
0000
E880
4D80
4A80
4880
4880
0000
0000
0000
0000
0000
0000
0000
0000
0000
ENDCHAR
STARTCHAR uni2123
ENCODING 8483
SWIDTH 576 0
DWIDTH 9 0
BBX 9 15 0 -3
BITMAP
1000
0C00
4500
4900
5100
3200
2200
2200
5400
5400
9400
8800
0000
0000
0000
ENDCHAR
STARTCHAR uni2124
ENCODING 8484
SWIDTH 576 0
DWIDTH 9 0
BBX 9 15 0 -3
BITMAP
0000
0000
7F00
0500
0500
0A00
1400
1400
2800
5000
5000
7F00
0000
0000
0000
ENDCHAR
STARTCHAR uni2125
ENCODING 8485
SWIDTH 576 0
DWIDTH 9 0
BBX 9 15 0 -3
BITMAP
0000
0000
1F00
0200
0400
0800
1F00
0200
0400
0800
1E00
0100
0100
2200
1C00
ENDCHAR
STARTCHAR Omega
ENCODING 8486
SWIDTH 576 0
DWIDTH 9 0
BBX 9 15 0 -3
BITMAP
0000
0000
0000
1C00
2200
4100
4100
4100
2200
1400
1400
7700
0000
0000
0000
ENDCHAR
STARTCHAR uni2127
ENCODING 8487
SWIDTH 576 0
DWIDTH 9 0
BBX 9 15 0 -3
BITMAP
0000
0000
0000
7700
1400
1400
2200
4100
4100
4100
2200
1C00
0000
0000
0000
ENDCHAR
STARTCHAR uni2128
ENCODING 8488
SWIDTH 576 0
DWIDTH 9 0
BBX 9 15 0 -3
BITMAP
0000
0000
3C00
4600
0300
3300
1E00
2300
0300
0300
7600
3C00
0000
0000
0000
ENDCHAR
STARTCHAR uni2129
ENCODING 8489
SWIDTH 576 0
DWIDTH 9 0
BBX 9 15 0 -3
BITMAP
0000
0000
0000
0000
0000
1800
2400
0400
0400
0400
0400
0400
0000
0000
0000
ENDCHAR
STARTCHAR uni212A
ENCODING 8490
SWIDTH 576 0
DWIDTH 9 0
BBX 9 15 0 -3
BITMAP
0000
0000
4100
4200
4400
4800
7000
5000
4800
4400
4200
4100
0000
0000
0000
ENDCHAR
STARTCHAR uni212B
ENCODING 8491
SWIDTH 576 0
DWIDTH 9 0
BBX 9 15 0 -3
BITMAP
0000
1C00
2200
1C00
1400
2200
4100
4100
7F00
4100
4100
4100
0000
0000
0000
ENDCHAR
STARTCHAR uni212C
ENCODING 8492
SWIDTH 576 0
DWIDTH 9 0
BBX 9 15 0 -3
BITMAP
0000
0000
3E00
5100
1100
1200
1C00
1200
1100
1100
A200
7C00
0000
0000
0000
ENDCHAR
STARTCHAR uni212D
ENCODING 8493
SWIDTH 576 0
DWIDTH 9 0
BBX 9 15 0 -3
BITMAP
0000
0000
7F00
C800
D800
CC00
C600
D200
CC00
C000
7100
1E00
0000
0000
0000
ENDCHAR
STARTCHAR estimated
ENCODING 8494
SWIDTH 576 0
DWIDTH 9 0
BBX 9 15 0 -3
BITMAP
0000
0000
0000
0000
0000
3E00
6300
6300
7F00
6000
6300
3E00
0000
0000
0000
ENDCHAR
STARTCHAR uni212F
ENCODING 8495
SWIDTH 576 0
DWIDTH 9 0
BBX 9 15 0 -3
BITMAP
0000
0000
0000
0000
0000
0E00
1100
2200
3C00
4000
4000
3800
0000
0000
0000
ENDCHAR
STARTCHAR uni2130
ENCODING 8496
SWIDTH 576 0
DWIDTH 9 0
BBX 9 15 0 -3
BITMAP
0000
0000
0E00
1100
2200
2000
1800
2000
4600
4100
4200
3C00
0000
0000
0000
ENDCHAR
STARTCHAR uni2131
ENCODING 8497
SWIDTH 576 0
DWIDTH 9 0
BBX 9 15 0 -3
BITMAP
0000
0000
7100
8E00
0800
0800
3E00
0800
1000
1000
9000
6000
0000
0000
0000
ENDCHAR
STARTCHAR uni2132
ENCODING 8498
SWIDTH 576 0
DWIDTH 9 0
BBX 9 15 0 -3
BITMAP
0000
0000
0200
0200
0200
0200
0200
1E00
0200
0200
0200
7F00
0000
0000
0000
ENDCHAR
STARTCHAR uni2133
ENCODING 8499
SWIDTH 576 0
DWIDTH 9 0
BBX 9 15 0 -3
BITMAP
0000
0000
1100
1B00
1B00
1500
1500
1100
2100
2100
A100
4080
0000
0000
0000
ENDCHAR
STARTCHAR uni2134
ENCODING 8500
SWIDTH 576 0
DWIDTH 9 0
BBX 9 15 0 -3
BITMAP
0000
0000
0000
0000
0000
1E80
2500
2300
4200
4200
4400
3800
0000
0000
0000
ENDCHAR
STARTCHAR aleph
ENCODING 8501
SWIDTH 576 0
DWIDTH 9 0
BBX 9 15 0 -3
BITMAP
0000
0000
0000
8400
C700
6300
3200
DA00
8E00
4600
6300
E100
0000
0000
0000
ENDCHAR
STARTCHAR uni2136
ENCODING 8502
SWIDTH 576 0
DWIDTH 9 0
BBX 9 15 0 -3
BITMAP
0000
0000
0000
0000
8000
FC00
7E00
0200
0200
0200
7F00
FE00
0000
0000
0000
ENDCHAR
STARTCHAR uni2137
ENCODING 8503
SWIDTH 576 0
DWIDTH 9 0
BBX 9 15 0 -3
BITMAP
0000
0000
0000
0000
2000
3800
1C00
0400
0400
0400
1E00
3A00
0000
0000
0000
ENDCHAR
STARTCHAR uni2138
ENCODING 8504
SWIDTH 576 0
DWIDTH 9 0
BBX 9 15 0 -3
BITMAP
0000
0000
0000
0000
8000
FF00
7F00
0200
0200
0200
0200
0200
0000
0000
0000
ENDCHAR
STARTCHAR uni2139
ENCODING 8505
SWIDTH 576 0
DWIDTH 9 0
BBX 9 15 0 -3
BITMAP
0000
0000
0C00
0C00
0000
3C00
0C00
0C00
0C00
0C00
0C00
3F00
0000
0000
0000
ENDCHAR
STARTCHAR uni213A
ENCODING 8506
SWIDTH 576 0
DWIDTH 9 0
BBX 9 15 0 -3
BITMAP
0000
0000
0000
0000
0000
1D00
2200
4500
4100
4100
2200
1C00
0000
0000
0000
ENDCHAR
STARTCHAR uni213D
ENCODING 8509
SWIDTH 576 0
DWIDTH 9 0
BBX 9 15 0 -3
BITMAP
0000
0000
0000
0000
0000
5100
5100
5200
5200
2C00
2800
2800
5000
A000
4000
ENDCHAR
STARTCHAR uni213E
ENCODING 8510
SWIDTH 576 0
DWIDTH 9 0
BBX 9 15 0 -3
BITMAP
0000
0000
7F00
5000
5000
5000
5000
5000
5000
5000
5000
5000
0000
0000
0000
ENDCHAR
STARTCHAR uni213F
ENCODING 8511
SWIDTH 576 0
DWIDTH 9 0
BBX 9 15 0 -3
BITMAP
0000
0000
7F00
5100
5100
5100
5100
5100
5100
5100
5100
5100
0000
0000
0000
ENDCHAR
STARTCHAR uni2140
ENCODING 8512
SWIDTH 576 0
DWIDTH 9 0
BBX 9 15 0 -3
BITMAP
0000
0000
7F00
5000
2800
1400
0A00
0A00
1400
2800
5000
7F00
0000
0000
0000
ENDCHAR
STARTCHAR uni2141
ENCODING 8513
SWIDTH 576 0
DWIDTH 9 0
BBX 9 15 0 -3
BITMAP
0000
0000
3E00
4100
4100
4100
7100
0100
0100
0100
4100
3E00
0000
0000
0000
ENDCHAR
STARTCHAR uni2142
ENCODING 8514
SWIDTH 576 0
DWIDTH 9 0
BBX 9 15 0 -3
BITMAP
0000
0000
7F00
0100
0100
0100
0100
0100
0100
0100
0100
0100
0000
0000
0000
ENDCHAR
STARTCHAR uni2143
ENCODING 8515
SWIDTH 576 0
DWIDTH 9 0
BBX 9 15 0 -3
BITMAP
0000
0000
0100
0100
0100
0100
0100
0100
0100
0100
0100
7F00
0000
0000
0000
ENDCHAR
STARTCHAR uni2144
ENCODING 8516
SWIDTH 576 0
DWIDTH 9 0
BBX 9 15 0 -3
BITMAP
0000
0000
0800
0800
0800
0800
0800
0800
1400
2200
4100
4100
0000
0000
0000
ENDCHAR
STARTCHAR uni2145
ENCODING 8517
SWIDTH 576 0
DWIDTH 9 0
BBX 9 15 0 -3
BITMAP
0000
0000
7C00
5200
5100
5100
5100
A200
A200
A200
A400
F800
0000
0000
0000
ENDCHAR
STARTCHAR uni2146
ENCODING 8518
SWIDTH 576 0
DWIDTH 9 0
BBX 9 15 0 -3
BITMAP
0000
0000
0280
0280
0280
3A80
5500
A500
A500
A500
AD00
7500
0000
0000
0000
ENDCHAR
STARTCHAR uni2147
ENCODING 8519
SWIDTH 576 0
DWIDTH 9 0
BBX 9 15 0 -3
BITMAP
0000
0000
0000
0000
0000
3F00
5280
5280
FF00
A000
A000
7E00
0000
0000
0000
ENDCHAR
STARTCHAR uni2148
ENCODING 8520
SWIDTH 576 0
DWIDTH 9 0
BBX 9 15 0 -3
BITMAP
0000
0000
0C00
0000
0000
1E00
0A00
0A00
1400
1400
1400
3E00
0000
0000
0000
ENDCHAR
STARTCHAR uni2149
ENCODING 8521
SWIDTH 576 0
DWIDTH 9 0
BBX 9 15 0 -3
BITMAP
0000
0000
0300
0000
0000
0F00
0500
0500
0500
0500
0A00
4A00
4A00
4A00
3C00
ENDCHAR
STARTCHAR uni214A
ENCODING 8522
SWIDTH 576 0
DWIDTH 9 0
BBX 9 15 0 -3
BITMAP
0000
0000
0800
0800
7E00
4900
4900
4900
4E00
4800
0800
0F00
0000
0000
0000
ENDCHAR
STARTCHAR uni214B
ENCODING 8523
SWIDTH 576 0
DWIDTH 9 0
BBX 9 15 0 -3
BITMAP
0000
0000
4600
2900
1100
2900
4600
0600
0900
0900
0900
0600
0000
0000
0000
ENDCHAR
STARTCHAR onethird
ENCODING 8531
SWIDTH 576 0
DWIDTH 9 0
BBX 9 15 0 -3
BITMAP
0000
0000
2000
6000
2000
2000
2600
7100
0600
0100
0100
0600
0000
0000
0000
ENDCHAR
STARTCHAR twothirds
ENCODING 8532
SWIDTH 576 0
DWIDTH 9 0
BBX 9 15 0 -3
BITMAP
0000
0000
2000
5000
1000
1000
2600
7100
0600
0100
0100
0600
0000
0000
0000
ENDCHAR
STARTCHAR uni2155
ENCODING 8533
SWIDTH 576 0
DWIDTH 9 0
BBX 9 15 0 -3
BITMAP
0000
0000
2000
6000
2000
2000
2700
7400
0600
0100
0100
0600
0000
0000
0000
ENDCHAR
STARTCHAR uni2156
ENCODING 8534
SWIDTH 576 0
DWIDTH 9 0
BBX 9 15 0 -3
BITMAP
0000
0000
2000
5000
1000
1000
2700
7400
0600
0100
0100
0600
0000
0000
0000
ENDCHAR
STARTCHAR uni2157
ENCODING 8535
SWIDTH 576 0
DWIDTH 9 0
BBX 9 15 0 -3
BITMAP
0000
0000
6000
1000
6000
1000
1700
6400
0600
0100
0100
0600
0000
0000
0000
ENDCHAR
STARTCHAR uni2158
ENCODING 8536
SWIDTH 576 0
DWIDTH 9 0
BBX 9 15 0 -3
BITMAP
0000
0000
1000
3000
5000
7000
1700
1400
0600
0100
0100
0600
0000
0000
0000
ENDCHAR
STARTCHAR uni2159
ENCODING 8537
SWIDTH 576 0
DWIDTH 9 0
BBX 9 15 0 -3
BITMAP
0000
0000
2000
6000
2000
2000
2300
7400
0600
0500
0500
0200
0000
0000
0000
ENDCHAR
STARTCHAR uni215A
ENCODING 8538
SWIDTH 576 0
DWIDTH 9 0
BBX 9 15 0 -3
BITMAP
0000
0000
7000
4000
7000
1000
1300
6400
0600
0500
0500
0200
0000
0000
0000
ENDCHAR
STARTCHAR oneeighth
ENCODING 8539
SWIDTH 576 0
DWIDTH 9 0
BBX 9 15 0 -3
BITMAP
0000
0000
2000
6000
2000
2000
2200
7500
0200
0500
0500
0200
0000
0000
0000
ENDCHAR
STARTCHAR threeeighths
ENCODING 8540
SWIDTH 576 0
DWIDTH 9 0
BBX 9 15 0 -3
BITMAP
0000
0000
6000
1000
6000
1000
1200
6500
0200
0500
0500
0200
0000
0000
0000
ENDCHAR
STARTCHAR fiveeighths
ENCODING 8541
SWIDTH 576 0
DWIDTH 9 0
BBX 9 15 0 -3
BITMAP
0000
0000
7000
4000
7000
1000
1200
6500
0200
0500
0500
0200
0000
0000
0000
ENDCHAR
STARTCHAR seveneighths
ENCODING 8542
SWIDTH 576 0
DWIDTH 9 0
BBX 9 15 0 -3
BITMAP
0000
0000
7000
1000
1000
2000
2200
2500
0200
0500
0500
0200
0000
0000
0000
ENDCHAR
STARTCHAR uni215F
ENCODING 8543
SWIDTH 576 0
DWIDTH 9 0
BBX 9 15 0 -3
BITMAP
0000
0000
2000
6000
2000
2000
2000
7000
0000
0000
0000
0000
0000
0000
0000
ENDCHAR
STARTCHAR uni2160
ENCODING 8544
SWIDTH 576 0
DWIDTH 9 0
BBX 9 15 0 -3
BITMAP
0000
0000
3E00
0800
0800
0800
0800
0800
0800
0800
0800
3E00
0000
0000
0000
ENDCHAR
STARTCHAR uni2161
ENCODING 8545
SWIDTH 576 0
DWIDTH 9 0
BBX 9 15 0 -3
BITMAP
0000
0000
7E00
2400
2400
2400
2400
2400
2400
2400
2400
7E00
0000
0000
0000
ENDCHAR
STARTCHAR uni2162
ENCODING 8546
SWIDTH 576 0
DWIDTH 9 0
BBX 9 15 0 -3
BITMAP
0000
0000
7F00
2A00
2A00
2A00
2A00
2A00
2A00
2A00
2A00
7F00
0000
0000
0000
ENDCHAR
STARTCHAR uni2163
ENCODING 8547
SWIDTH 576 0
DWIDTH 9 0
BBX 9 15 0 -3
BITMAP
0000
0000
F100
5100
5100
4A00
4A00
4A00
4A00
4400
4400
E400
0000
0000
0000
ENDCHAR
STARTCHAR uni2164
ENCODING 8548
SWIDTH 576 0
DWIDTH 9 0
BBX 9 15 0 -3
BITMAP
0000
0000
4100
4100
4100
2200
2200
2200
1400
1400
1400
0800
0000
0000
0000
ENDCHAR
STARTCHAR uni2165
ENCODING 8549
SWIDTH 576 0
DWIDTH 9 0
BBX 9 15 0 -3
BITMAP
0000
0000
8F00
8A00
8A00
5200
5200
5200
5200
2200
2200
2700
0000
0000
0000
ENDCHAR
STARTCHAR uni2166
ENCODING 8550
SWIDTH 576 0
DWIDTH 9 0
BBX 9 15 0 -3
BITMAP
0000
0000
8F80
8D00
8D00
5500
5500
5500
5500
2500
2500
2F80
0000
0000
0000
ENDCHAR
STARTCHAR uni2167
ENCODING 8551
SWIDTH 576 0
DWIDTH 9 0
BBX 9 15 0 -3
BITMAP
0000
0000
BF80
AA80
AA80
AA80
AA80
AA80
4A80
4A80
4A80
5F80
0000
0000
0000
ENDCHAR
STARTCHAR uni2168
ENCODING 8552
SWIDTH 576 0
DWIDTH 9 0
BBX 9 15 0 -3
BITMAP
0000
0000
7900
2900
2900
2600
2600
2600
2600
2900
2900
7900
0000
0000
0000
ENDCHAR
STARTCHAR uni2169
ENCODING 8553
SWIDTH 576 0
DWIDTH 9 0
BBX 9 15 0 -3
BITMAP
0000
0000
4100
4100
2200
1400
0800
0800
1400
2200
4100
4100
0000
0000
0000
ENDCHAR
STARTCHAR uni216A
ENCODING 8554
SWIDTH 576 0
DWIDTH 9 0
BBX 9 15 0 -3
BITMAP
0000
0000
4F00
4A00
4A00
3200
3200
3200
3200
4A00
4A00
4F00
0000
0000
0000
ENDCHAR
STARTCHAR uni216B
ENCODING 8555
SWIDTH 576 0
DWIDTH 9 0
BBX 9 15 0 -3
BITMAP
0000
0000
BF00
AA00
AA00
4A00
4A00
4A00
4A00
AA00
AA00
BF00
0000
0000
0000
ENDCHAR
STARTCHAR uni216C
ENCODING 8556
SWIDTH 576 0
DWIDTH 9 0
BBX 9 15 0 -3
BITMAP
0000
0000
4000
4000
4000
4000
4000
4000
4000
4000
4000
7F00
0000
0000
0000
ENDCHAR
STARTCHAR uni216D
ENCODING 8557
SWIDTH 576 0
DWIDTH 9 0
BBX 9 15 0 -3
BITMAP
0000
0000
3E00
4100
4000
4000
4000
4000
4000
4000
4100
3E00
0000
0000
0000
ENDCHAR
STARTCHAR uni216E
ENCODING 8558
SWIDTH 576 0
DWIDTH 9 0
BBX 9 15 0 -3
BITMAP
0000
0000
7E00
2100
2100
2100
2100
2100
2100
2100
2100
7E00
0000
0000
0000
ENDCHAR
STARTCHAR uni216F
ENCODING 8559
SWIDTH 576 0
DWIDTH 9 0
BBX 9 15 0 -3
BITMAP
0000
0000
4100
4100
6300
5500
5500
4900
4900
4100
4100
4100
0000
0000
0000
ENDCHAR
STARTCHAR uni2170
ENCODING 8560
SWIDTH 576 0
DWIDTH 9 0
BBX 9 15 0 -3
BITMAP
0000
0000
1800
0000
0000
3800
0800
0800
0800
0800
0800
3E00
0000
0000
0000
ENDCHAR
STARTCHAR uni2171
ENCODING 8561
SWIDTH 576 0
DWIDTH 9 0
BBX 9 15 0 -3
BITMAP
0000
0000
0000
6C00
0000
6C00
2400
2400
2400
2400
2400
7E00
0000
0000
0000
ENDCHAR
STARTCHAR uni2172
ENCODING 8562
SWIDTH 576 0
DWIDTH 9 0
BBX 9 15 0 -3
BITMAP
0000
0000
0000
2A00
0000
7E00
2A00
2A00
2A00
2A00
2A00
7F00
0000
0000
0000
ENDCHAR
STARTCHAR uni2173
ENCODING 8563
SWIDTH 576 0
DWIDTH 9 0
BBX 9 15 0 -3
BITMAP
0000
0000
0000
2000
0000
6900
2900
2900
2900
2600
2600
7600
0000
0000
0000
ENDCHAR
STARTCHAR uni2174
ENCODING 8564
SWIDTH 576 0
DWIDTH 9 0
BBX 9 15 0 -3
BITMAP
0000
0000
0000
0000
0000
4100
4100
2200
2200
1400
1400
0800
0000
0000
0000
ENDCHAR
STARTCHAR uni2175
ENCODING 8565
SWIDTH 576 0
DWIDTH 9 0
BBX 9 15 0 -3
BITMAP
0000
0000
0000
0200
0000
4E00
4A00
4A00
4A00
3200
3200
3700
0000
0000
0000
ENDCHAR
STARTCHAR uni2176
ENCODING 8566
SWIDTH 576 0
DWIDTH 9 0
BBX 9 15 0 -3
BITMAP
0000
0000
0000
0A00
0000
BE00
AA00
AA00
AA00
4A00
4A00
5F00
0000
0000
0000
ENDCHAR
STARTCHAR uni2177
ENCODING 8567
SWIDTH 576 0
DWIDTH 9 0
BBX 9 15 0 -3
BITMAP
0000
0000
0000
0A80
0000
BF80
AA80
AA80
AA80
4A80
4A80
5F80
0000
0000
0000
ENDCHAR
STARTCHAR uni2178
ENCODING 8568
SWIDTH 576 0
DWIDTH 9 0
BBX 9 15 0 -3
BITMAP
0000
0000
0000
2000
0000
6900
2900
2600
2600
2600
2900
7900
0000
0000
0000
ENDCHAR
STARTCHAR uni2179
ENCODING 8569
SWIDTH 576 0
DWIDTH 9 0
BBX 9 15 0 -3
BITMAP
0000
0000
0000
0000
0000
4100
2200
1400
0800
1400
2200
4100
0000
0000
0000
ENDCHAR
STARTCHAR uni217A
ENCODING 8570
SWIDTH 576 0
DWIDTH 9 0
BBX 9 15 0 -3
BITMAP
0000
0000
0000
0200
0000
4E00
4A00
3200
3200
3200
4A00
4F00
0000
0000
0000
ENDCHAR
STARTCHAR uni217B
ENCODING 8571
SWIDTH 576 0
DWIDTH 9 0
BBX 9 15 0 -3
BITMAP
0000
0000
0000
0500
0000
9F00
9500
6500
6500
6500
9500
9F80
0000
0000
0000
ENDCHAR
STARTCHAR uni217C
ENCODING 8572
SWIDTH 576 0
DWIDTH 9 0
BBX 9 15 0 -3
BITMAP
0000
0000
3800
0800
0800
0800
0800
0800
0800
0800
0800
3E00
0000
0000
0000
ENDCHAR
STARTCHAR uni217D
ENCODING 8573
SWIDTH 576 0
DWIDTH 9 0
BBX 9 15 0 -3
BITMAP
0000
0000
0000
0000
0000
3E00
4100
4000
4000
4000
4100
3E00
0000
0000
0000
ENDCHAR
STARTCHAR uni217E
ENCODING 8574
SWIDTH 576 0
DWIDTH 9 0
BBX 9 15 0 -3
BITMAP
0000
0000
0100
0100
0100
3D00
4300
4100
4100
4100
4300
3D00
0000
0000
0000
ENDCHAR
STARTCHAR uni217F
ENCODING 8575
SWIDTH 576 0
DWIDTH 9 0
BBX 9 15 0 -3
BITMAP
0000
0000
0000
0000
0000
7600
4900
4900
4900
4900
4900
4100
0000
0000
0000
ENDCHAR
STARTCHAR uni2180
ENCODING 8576
SWIDTH 576 0
DWIDTH 9 0
BBX 9 15 0 -3
BITMAP
0000
0000
3E00
4900
4900
4900
4900
4900
4900
4900
4900
3E00
0000
0000
0000
ENDCHAR
STARTCHAR uni2181
ENCODING 8577
SWIDTH 576 0
DWIDTH 9 0
BBX 9 15 0 -3
BITMAP
0000
0000
7E00
2100
3900
2500
2500
2500
2500
3900
2100
7E00
0000
0000
0000
ENDCHAR
STARTCHAR uni2182
ENCODING 8578
SWIDTH 576 0
DWIDTH 9 0
BBX 9 15 0 -3
BITMAP
0000
0000
7F00
8880
9C80
AA80
AA80
AA80
AA80
9C80
8880
7F00
0000
0000
0000
ENDCHAR
STARTCHAR uni2183
ENCODING 8579
SWIDTH 576 0
DWIDTH 9 0
BBX 9 15 0 -3
BITMAP
0000
0000
3E00
4100
0100
0100
0100
0100
0100
0100
4100
3E00
0000
0000
0000
ENDCHAR
STARTCHAR arrowleft
ENCODING 8592
SWIDTH 576 0
DWIDTH 9 0
BBX 9 15 0 -3
BITMAP
0000
0000
0000
0000
0800
1000
2000
7F00
2000
1000
0800
0000
0000
0000
0000
ENDCHAR
STARTCHAR arrowup
ENCODING 8593
SWIDTH 576 0
DWIDTH 9 0
BBX 9 15 0 -3
BITMAP
0000
0000
0800
1C00
2A00
4900
0800
0800
0800
0800
0800
0800
0000
0000
0000
ENDCHAR
STARTCHAR arrowright
ENCODING 8594
SWIDTH 576 0
DWIDTH 9 0
BBX 9 15 0 -3
BITMAP
0000
0000
0000
0000
0800
0400
0200
7F00
0200
0400
0800
0000
0000
0000
0000
ENDCHAR
STARTCHAR arrowdown
ENCODING 8595
SWIDTH 576 0
DWIDTH 9 0
BBX 9 15 0 -3
BITMAP
0000
0000
0800
0800
0800
0800
0800
0800
4900
2A00
1C00
0800
0000
0000
0000
ENDCHAR
STARTCHAR arrowboth
ENCODING 8596
SWIDTH 576 0
DWIDTH 9 0
BBX 9 15 0 -3
BITMAP
0000
0000
0000
0000
0000
1400
2200
7F00
2200
1400
0000
0000
0000
0000
0000
ENDCHAR
STARTCHAR arrowupdn
ENCODING 8597
SWIDTH 576 0
DWIDTH 9 0
BBX 9 15 0 -3
BITMAP
0000
0000
0800
1C00
2A00
4900
0800
0800
4900
2A00
1C00
0800
0000
0000
0000
ENDCHAR
STARTCHAR uni2196
ENCODING 8598
SWIDTH 576 0
DWIDTH 9 0
BBX 9 15 0 -3
BITMAP
0000
0000
0000
0000
7800
6000
5000
4800
0400
0200
0100
0000
0000
0000
0000
ENDCHAR
STARTCHAR uni2197
ENCODING 8599
SWIDTH 576 0
DWIDTH 9 0
BBX 9 15 0 -3
BITMAP
0000
0000
0000
0000
0F00
0300
0500
0900
1000
2000
4000
0000
0000
0000
0000
ENDCHAR
STARTCHAR uni2198
ENCODING 8600
SWIDTH 576 0
DWIDTH 9 0
BBX 9 15 0 -3
BITMAP
0000
0000
0000
0000
4000
2000
1000
0900
0500
0300
0F00
0000
0000
0000
0000
ENDCHAR
STARTCHAR uni2199
ENCODING 8601
SWIDTH 576 0
DWIDTH 9 0
BBX 9 15 0 -3
BITMAP
0000
0000
0000
0000
0100
0200
0400
4800
5000
6000
7800
0000
0000
0000
0000
ENDCHAR
STARTCHAR uni219A
ENCODING 8602
SWIDTH 576 0
DWIDTH 9 0
BBX 9 15 0 -3
BITMAP
0000
0000
0000
0000
1000
2200
4200
FF00
4400
2400
1000
0000
0000
0000
0000
ENDCHAR
STARTCHAR uni219B
ENCODING 8603
SWIDTH 576 0
DWIDTH 9 0
BBX 9 15 0 -3
BITMAP
0000
0000
0000
0000
0800
2400
2200
FF00
4200
4400
0800
0000
0000
0000
0000
ENDCHAR
STARTCHAR uni219C
ENCODING 8604
SWIDTH 576 0
DWIDTH 9 0
BBX 9 15 0 -3
BITMAP
0000
0000
0000
0000
1000
2000
4200
F500
4800
2000
1000
0000
0000
0000
0000
ENDCHAR
STARTCHAR uni219D
ENCODING 8605
SWIDTH 576 0
DWIDTH 9 0
BBX 9 15 0 -3
BITMAP
0000
0000
0000
0000
0800
0400
4200
AF00
1200
0400
0800
0000
0000
0000
0000
ENDCHAR
STARTCHAR uni219E
ENCODING 8606
SWIDTH 576 0
DWIDTH 9 0
BBX 9 15 0 -3
BITMAP
0000
0000
0000
0000
1200
2400
4800
FF00
4800
2400
1200
0000
0000
0000
0000
ENDCHAR
STARTCHAR uni219F
ENCODING 8607
SWIDTH 576 0
DWIDTH 9 0
BBX 9 15 0 -3
BITMAP
0000
0000
0800
1C00
2A00
4900
1C00
2A00
4900
0800
0800
0800
0000
0000
0000
ENDCHAR
STARTCHAR uni21A0
ENCODING 8608
SWIDTH 576 0
DWIDTH 9 0
BBX 9 15 0 -3
BITMAP
0000
0000
0000
0000
4800
2400
1200
FF00
1200
2400
4800
0000
0000
0000
0000
ENDCHAR
STARTCHAR uni21A1
ENCODING 8609
SWIDTH 576 0
DWIDTH 9 0
BBX 9 15 0 -3
BITMAP
0000
0000
0800
0800
0800
4900
2A00
1C00
4900
2A00
1C00
0800
0000
0000
0000
ENDCHAR
STARTCHAR uni21A2
ENCODING 8610
SWIDTH 576 0
DWIDTH 9 0
BBX 9 15 0 -3
BITMAP
0000
0000
0000
0000
0800
1100
2200
7C00
2200
1100
0800
0000
0000
0000
0000
ENDCHAR
STARTCHAR uni21A3
ENCODING 8611
SWIDTH 576 0
DWIDTH 9 0
BBX 9 15 0 -3
BITMAP
0000
0000
0000
0000
0800
4400
2200
1F00
2200
4400
0800
0000
0000
0000
0000
ENDCHAR
STARTCHAR uni21A4
ENCODING 8612
SWIDTH 576 0
DWIDTH 9 0
BBX 9 15 0 -3
BITMAP
0000
0000
0000
0000
0800
1100
2100
7F00
2100
1100
0800
0000
0000
0000
0000
ENDCHAR
STARTCHAR uni21A5
ENCODING 8613
SWIDTH 576 0
DWIDTH 9 0
BBX 9 15 0 -3
BITMAP
0000
0000
0800
1C00
2A00
4900
0800
0800
0800
0800
0800
3E00
0000
0000
0000
ENDCHAR
STARTCHAR uni21A6
ENCODING 8614
SWIDTH 576 0
DWIDTH 9 0
BBX 9 15 0 -3
BITMAP
0000
0000
0000
0000
0800
4400
4200
7F00
4200
4400
0800
0000
0000
0000
0000
ENDCHAR
STARTCHAR uni21A7
ENCODING 8615
SWIDTH 576 0
DWIDTH 9 0
BBX 9 15 0 -3
BITMAP
0000
0000
3E00
0800
0800
0800
0800
0800
4900
2A00
1C00
0800
0000
0000
0000
ENDCHAR
STARTCHAR arrowupdnbse
ENCODING 8616
SWIDTH 576 0
DWIDTH 9 0
BBX 9 15 0 -3
BITMAP
0000
0000
0800
1C00
2A00
4900
0800
4900
2A00
1C00
0800
7F00
0000
0000
0000
ENDCHAR
STARTCHAR uni21A9
ENCODING 8617
SWIDTH 576 0
DWIDTH 9 0
BBX 9 15 0 -3
BITMAP
0000
0000
0000
0000
1000
2200
4100
FE00
4000
2000
1000
0000
0000
0000
0000
ENDCHAR
STARTCHAR uni21AA
ENCODING 8618
SWIDTH 576 0
DWIDTH 9 0
BBX 9 15 0 -3
BITMAP
0000
0000
0000
0000
0800
4400
8200
7F00
0200
0400
0800
0000
0000
0000
0000
ENDCHAR
STARTCHAR uni21AB
ENCODING 8619
SWIDTH 576 0
DWIDTH 9 0
BBX 9 15 0 -3
BITMAP
0000
0000
0000
0000
1000
2200
4500
FE00
4400
2400
1000
0000
0000
0000
0000
ENDCHAR
STARTCHAR uni21AC
ENCODING 8620
SWIDTH 576 0
DWIDTH 9 0
BBX 9 15 0 -3
BITMAP
0000
0000
0000
0000
0800
4400
A200
7F00
2200
2400
0800
0000
0000
0000
0000
ENDCHAR
STARTCHAR uni21AD
ENCODING 8621
SWIDTH 576 0
DWIDTH 9 0
BBX 9 15 0 -3
BITMAP
0000
0000
0000
0000
0000
2200
4900
F780
4100
2200
0000
0000
0000
0000
0000
ENDCHAR
STARTCHAR uni21AE
ENCODING 8622
SWIDTH 576 0
DWIDTH 9 0
BBX 9 15 0 -3
BITMAP
0000
0000
0000
0000
0000
2200
4900
FF80
4900
2200
0000
0000
0000
0000
0000
ENDCHAR
STARTCHAR uni21AF
ENCODING 8623
SWIDTH 576 0
DWIDTH 9 0
BBX 9 15 0 -3
BITMAP
0000
0000
0800
1000
1200
2E00
3200
0400
0400
2800
1E00
0800
0000
0000
0000
ENDCHAR
STARTCHAR uni21B0
ENCODING 8624
SWIDTH 576 0
DWIDTH 9 0
BBX 9 15 0 -3
BITMAP
0000
0000
1000
2000
7E00
2200
1200
0200
0200
0200
0200
0200
0000
0000
0000
ENDCHAR
STARTCHAR uni21B1
ENCODING 8625
SWIDTH 576 0
DWIDTH 9 0
BBX 9 15 0 -3
BITMAP
0000
0000
0400
0200
7F00
4200
4400
4000
4000
4000
4000
4000
0000
0000
0000
ENDCHAR
STARTCHAR uni21B2
ENCODING 8626
SWIDTH 576 0
DWIDTH 9 0
BBX 9 15 0 -3
BITMAP
0000
0000
0200
0200
0200
0200
0200
1200
2200
7E00
2000
1000
0000
0000
0000
ENDCHAR
STARTCHAR uni21B3
ENCODING 8627
SWIDTH 576 0
DWIDTH 9 0
BBX 9 15 0 -3
BITMAP
0000
0000
4000
4000
4000
4000
4000
4400
4200
7F00
0200
0400
0000
0000
0000
ENDCHAR
STARTCHAR uni21B4
ENCODING 8628
SWIDTH 576 0
DWIDTH 9 0
BBX 9 15 0 -3
BITMAP
0000
0000
0000
0000
7C00
0400
0400
0400
0400
1500
0E00
0400
0000
0000
0000
ENDCHAR
STARTCHAR carriagereturn
ENCODING 8629
SWIDTH 576 0
DWIDTH 9 0
BBX 9 15 0 -3
BITMAP
0000
0000
0000
0100
0100
0100
1100
2100
7F00
2000
1000
0000
0000
0000
0000
ENDCHAR
STARTCHAR uni21B6
ENCODING 8630
SWIDTH 576 0
DWIDTH 9 0
BBX 9 15 0 -3
BITMAP
0000
0000
0000
0E00
1100
2080
2080
A880
7000
2000
0000
0000
0000
0000
0000
ENDCHAR
STARTCHAR uni21B7
ENCODING 8631
SWIDTH 576 0
DWIDTH 9 0
BBX 9 15 0 -3
BITMAP
0000
0000
0000
3800
4400
8200
8200
8A80
0700
0200
0000
0000
0000
0000
0000
ENDCHAR
STARTCHAR uni21B8
ENCODING 8632
SWIDTH 576 0
DWIDTH 9 0
BBX 9 15 0 -3
BITMAP
0000
0000
7F00
2000
3800
3000
2800
0400
0400
0200
0100
0100
0000
0000
0000
ENDCHAR
STARTCHAR uni21B9
ENCODING 8633
SWIDTH 576 0
DWIDTH 9 0
BBX 9 15 0 -3
BITMAP
0000
0000
0000
4800
5000
7F00
5000
4900
0500
7F00
0500
0900
0000
0000
0000
ENDCHAR
STARTCHAR uni21BA
ENCODING 8634
SWIDTH 576 0
DWIDTH 9 0
BBX 9 15 0 -3
BITMAP
0000
0000
0000
0000
3200
4700
8A80
8200
8200
4400
3800
0000
0000
0000
0000
ENDCHAR
STARTCHAR uni21BB
ENCODING 8635
SWIDTH 576 0
DWIDTH 9 0
BBX 9 15 0 -3
BITMAP
0000
0000
0000
0000
2600
7100
A880
2080
2080
1100
0E00
0000
0000
0000
0000
ENDCHAR
STARTCHAR uni21BC
ENCODING 8636
SWIDTH 576 0
DWIDTH 9 0
BBX 9 15 0 -3
BITMAP
0000
0000
0000
0000
0000
0800
1000
2000
7F00
0000
0000
0000
0000
0000
0000
ENDCHAR
STARTCHAR uni21BD
ENCODING 8637
SWIDTH 576 0
DWIDTH 9 0
BBX 9 15 0 -3
BITMAP
0000
0000
0000
0000
0000
0000
0000
0000
7F00
2000
1000
0800
0000
0000
0000
ENDCHAR
STARTCHAR uni21BE
ENCODING 8638
SWIDTH 576 0
DWIDTH 9 0
BBX 9 15 0 -3
BITMAP
0000
0000
0800
0C00
0A00
0900
0800
0800
0800
0800
0800
0800
0000
0000
0000
ENDCHAR
STARTCHAR uni21BF
ENCODING 8639
SWIDTH 576 0
DWIDTH 9 0
BBX 9 15 0 -3
BITMAP
0000
0000
0800
1800
2800
4800
0800
0800
0800
0800
0800
0800
0000
0000
0000
ENDCHAR
STARTCHAR uni21C0
ENCODING 8640
SWIDTH 576 0
DWIDTH 9 0
BBX 9 15 0 -3
BITMAP
0000
0000
0000
0000
0000
0800
0400
0200
7F00
0000
0000
0000
0000
0000
0000
ENDCHAR
STARTCHAR uni21C1
ENCODING 8641
SWIDTH 576 0
DWIDTH 9 0
BBX 9 15 0 -3
BITMAP
0000
0000
0000
0000
0000
0000
0000
0000
7F00
0200
0400
0800
0000
0000
0000
ENDCHAR
STARTCHAR uni21C2
ENCODING 8642
SWIDTH 576 0
DWIDTH 9 0
BBX 9 15 0 -3
BITMAP
0000
0000
0800
0800
0800
0800
0800
0800
0900
0A00
0C00
0800
0000
0000
0000
ENDCHAR
STARTCHAR uni21C3
ENCODING 8643
SWIDTH 576 0
DWIDTH 9 0
BBX 9 15 0 -3
BITMAP
0000
0000
0800
0800
0800
0800
0800
0800
4800
2800
1800
0800
0000
0000
0000
ENDCHAR
STARTCHAR uni21C4
ENCODING 8644
SWIDTH 576 0
DWIDTH 9 0
BBX 9 15 0 -3
BITMAP
0000
0000
0000
0400
0200
7F00
0200
1400
2000
7F00
2000
1000
0000
0000
0000
ENDCHAR
STARTCHAR uni21C5
ENCODING 8645
SWIDTH 576 0
DWIDTH 9 0
BBX 9 15 0 -3
BITMAP
0000
0000
2200
7200
AA00
2200
2200
2200
2200
2A80
2700
2200
0000
0000
0000
ENDCHAR
STARTCHAR uni21C6
ENCODING 8646
SWIDTH 576 0
DWIDTH 9 0
BBX 9 15 0 -3
BITMAP
0000
0000
0000
1000
2000
7F00
2000
1400
0200
7F00
0200
0400
0000
0000
0000
ENDCHAR
STARTCHAR uni21C7
ENCODING 8647
SWIDTH 576 0
DWIDTH 9 0
BBX 9 15 0 -3
BITMAP
0000
0000
1000
2000
7F00
2000
1000
1000
2000
7F00
2000
1000
0000
0000
0000
ENDCHAR
STARTCHAR uni21C8
ENCODING 8648
SWIDTH 576 0
DWIDTH 9 0
BBX 9 15 0 -3
BITMAP
0000
0000
2200
7700
AA80
2200
2200
2200
2200
2200
2200
2200
0000
0000
0000
ENDCHAR
STARTCHAR uni21C9
ENCODING 8649
SWIDTH 576 0
DWIDTH 9 0
BBX 9 15 0 -3
BITMAP
0000
0000
0400
0200
7F00
0200
0400
0400
0200
7F00
0200
0400
0000
0000
0000
ENDCHAR
STARTCHAR uni21CA
ENCODING 8650
SWIDTH 576 0
DWIDTH 9 0
BBX 9 15 0 -3
BITMAP
0000
0000
2200
2200
2200
2200
2200
2200
2200
AA80
7700
2200
0000
0000
0000
ENDCHAR
STARTCHAR uni21CB
ENCODING 8651
SWIDTH 576 0
DWIDTH 9 0
BBX 9 15 0 -3
BITMAP
0000
0000
0000
0000
1000
2000
7F00
0000
7F00
0200
0400
0000
0000
0000
0000
ENDCHAR
STARTCHAR uni21CC
ENCODING 8652
SWIDTH 576 0
DWIDTH 9 0
BBX 9 15 0 -3
BITMAP
0000
0000
0000
0000
0400
0200
7F00
0000
7F00
2000
1000
0000
0000
0000
0000
ENDCHAR
STARTCHAR uni21CD
ENCODING 8653
SWIDTH 576 0
DWIDTH 9 0
BBX 9 15 0 -3
BITMAP
0000
0000
0000
0000
1000
2100
7F80
8200
7F80
2400
1000
0000
0000
0000
0000
ENDCHAR
STARTCHAR uni21CE
ENCODING 8654
SWIDTH 576 0
DWIDTH 9 0
BBX 9 15 0 -3
BITMAP
0000
0000
0000
0000
1400
2200
7F00
8880
7F00
2200
1400
0000
0000
0000
0000
ENDCHAR
STARTCHAR uni21CF
ENCODING 8655
SWIDTH 576 0
DWIDTH 9 0
BBX 9 15 0 -3
BITMAP
0000
0000
0000
0000
0400
1200
FF00
2080
FF00
4200
0400
0000
0000
0000
0000
ENDCHAR
STARTCHAR arrowdblleft
ENCODING 8656
SWIDTH 576 0
DWIDTH 9 0
BBX 9 15 0 -3
BITMAP
0000
0000
0000
0000
1000
2000
7F80
8000
7F80
2000
1000
0000
0000
0000
0000
ENDCHAR
STARTCHAR arrowdblup
ENCODING 8657
SWIDTH 576 0
DWIDTH 9 0
BBX 9 15 0 -3
BITMAP
0000
0000
0800
1400
3600
5500
1400
1400
1400
1400
1400
1400
0000
0000
0000
ENDCHAR
STARTCHAR arrowdblright
ENCODING 8658
SWIDTH 576 0
DWIDTH 9 0
BBX 9 15 0 -3
BITMAP
0000
0000
0000
0000
0400
0200
FF00
0080
FF00
0200
0400
0000
0000
0000
0000
ENDCHAR
STARTCHAR arrowdbldown
ENCODING 8659
SWIDTH 576 0
DWIDTH 9 0
BBX 9 15 0 -3
BITMAP
0000
0000
1400
1400
1400
1400
1400
1400
5500
3600
1400
0800
0000
0000
0000
ENDCHAR
STARTCHAR arrowdblboth
ENCODING 8660
SWIDTH 576 0
DWIDTH 9 0
BBX 9 15 0 -3
BITMAP
0000
0000
0000
0000
1400
2200
7F00
8080
7F00
2200
1400
0000
0000
0000
0000
ENDCHAR
STARTCHAR uni21D5
ENCODING 8661
SWIDTH 576 0
DWIDTH 9 0
BBX 9 15 0 -3
BITMAP
0000
0000
0800
1400
3600
5500
1400
1400
5500
3600
1400
0800
0000
0000
0000
ENDCHAR
STARTCHAR uni21D6
ENCODING 8662
SWIDTH 576 0
DWIDTH 9 0
BBX 9 15 0 -3
BITMAP
0000
0000
0000
0000
7E00
4800
4400
6200
5100
4800
0400
0000
0000
0000
0000
ENDCHAR
STARTCHAR uni21D7
ENCODING 8663
SWIDTH 576 0
DWIDTH 9 0
BBX 9 15 0 -3
BITMAP
0000
0000
0000
0000
3F00
0900
1100
2300
4500
0900
1000
0000
0000
0000
0000
ENDCHAR
STARTCHAR uni21D8
ENCODING 8664
SWIDTH 576 0
DWIDTH 9 0
BBX 9 15 0 -3
BITMAP
0000
0000
0000
0000
1000
0900
4500
2300
1100
0900
3F00
0000
0000
0000
0000
ENDCHAR
STARTCHAR uni21D9
ENCODING 8665
SWIDTH 576 0
DWIDTH 9 0
BBX 9 15 0 -3
BITMAP
0000
0000
0000
0000
0400
4800
5100
6200
4400
4800
7E00
0000
0000
0000
0000
ENDCHAR
STARTCHAR uni21DA
ENCODING 8666
SWIDTH 576 0
DWIDTH 9 0
BBX 9 15 0 -3
BITMAP
0000
0000
0000
0800
1000
3F80
4000
FF80
4000
3F80
1000
0800
0000
0000
0000
ENDCHAR
STARTCHAR uni21DB
ENCODING 8667
SWIDTH 576 0
DWIDTH 9 0
BBX 9 15 0 -3
BITMAP
0000
0000
0000
0800
0400
FE00
0100
FF80
0100
FE00
0400
0800
0000
0000
0000
ENDCHAR
STARTCHAR uni21DC
ENCODING 8668
SWIDTH 576 0
DWIDTH 9 0
BBX 9 15 0 -3
BITMAP
0000
0000
0000
0000
1000
2000
4800
F500
4200
2000
1000
0000
0000
0000
0000
ENDCHAR
STARTCHAR uni21DD
ENCODING 8669
SWIDTH 576 0
DWIDTH 9 0
BBX 9 15 0 -3
BITMAP
0000
0000
0000
0000
0800
0400
1200
AF00
4200
0400
0800
0000
0000
0000
0000
ENDCHAR
STARTCHAR uni21DE
ENCODING 8670
SWIDTH 576 0
DWIDTH 9 0
BBX 9 15 0 -3
BITMAP
0000
0000
0800
1C00
2A00
4900
0800
3E00
0800
3E00
0800
0800
0000
0000
0000
ENDCHAR
STARTCHAR uni21DF
ENCODING 8671
SWIDTH 576 0
DWIDTH 9 0
BBX 9 15 0 -3
BITMAP
0000
0000
0800
0800
3E00
0800
3E00
0800
4900
2A00
1C00
0800
0000
0000
0000
ENDCHAR
STARTCHAR uni21E0
ENCODING 8672
SWIDTH 576 0
DWIDTH 9 0
BBX 9 15 0 -3
BITMAP
0000
0000
0000
0000
0800
1000
2000
5B00
2000
1000
0800
0000
0000
0000
0000
ENDCHAR
STARTCHAR uni21E1
ENCODING 8673
SWIDTH 576 0
DWIDTH 9 0
BBX 9 15 0 -3
BITMAP
0000
0000
0800
1400
2A00
4900
0000
0800
0800
0000
0800
0800
0000
0000
0000
ENDCHAR
STARTCHAR uni21E2
ENCODING 8674
SWIDTH 576 0
DWIDTH 9 0
BBX 9 15 0 -3
BITMAP
0000
0000
0000
0000
0800
0400
0200
6D00
0200
0400
0800
0000
0000
0000
0000
ENDCHAR
STARTCHAR uni21E3
ENCODING 8675
SWIDTH 576 0
DWIDTH 9 0
BBX 9 15 0 -3
BITMAP
0000
0000
0800
0800
0000
0800
0800
0000
4900
2A00
1400
0800
0000
0000
0000
ENDCHAR
STARTCHAR uni21E4
ENCODING 8676
SWIDTH 576 0
DWIDTH 9 0
BBX 9 15 0 -3
BITMAP
0000
0000
0000
0000
0000
4800
5000
7F00
5000
4800
0000
0000
0000
0000
0000
ENDCHAR
STARTCHAR uni21E5
ENCODING 8677
SWIDTH 576 0
DWIDTH 9 0
BBX 9 15 0 -3
BITMAP
0000
0000
0000
0000
0000
0900
0500
7F00
0500
0900
0000
0000
0000
0000
0000
ENDCHAR
STARTCHAR uni21E6
ENCODING 8678
SWIDTH 576 0
DWIDTH 9 0
BBX 9 15 0 -3
BITMAP
0000
0000
0000
0000
1000
3000
5F80
8080
5F80
3000
1000
0000
0000
0000
0000
ENDCHAR
STARTCHAR uni21E7
ENCODING 8679
SWIDTH 576 0
DWIDTH 9 0
BBX 9 15 0 -3
BITMAP
0000
0000
0800
1400
2200
7700
1400
1400
1400
1400
1400
1C00
0000
0000
0000
ENDCHAR
STARTCHAR uni21E8
ENCODING 8680
SWIDTH 576 0
DWIDTH 9 0
BBX 9 15 0 -3
BITMAP
0000
0000
0000
0000
0400
0600
FD00
8080
FD00
0600
0400
0000
0000
0000
0000
ENDCHAR
STARTCHAR uni21E9
ENCODING 8681
SWIDTH 576 0
DWIDTH 9 0
BBX 9 15 0 -3
BITMAP
0000
0000
1C00
1400
1400
1400
1400
1400
7700
2200
1400
0800
0000
0000
0000
ENDCHAR
STARTCHAR uni21EA
ENCODING 8682
SWIDTH 576 0
DWIDTH 9 0
BBX 9 15 0 -3
BITMAP
0000
0800
1400
2200
7700
1400
1400
1C00
0000
1C00
1400
1C00
0000
0000
0000
ENDCHAR
STARTCHAR uni21EB
ENCODING 8683
SWIDTH 576 0
DWIDTH 9 0
BBX 9 15 0 -3
BITMAP
0000
0000
0800
1400
2200
7700
1400
1400
1400
1400
3600
2200
3E00
0000
0000
ENDCHAR
STARTCHAR uni21EC
ENCODING 8684
SWIDTH 576 0
DWIDTH 9 0
BBX 9 15 0 -3
BITMAP
0000
0000
0800
1400
2200
7F00
1400
1400
1400
1400
3600
2200
3E00
0000
0000
ENDCHAR
STARTCHAR uni21ED
ENCODING 8685
SWIDTH 576 0
DWIDTH 9 0
BBX 9 15 0 -3
BITMAP
0000
0000
0800
1400
2200
7F00
1C00
1C00
1C00
1C00
3E00
2200
3E00
0000
0000
ENDCHAR
STARTCHAR uni21EE
ENCODING 8686
SWIDTH 576 0
DWIDTH 9 0
BBX 9 15 0 -3
BITMAP
0000
0000
0800
1400
2200
7700
2200
7700
1400
1400
1400
1400
1C00
0000
0000
ENDCHAR
STARTCHAR uni21EF
ENCODING 8687
SWIDTH 576 0
DWIDTH 9 0
BBX 9 15 0 -3
BITMAP
0000
0000
0800
1400
2200
7700
2200
7700
1400
1400
3600
2200
3E00
0000
0000
ENDCHAR
STARTCHAR uni21F0
ENCODING 8688
SWIDTH 576 0
DWIDTH 9 0
BBX 9 15 0 -3
BITMAP
0000
0000
0000
0000
8400
8600
FD00
8080
FD00
8600
8400
0000
0000
0000
0000
ENDCHAR
STARTCHAR uni21F1
ENCODING 8689
SWIDTH 576 0
DWIDTH 9 0
BBX 9 15 0 -3
BITMAP
0000
0000
0000
0000
0000
7F00
4000
5E00
5800
5400
5200
4100
0000
0000
0000
ENDCHAR
STARTCHAR uni21F2
ENCODING 8690
SWIDTH 576 0
DWIDTH 9 0
BBX 9 15 0 -3
BITMAP
0000
0000
0000
0000
0000
4100
2500
1500
0D00
3D00
0100
7F00
0000
0000
0000
ENDCHAR
STARTCHAR uni21F3
ENCODING 8691
SWIDTH 576 0
DWIDTH 9 0
BBX 9 15 0 -3
BITMAP
0000
0000
0800
1400
2200
7700
1400
1400
1400
7700
2200
1400
0800
0000
0000
ENDCHAR
STARTCHAR uni21F4
ENCODING 8692
SWIDTH 576 0
DWIDTH 9 0
BBX 9 15 0 -3
BITMAP
0000
0000
0000
0000
0400
3200
4900
FF80
4900
3200
0400
0000
0000
0000
0000
ENDCHAR
STARTCHAR uni21F5
ENCODING 8693
SWIDTH 576 0
DWIDTH 9 0
BBX 9 15 0 -3
BITMAP
0000
0000
2200
2700
2A80
2200
2200
2200
2200
AA00
7200
2200
0000
0000
0000
ENDCHAR
STARTCHAR uni21F6
ENCODING 8694
SWIDTH 576 0
DWIDTH 9 0
BBX 9 15 0 -3
BITMAP
0000
0400
0200
7F00
0200
0400
0200
7F00
0200
0400
0200
7F00
0200
0400
0000
ENDCHAR
STARTCHAR uni21F7
ENCODING 8695
SWIDTH 576 0
DWIDTH 9 0
BBX 9 15 0 -3
BITMAP
0000
0000
0000
0000
0000
2400
4400
FF00
4400
2400
0000
0000
0000
0000
0000
ENDCHAR
STARTCHAR uni21F8
ENCODING 8696
SWIDTH 576 0
DWIDTH 9 0
BBX 9 15 0 -3
BITMAP
0000
0000
0000
0000
0000
2400
2200
FF00
2200
2400
0000
0000
0000
0000
0000
ENDCHAR
STARTCHAR uni21F9
ENCODING 8697
SWIDTH 576 0
DWIDTH 9 0
BBX 9 15 0 -3
BITMAP
0000
0000
0000
0000
0000
2A00
4900
FF80
4900
2A00
0000
0000
0000
0000
0000
ENDCHAR
STARTCHAR uni21FA
ENCODING 8698
SWIDTH 576 0
DWIDTH 9 0
BBX 9 15 0 -3
BITMAP
0000
0000
0000
0000
0000
2A00
4A00
FF00
4A00
2A00
0000
0000
0000
0000
0000
ENDCHAR
STARTCHAR uni21FB
ENCODING 8699
SWIDTH 576 0
DWIDTH 9 0
BBX 9 15 0 -3
BITMAP
0000
0000
0000
0000
0000
5400
5200
FF00
5200
5400
0000
0000
0000
0000
0000
ENDCHAR
STARTCHAR uni21FC
ENCODING 8700
SWIDTH 576 0
DWIDTH 9 0
BBX 9 15 0 -3
BITMAP
0000
0000
0000
0000
0000
5500
9480
FF80
9480
5500
0000
0000
0000
0000
0000
ENDCHAR
STARTCHAR uni21FD
ENCODING 8701
SWIDTH 576 0
DWIDTH 9 0
BBX 9 15 0 -3
BITMAP
0000
0000
0000
0000
0800
1800
2800
4F00
2800
1800
0800
0000
0000
0000
0000
ENDCHAR
STARTCHAR uni21FE
ENCODING 8702
SWIDTH 576 0
DWIDTH 9 0
BBX 9 15 0 -3
BITMAP
0000
0000
0000
0000
0800
0C00
0A00
7900
0A00
0C00
0800
0000
0000
0000
0000
ENDCHAR
STARTCHAR uni21FF
ENCODING 8703
SWIDTH 576 0
DWIDTH 9 0
BBX 9 15 0 -3
BITMAP
0000
0000
0000
0000
0000
2400
6600
BD00
6600
2400
0000
0000
0000
0000
0000
ENDCHAR
STARTCHAR universal
ENCODING 8704
SWIDTH 576 0
DWIDTH 9 0
BBX 9 15 0 -3
BITMAP
0000
0000
4100
4100
7F00
2200
2200
2200
1400
1400
1400
0800
0000
0000
0000
ENDCHAR
STARTCHAR uni2201
ENCODING 8705
SWIDTH 576 0
DWIDTH 9 0
BBX 9 15 0 -3
BITMAP
0000
0000
0800
1400
1000
1000
1000
1000
1000
1400
1400
0800
0000
0000
0000
ENDCHAR
STARTCHAR partialdiff
ENCODING 8706
SWIDTH 576 0
DWIDTH 9 0
BBX 9 15 0 -3
BITMAP
0000
0000
0000
1C00
2200
0200
1A00
2600
4200
4200
4400
3800
0000
0000
0000
ENDCHAR
STARTCHAR existential
ENCODING 8707
SWIDTH 576 0
DWIDTH 9 0
BBX 9 15 0 -3
BITMAP
0000
0000
7F00
0100
0100
0100
1F00
0100
0100
0100
0100
7F00
0000
0000
0000
ENDCHAR
STARTCHAR uni2204
ENCODING 8708
SWIDTH 576 0
DWIDTH 9 0
BBX 9 15 0 -3
BITMAP
0200
0200
7F00
0500
0500
0500
1F00
0900
0900
0900
0900
7F00
1000
1000
0000
ENDCHAR
STARTCHAR emptyset
ENCODING 8709
SWIDTH 576 0
DWIDTH 9 0
BBX 9 15 0 -3
BITMAP
0000
0100
1D00
2200
4500
4500
4900
4900
5100
5100
2200
5C00
4000
0000
0000
ENDCHAR
STARTCHAR Delta
ENCODING 8710
SWIDTH 576 0
DWIDTH 9 0
BBX 9 15 0 -3
BITMAP
0000
0000
0800
0800
1400
1400
2200
2200
2200
4100
4100
7F00
0000
0000
0000
ENDCHAR
STARTCHAR gradient
ENCODING 8711
SWIDTH 576 0
DWIDTH 9 0
BBX 9 15 0 -3
BITMAP
0000
0000
7F00
4100
4100
2200
2200
2200
1400
1400
0800
0800
0000
0000
0000
ENDCHAR
STARTCHAR element
ENCODING 8712
SWIDTH 576 0
DWIDTH 9 0
BBX 9 15 0 -3
BITMAP
0000
0000
0000
0000
1F00
2000
4000
7F00
4000
2000
1F00
0000
0000
0000
0000
ENDCHAR
STARTCHAR notelement
ENCODING 8713
SWIDTH 576 0
DWIDTH 9 0
BBX 9 15 0 -3
BITMAP
0000
0000
0200
0200
1F00
2400
4400
7F00
4800
2800
1F00
1000
1000
0000
0000
ENDCHAR
STARTCHAR uni220A
ENCODING 8714
SWIDTH 576 0
DWIDTH 9 0
BBX 9 15 0 -3
BITMAP
0000
0000
0000
0000
0000
0000
1E00
2000
3E00
2000
1E00
0000
0000
0000
0000
ENDCHAR
STARTCHAR suchthat
ENCODING 8715
SWIDTH 576 0
DWIDTH 9 0
BBX 9 15 0 -3
BITMAP
0000
0000
0000
0000
7C00
0200
0100
7F00
0100
0200
7C00
0000
0000
0000
0000
ENDCHAR
STARTCHAR uni220C
ENCODING 8716
SWIDTH 576 0
DWIDTH 9 0
BBX 9 15 0 -3
BITMAP
0000
0000
0400
0400
7C00
0A00
0900
7F00
1100
1200
7C00
2000
2000
0000
0000
ENDCHAR
STARTCHAR uni220D
ENCODING 8717
SWIDTH 576 0
DWIDTH 9 0
BBX 9 15 0 -3
BITMAP
0000
0000
0000
0000
0000
0000
3C00
0200
3E00
0200
3C00
0000
0000
0000
0000
ENDCHAR
STARTCHAR uni220E
ENCODING 8718
SWIDTH 576 0
DWIDTH 9 0
BBX 9 15 0 -3
BITMAP
0000
0000
0000
3E00
3E00
3E00
3E00
3E00
3E00
3E00
3E00
0000
0000
0000
0000
ENDCHAR
STARTCHAR product
ENCODING 8719
SWIDTH 576 0
DWIDTH 9 0
BBX 9 15 0 -3
BITMAP
0000
7F00
2200
2200
2200
2200
2200
2200
2200
2200
2200
2200
7700
0000
0000
ENDCHAR
STARTCHAR uni2210
ENCODING 8720
SWIDTH 576 0
DWIDTH 9 0
BBX 9 15 0 -3
BITMAP
0000
7700
2200
2200
2200
2200
2200
2200
2200
2200
2200
2200
7F00
0000
0000
ENDCHAR
STARTCHAR summation
ENCODING 8721
SWIDTH 576 0
DWIDTH 9 0
BBX 9 15 0 -3
BITMAP
0000
7F00
4000
2000
1000
1000
0800
0800
1000
1000
2000
4000
7F00
0000
0000
ENDCHAR
STARTCHAR minus
ENCODING 8722
SWIDTH 576 0
DWIDTH 9 0
BBX 9 15 0 -3
BITMAP
0000
0000
0000
0000
0000
0000
0000
7F00
0000
0000
0000
0000
0000
0000
0000
ENDCHAR
STARTCHAR uni2213
ENCODING 8723
SWIDTH 576 0
DWIDTH 9 0
BBX 9 15 0 -3
BITMAP
0000
0000
0000
7F00
0000
0800
0800
0800
7F00
0800
0800
0800
0000
0000
0000
ENDCHAR
STARTCHAR uni2214
ENCODING 8724
SWIDTH 576 0
DWIDTH 9 0
BBX 9 15 0 -3
BITMAP
0000
0000
0000
0800
0000
0800
0800
0800
7F00
0800
0800
0800
0000
0000
0000
ENDCHAR
STARTCHAR fraction
ENCODING 8725
SWIDTH 576 0
DWIDTH 9 0
BBX 9 15 0 -3
BITMAP
0000
0000
0200
0200
0400
0400
0800
0800
1000
1000
2000
2000
0000
0000
0000
ENDCHAR
STARTCHAR uni2216
ENCODING 8726
SWIDTH 576 0
DWIDTH 9 0
BBX 9 15 0 -3
BITMAP
0000
0000
2000
2000
1000
1000
0800
0800
0400
0400
0200
0200
0000
0000
0000
ENDCHAR
STARTCHAR asteriskmath
ENCODING 8727
SWIDTH 576 0
DWIDTH 9 0
BBX 9 15 0 -3
BITMAP
0000
0000
0000
0000
0800
4900
2A00
1C00
2A00
4900
0800
0000
0000
0000
0000
ENDCHAR
STARTCHAR uni2218
ENCODING 8728
SWIDTH 576 0
DWIDTH 9 0
BBX 9 15 0 -3
BITMAP
0000
0000
0000
0000
0000
1C00
2200
2200
2200
1C00
0000
0000
0000
0000
0000
ENDCHAR
STARTCHAR periodcentered
ENCODING 8729
SWIDTH 576 0
DWIDTH 9 0
BBX 9 15 0 -3
BITMAP
0000
0000
0000
0000
0000
1C00
3E00
3E00
3E00
1C00
0000
0000
0000
0000
0000
ENDCHAR
STARTCHAR radical
ENCODING 8730
SWIDTH 576 0
DWIDTH 9 0
BBX 9 15 0 -3
BITMAP
0000
0000
0100
0100
0200
0200
0400
0400
4800
2800
1000
0000
0000
0000
0000
ENDCHAR
STARTCHAR uni221B
ENCODING 8731
SWIDTH 576 0
DWIDTH 9 0
BBX 9 15 0 -3
BITMAP
0000
3000
0900
3100
0A00
3200
0400
0400
4800
2800
1000
0000
0000
0000
0000
ENDCHAR
STARTCHAR uni221C
ENCODING 8732
SWIDTH 576 0
DWIDTH 9 0
BBX 9 15 0 -3
BITMAP
0000
0800
1900
2900
3A00
0A00
0400
0400
4800
2800
1000
0000
0000
0000
0000
ENDCHAR
STARTCHAR proportional
ENCODING 8733
SWIDTH 576 0
DWIDTH 9 0
BBX 9 15 0 -3
BITMAP
0000
0000
0000
0000
0000
3B00
4400
4400
4400
3B00
0000
0000
0000
0000
0000
ENDCHAR
STARTCHAR infinity
ENCODING 8734
SWIDTH 576 0
DWIDTH 9 0
BBX 9 15 0 -3
BITMAP
0000
0000
0000
0000
0000
6300
9480
8880
9480
6300
0000
0000
0000
0000
0000
ENDCHAR
STARTCHAR orthogonal
ENCODING 8735
SWIDTH 576 0
DWIDTH 9 0
BBX 9 15 0 -3
BITMAP
0000
0000
0000
0000
0000
4000
4000
4000
4000
4000
4000
7F00
0000
0000
0000
ENDCHAR
STARTCHAR angle
ENCODING 8736
SWIDTH 576 0
DWIDTH 9 0
BBX 9 15 0 -3
BITMAP
0000
0000
0000
0000
0000
0100
0200
0400
0800
1000
2000
7F00
0000
0000
0000
ENDCHAR
STARTCHAR uni2221
ENCODING 8737
SWIDTH 576 0
DWIDTH 9 0
BBX 9 15 0 -3
BITMAP
0000
0000
0000
0000
0000
0100
0200
2400
1800
1800
2400
7F00
0400
0400
0000
ENDCHAR
STARTCHAR uni2222
ENCODING 8738
SWIDTH 576 0
DWIDTH 9 0
BBX 9 15 0 -3
BITMAP
0000
0200
1400
0800
1800
2400
4400
2400
1800
0800
1400
0200
0000
0000
0000
ENDCHAR
STARTCHAR uni2223
ENCODING 8739
SWIDTH 576 0
DWIDTH 9 0
BBX 9 15 0 -3
BITMAP
0000
0000
0800
0800
0800
0800
0800
0800
0800
0800
0800
0800
0000
0000
0000
ENDCHAR
STARTCHAR uni2224
ENCODING 8740
SWIDTH 576 0
DWIDTH 9 0
BBX 9 15 0 -3
BITMAP
0000
0000
0800
0800
0A00
0C00
0800
1800
2800
0800
0800
0800
0000
0000
0000
ENDCHAR
STARTCHAR uni2225
ENCODING 8741
SWIDTH 576 0
DWIDTH 9 0
BBX 9 15 0 -3
BITMAP
0000
0000
1400
1400
1400
1400
1400
1400
1400
1400
1400
1400
0000
0000
0000
ENDCHAR
STARTCHAR uni2226
ENCODING 8742
SWIDTH 576 0
DWIDTH 9 0
BBX 9 15 0 -3
BITMAP
0000
0000
1400
1400
1400
1700
1C00
7400
1400
1400
1400
1400
0000
0000
0000
ENDCHAR
STARTCHAR logicaland
ENCODING 8743
SWIDTH 576 0
DWIDTH 9 0
BBX 9 15 0 -3
BITMAP
0000
0000
0000
0000
0800
0800
1400
1400
2200
2200
4100
4100
0000
0000
0000
ENDCHAR
STARTCHAR logicalor
ENCODING 8744
SWIDTH 576 0
DWIDTH 9 0
BBX 9 15 0 -3
BITMAP
0000
0000
0000
0000
4100
4100
2200
2200
1400
1400
0800
0800
0000
0000
0000
ENDCHAR
STARTCHAR intersection
ENCODING 8745
SWIDTH 576 0
DWIDTH 9 0
BBX 9 15 0 -3
BITMAP
0000
0000
0000
0000
1C00
2200
4100
4100
4100
4100
4100
4100
0000
0000
0000
ENDCHAR
STARTCHAR union
ENCODING 8746
SWIDTH 576 0
DWIDTH 9 0
BBX 9 15 0 -3
BITMAP
0000
0000
0000
0000
4100
4100
4100
4100
4100
4100
2200
1C00
0000
0000
0000
ENDCHAR
STARTCHAR integral
ENCODING 8747
SWIDTH 576 0
DWIDTH 9 0
BBX 9 15 0 -3
BITMAP
0000
0400
0A00
0800
0800
0800
0800
0800
0800
0800
0800
0800
2800
1000
0000
ENDCHAR
STARTCHAR uni222C
ENCODING 8748
SWIDTH 576 0
DWIDTH 9 0
BBX 9 15 0 -3
BITMAP
0000
1200
2400
2400
2400
2400
2400
2400
2400
2400
2400
2400
2400
4800
0000
ENDCHAR
STARTCHAR uni222D
ENCODING 8749
SWIDTH 576 0
DWIDTH 9 0
BBX 9 15 0 -3
BITMAP
0000
2480
4900
4900
4900
4900
4900
4900
4900
4900
4900
4900
4900
9200
0000
ENDCHAR
STARTCHAR uni222E
ENCODING 8750
SWIDTH 576 0
DWIDTH 9 0
BBX 9 15 0 -3
BITMAP
0000
0400
0A00
0800
0800
1C00
2A00
2A00
1C00
0800
0800
0800
2800
1000
0000
ENDCHAR
STARTCHAR uni222F
ENCODING 8751
SWIDTH 576 0
DWIDTH 9 0
BBX 9 15 0 -3
BITMAP
0000
1200
2400
2400
2400
7E00
A500
A500
7E00
2400
2400
2400
2400
4800
0000
ENDCHAR
STARTCHAR uni2230
ENCODING 8752
SWIDTH 576 0
DWIDTH 9 0
BBX 9 15 0 -3
BITMAP
0000
1500
2A00
2A00
2A00
7F00
AA80
AA80
7F00
2A00
2A00
2A00
2A00
5400
0000
ENDCHAR
STARTCHAR uni2231
ENCODING 8753
SWIDTH 576 0
DWIDTH 9 0
BBX 9 15 0 -3
BITMAP
0000
0800
1400
1000
1000
7D00
9300
1700
1000
1000
1000
1000
5000
2000
0000
ENDCHAR
STARTCHAR uni2232
ENCODING 8754
SWIDTH 576 0
DWIDTH 9 0
BBX 9 15 0 -3
BITMAP
0000
0200
0500
0400
1F00
2480
7480
AC80
2480
1F00
0400
0400
1400
0800
0000
ENDCHAR
STARTCHAR uni2233
ENCODING 8755
SWIDTH 576 0
DWIDTH 9 0
BBX 9 15 0 -3
BITMAP
0000
0800
1400
1000
7C00
9200
9700
9A80
9200
7C00
1000
1000
5000
2000
0000
ENDCHAR
STARTCHAR therefore
ENCODING 8756
SWIDTH 576 0
DWIDTH 9 0
BBX 9 15 0 -3
BITMAP
0000
0000
0000
0000
0000
0800
0800
0000
0000
2200
2200
0000
0000
0000
0000
ENDCHAR
STARTCHAR uni2235
ENCODING 8757
SWIDTH 576 0
DWIDTH 9 0
BBX 9 15 0 -3
BITMAP
0000
0000
0000
0000
0000
2200
2200
0000
0000
0800
0800
0000
0000
0000
0000
ENDCHAR
STARTCHAR uni2236
ENCODING 8758
SWIDTH 576 0
DWIDTH 9 0
BBX 9 15 0 -3
BITMAP
0000
0000
0000
0000
0000
0800
0800
0000
0000
0800
0800
0000
0000
0000
0000
ENDCHAR
STARTCHAR uni2237
ENCODING 8759
SWIDTH 576 0
DWIDTH 9 0
BBX 9 15 0 -3
BITMAP
0000
0000
0000
0000
0000
2200
2200
0000
0000
2200
2200
0000
0000
0000
0000
ENDCHAR
STARTCHAR uni2238
ENCODING 8760
SWIDTH 576 0
DWIDTH 9 0
BBX 9 15 0 -3
BITMAP
0000
0000
0000
0000
0800
0800
0000
7F00
0000
0000
0000
0000
0000
0000
0000
ENDCHAR
STARTCHAR uni2239
ENCODING 8761
SWIDTH 576 0
DWIDTH 9 0
BBX 9 15 0 -3
BITMAP
0000
0000
0000
0000
0200
0200
0000
7800
0000
0200
0200
0000
0000
0000
0000
ENDCHAR
STARTCHAR uni223A
ENCODING 8762
SWIDTH 576 0
DWIDTH 9 0
BBX 9 15 0 -3
BITMAP
0000
0000
0000
0000
2200
2200
0000
7F00
0000
2200
2200
0000
0000
0000
0000
ENDCHAR
STARTCHAR uni223B
ENCODING 8763
SWIDTH 576 0
DWIDTH 9 0
BBX 9 15 0 -3
BITMAP
0000
0000
0000
0400
0400
0000
3000
4900
0600
1000
1000
0000
0000
0000
0000
ENDCHAR
STARTCHAR similar
ENCODING 8764
SWIDTH 576 0
DWIDTH 9 0
BBX 9 15 0 -3
BITMAP
0000
0000
0000
0000
0000
0000
3000
4900
0600
0000
0000
0000
0000
0000
0000
ENDCHAR
STARTCHAR uni223D
ENCODING 8765
SWIDTH 576 0
DWIDTH 9 0
BBX 9 15 0 -3
BITMAP
0000
0000
0000
0000
0000
0000
0600
4900
3000
0000
0000
0000
0000
0000
0000
ENDCHAR
STARTCHAR uni223E
ENCODING 8766
SWIDTH 576 0
DWIDTH 9 0
BBX 9 15 0 -3
BITMAP
0000
0000
0000
0000
0000
0000
3200
4900
2600
0000
0000
0000
0000
0000
0000
ENDCHAR
STARTCHAR uni223F
ENCODING 8767
SWIDTH 576 0
DWIDTH 9 0
BBX 9 15 0 -3
BITMAP
0000
0000
2000
5000
5000
8800
8800
0880
0880
0500
0500
0200
0000
0000
0000
ENDCHAR
STARTCHAR uni2240
ENCODING 8768
SWIDTH 576 0
DWIDTH 9 0
BBX 9 15 0 -3
BITMAP
0000
0000
0000
0000
0800
0400
0400
0800
1000
1000
0800
0000
0000
0000
0000
ENDCHAR
STARTCHAR uni2241
ENCODING 8769
SWIDTH 576 0
DWIDTH 9 0
BBX 9 15 0 -3
BITMAP
0000
0000
0000
0000
0200
0400
3400
4900
1600
1000
2000
0000
0000
0000
0000
ENDCHAR
STARTCHAR uni2242
ENCODING 8770
SWIDTH 576 0
DWIDTH 9 0
BBX 9 15 0 -3
BITMAP
0000
0000
0000
0000
0000
7F00
0000
3000
4900
0600
0000
0000
0000
0000
0000
ENDCHAR
STARTCHAR uni2243
ENCODING 8771
SWIDTH 576 0
DWIDTH 9 0
BBX 9 15 0 -3
BITMAP
0000
0000
0000
0000
0000
3000
4900
0600
0000
7F00
0000
0000
0000
0000
0000
ENDCHAR
STARTCHAR uni2244
ENCODING 8772
SWIDTH 576 0
DWIDTH 9 0
BBX 9 15 0 -3
BITMAP
0000
0000
0000
0200
0200
3400
4D00
0600
0800
7F00
1000
1000
0000
0000
0000
ENDCHAR
STARTCHAR congruent
ENCODING 8773
SWIDTH 576 0
DWIDTH 9 0
BBX 9 15 0 -3
BITMAP
0000
0000
0000
0000
3000
4900
0600
0000
7F00
0000
7F00
0000
0000
0000
0000
ENDCHAR
STARTCHAR uni2246
ENCODING 8774
SWIDTH 576 0
DWIDTH 9 0
BBX 9 15 0 -3
BITMAP
0000
0000
0000
0000
3000
4900
0600
0400
7F00
0800
7F00
1000
1000
0000
0000
ENDCHAR
STARTCHAR uni2247
ENCODING 8775
SWIDTH 576 0
DWIDTH 9 0
BBX 9 15 0 -3
BITMAP
0000
0000
0000
0200
3200
4D00
0600
0400
7F00
0800
7F00
1000
1000
0000
0000
ENDCHAR
STARTCHAR approxequal
ENCODING 8776
SWIDTH 576 0
DWIDTH 9 0
BBX 9 15 0 -3
BITMAP
0000
0000
0000
0000
0000
3000
4900
0600
3000
4900
0600
0000
0000
0000
0000
ENDCHAR
STARTCHAR uni2249
ENCODING 8777
SWIDTH 576 0
DWIDTH 9 0
BBX 9 15 0 -3
BITMAP
0000
0000
0000
0400
0400
3400
4900
0E00
3800
4900
1600
1000
1000
0000
0000
ENDCHAR
STARTCHAR uni224A
ENCODING 8778
SWIDTH 576 0
DWIDTH 9 0
BBX 9 15 0 -3
BITMAP
0000
0000
0000
3000
4900
0600
3000
4900
0600
0000
7F00
0000
0000
0000
0000
ENDCHAR
STARTCHAR uni224B
ENCODING 8779
SWIDTH 576 0
DWIDTH 9 0
BBX 9 15 0 -3
BITMAP
0000
0000
0000
3000
4900
0600
3000
4900
0600
3000
4900
0600
0000
0000
0000
ENDCHAR
STARTCHAR uni224C
ENCODING 8780
SWIDTH 576 0
DWIDTH 9 0
BBX 9 15 0 -3
BITMAP
0000
0000
0000
0000
4600
4900
3100
0000
7F00
0000
7F00
0000
0000
0000
0000
ENDCHAR
STARTCHAR uni224D
ENCODING 8781
SWIDTH 576 0
DWIDTH 9 0
BBX 9 15 0 -3
BITMAP
0000
0000
0000
0000
0000
6300
1C00
0000
1C00
6300
0000
0000
0000
0000
0000
ENDCHAR
STARTCHAR uni224E
ENCODING 8782
SWIDTH 576 0
DWIDTH 9 0
BBX 9 15 0 -3
BITMAP
0000
0000
0000
0000
1C00
1400
7700
0000
7700
1400
1C00
0000
0000
0000
0000
ENDCHAR
STARTCHAR uni224F
ENCODING 8783
SWIDTH 576 0
DWIDTH 9 0
BBX 9 15 0 -3
BITMAP
0000
0000
0000
0000
1C00
1400
7700
0000
7F00
0000
0000
0000
0000
0000
0000
ENDCHAR
STARTCHAR uni2250
ENCODING 8784
SWIDTH 576 0
DWIDTH 9 0
BBX 9 15 0 -3
BITMAP
0000
0000
0000
0800
0800
0000
7F00
0000
7F00
0000
0000
0000
0000
0000
0000
ENDCHAR
STARTCHAR uni2251
ENCODING 8785
SWIDTH 576 0
DWIDTH 9 0
BBX 9 15 0 -3
BITMAP
0000
0000
0000
0800
0800
0000
7F00
0000
7F00
0000
0800
0800
0000
0000
0000
ENDCHAR
STARTCHAR uni2252
ENCODING 8786
SWIDTH 576 0
DWIDTH 9 0
BBX 9 15 0 -3
BITMAP
0000
0000
0000
4000
4000
0000
7F00
0000
7F00
0000
0100
0100
0000
0000
0000
ENDCHAR
STARTCHAR uni2253
ENCODING 8787
SWIDTH 576 0
DWIDTH 9 0
BBX 9 15 0 -3
BITMAP
0000
0000
0000
0100
0100
0000
7F00
0000
7F00
0000
4000
4000
0000
0000
0000
ENDCHAR
STARTCHAR uni2254
ENCODING 8788
SWIDTH 576 0
DWIDTH 9 0
BBX 9 15 0 -3
BITMAP
0000
0000
0000
0000
0000
0000
5F00
0000
5F00
0000
0000
0000
0000
0000
0000
ENDCHAR
STARTCHAR uni2255
ENCODING 8789
SWIDTH 576 0
DWIDTH 9 0
BBX 9 15 0 -3
BITMAP
0000
0000
0000
0000
0000
0000
7D00
0000
7D00
0000
0000
0000
0000
0000
0000
ENDCHAR
STARTCHAR uni2256
ENCODING 8790
SWIDTH 576 0
DWIDTH 9 0
BBX 9 15 0 -3
BITMAP
0000
0000
0000
0000
0000
0000
7F00
1400
7F00
0000
0000
0000
0000
0000
0000
ENDCHAR
STARTCHAR uni2257
ENCODING 8791
SWIDTH 576 0
DWIDTH 9 0
BBX 9 15 0 -3
BITMAP
0000
0000
0800
1400
0800
0000
7F00
0000
7F00
0000
0000
0000
0000
0000
0000
ENDCHAR
STARTCHAR uni2258
ENCODING 8792
SWIDTH 576 0
DWIDTH 9 0
BBX 9 15 0 -3
BITMAP
0000
0000
0000
1C00
2200
0000
7F00
0000
7F00
0000
0000
0000
0000
0000
0000
ENDCHAR
STARTCHAR uni2259
ENCODING 8793
SWIDTH 576 0
DWIDTH 9 0
BBX 9 15 0 -3
BITMAP
0000
0000
0800
1400
2200
0000
7F00
0000
7F00
0000
0000
0000
0000
0000
0000
ENDCHAR
STARTCHAR uni225A
ENCODING 8794
SWIDTH 576 0
DWIDTH 9 0
BBX 9 15 0 -3
BITMAP
0000
0000
2200
1400
0800
0000
7F00
0000
7F00
0000
0000
0000
0000
0000
0000
ENDCHAR
STARTCHAR uni225B
ENCODING 8795
SWIDTH 576 0
DWIDTH 9 0
BBX 9 15 0 -3
BITMAP
0000
0800
0800
3E00
1C00
1400
0000
7F00
0000
7F00
0000
0000
0000
0000
0000
ENDCHAR
STARTCHAR uni225C
ENCODING 8796
SWIDTH 576 0
DWIDTH 9 0
BBX 9 15 0 -3
BITMAP
0000
0000
0800
1400
3E00
0000
7F00
0000
7F00
0000
0000
0000
0000
0000
0000
ENDCHAR
STARTCHAR uni225D
ENCODING 8797
SWIDTH 576 0
DWIDTH 9 0
BBX 9 15 0 -3
BITMAP
0000
1100
1200
3F00
5A00
3600
0000
7F00
0000
7F00
0000
0000
0000
0000
0000
ENDCHAR
STARTCHAR uni225E
ENCODING 8798
SWIDTH 576 0
DWIDTH 9 0
BBX 9 15 0 -3
BITMAP
0000
0000
3400
2A00
2A00
2A00
0000
7F00
0000
7F00
0000
0000
0000
0000
0000
ENDCHAR
STARTCHAR uni225F
ENCODING 8799
SWIDTH 576 0
DWIDTH 9 0
BBX 9 15 0 -3
BITMAP
0000
1C00
2200
0400
0800
0000
0800
0000
7F00
0000
7F00
0000
0000
0000
0000
ENDCHAR
STARTCHAR notequal
ENCODING 8800
SWIDTH 576 0
DWIDTH 9 0
BBX 9 15 0 -3
BITMAP
0000
0000
0000
0000
0400
0400
7F00
0800
7F00
1000
1000
0000
0000
0000
0000
ENDCHAR
STARTCHAR equivalence
ENCODING 8801
SWIDTH 576 0
DWIDTH 9 0
BBX 9 15 0 -3
BITMAP
0000
0000
0000
0000
0000
7F00
0000
7F00
0000
7F00
0000
0000
0000
0000
0000
ENDCHAR
STARTCHAR uni2262
ENCODING 8802
SWIDTH 576 0
DWIDTH 9 0
BBX 9 15 0 -3
BITMAP
0000
0000
0000
0200
0200
7F00
0400
7F00
1000
7F00
2000
2000
0000
0000
0000
ENDCHAR
STARTCHAR uni2263
ENCODING 8803
SWIDTH 576 0
DWIDTH 9 0
BBX 9 15 0 -3
BITMAP
0000
0000
0000
0000
7F00
0000
7F00
0000
7F00
0000
7F00
0000
0000
0000
0000
ENDCHAR
STARTCHAR lessequal
ENCODING 8804
SWIDTH 576 0
DWIDTH 9 0
BBX 9 15 0 -3
BITMAP
0000
0000
0000
0000
0300
1C00
6000
1C00
0300
0000
7F00
0000
0000
0000
0000
ENDCHAR
STARTCHAR greaterequal
ENCODING 8805
SWIDTH 576 0
DWIDTH 9 0
BBX 9 15 0 -3
BITMAP
0000
0000
0000
0000
6000
1C00
0300
1C00
6000
0000
7F00
0000
0000
0000
0000
ENDCHAR
STARTCHAR uni2266
ENCODING 8806
SWIDTH 576 0
DWIDTH 9 0
BBX 9 15 0 -3
BITMAP
0000
0000
0000
0300
1C00
6000
1C00
0300
0000
7F00
0000
7F00
0000
0000
0000
ENDCHAR
STARTCHAR uni2267
ENCODING 8807
SWIDTH 576 0
DWIDTH 9 0
BBX 9 15 0 -3
BITMAP
0000
0000
0000
6000
1C00
0300
1C00
6000
0000
7F00
0000
7F00
0000
0000
0000
ENDCHAR
STARTCHAR uni2268
ENCODING 8808
SWIDTH 576 0
DWIDTH 9 0
BBX 9 15 0 -3
BITMAP
0000
0000
0000
0300
1C00
6000
1C00
0300
0400
7F00
0800
7F00
1000
0000
0000
ENDCHAR
STARTCHAR uni2269
ENCODING 8809
SWIDTH 576 0
DWIDTH 9 0
BBX 9 15 0 -3
BITMAP
0000
0000
0000
6000
1C00
0300
1C00
6000
0400
7F00
0800
7F00
1000
0000
0000
ENDCHAR
STARTCHAR uni226A
ENCODING 8810
SWIDTH 576 0
DWIDTH 9 0
BBX 9 15 0 -3
BITMAP
0000
0000
0000
0000
0900
1200
2400
4800
2400
1200
0900
0000
0000
0000
0000
ENDCHAR
STARTCHAR uni226B
ENCODING 8811
SWIDTH 576 0
DWIDTH 9 0
BBX 9 15 0 -3
BITMAP
0000
0000
0000
0000
4800
2400
1200
0900
1200
2400
4800
0000
0000
0000
0000
ENDCHAR
STARTCHAR uni226C
ENCODING 8812
SWIDTH 576 0
DWIDTH 9 0
BBX 9 15 0 -3
BITMAP
0000
1400
0800
0800
1400
1400
1400
1400
1400
1400
0800
0800
1400
0000
0000
ENDCHAR
STARTCHAR uni226D
ENCODING 8813
SWIDTH 576 0
DWIDTH 9 0
BBX 9 15 0 -3
BITMAP
0000
0000
0000
0400
0400
6B00
1C00
0800
1C00
6B00
1000
1000
0000
0000
0000
ENDCHAR
STARTCHAR uni226E
ENCODING 8814
SWIDTH 576 0
DWIDTH 9 0
BBX 9 15 0 -3
BITMAP
0000
0000
0000
0000
0400
0700
1C00
6800
1C00
1300
1000
0000
0000
0000
0000
ENDCHAR
STARTCHAR uni226F
ENCODING 8815
SWIDTH 576 0
DWIDTH 9 0
BBX 9 15 0 -3
BITMAP
0000
0000
0000
0000
0400
6400
1C00
0B00
1C00
7000
1000
0000
0000
0000
0000
ENDCHAR
STARTCHAR uni2270
ENCODING 8816
SWIDTH 576 0
DWIDTH 9 0
BBX 9 15 0 -3
BITMAP
0000
0000
0000
0800
0B00
1C00
6800
1C00
0B00
0800
7F00
0800
0800
0000
0000
ENDCHAR
STARTCHAR uni2271
ENCODING 8817
SWIDTH 576 0
DWIDTH 9 0
BBX 9 15 0 -3
BITMAP
0000
0000
0000
0800
6800
1C00
0B00
1C00
6800
0800
7F00
0800
0800
0000
0000
ENDCHAR
STARTCHAR uni2272
ENCODING 8818
SWIDTH 576 0
DWIDTH 9 0
BBX 9 15 0 -3
BITMAP
0000
0000
0000
0000
0300
1C00
6000
1C00
0300
3000
4900
0600
0000
0000
0000
ENDCHAR
STARTCHAR uni2273
ENCODING 8819
SWIDTH 576 0
DWIDTH 9 0
BBX 9 15 0 -3
BITMAP
0000
0000
0000
0000
6000
1C00
0300
1C00
6000
3000
4900
0600
0000
0000
0000
ENDCHAR
STARTCHAR uni2274
ENCODING 8820
SWIDTH 576 0
DWIDTH 9 0
BBX 9 15 0 -3
BITMAP
0000
0000
0000
0800
0B00
1C00
6800
1C00
0B00
3800
4900
0E00
0800
0000
0000
ENDCHAR
STARTCHAR uni2275
ENCODING 8821
SWIDTH 576 0
DWIDTH 9 0
BBX 9 15 0 -3
BITMAP
0000
0000
0000
0800
6800
1C00
0B00
1C00
6800
3800
4900
0E00
0800
0000
0000
ENDCHAR
STARTCHAR uni2276
ENCODING 8822
SWIDTH 576 0
DWIDTH 9 0
BBX 9 15 0 -3
BITMAP
0000
0000
0000
0300
1C00
6000
1C00
6300
1C00
0300
1C00
6000
0000
0000
0000
ENDCHAR
STARTCHAR uni2277
ENCODING 8823
SWIDTH 576 0
DWIDTH 9 0
BBX 9 15 0 -3
BITMAP
0000
0000
0000
6000
1C00
0300
1C00
6300
1C00
6000
1C00
0300
0000
0000
0000
ENDCHAR
STARTCHAR uni2278
ENCODING 8824
SWIDTH 576 0
DWIDTH 9 0
BBX 9 15 0 -3
BITMAP
0000
0000
0800
0B00
1C00
6800
1C00
6B00
1C00
0B00
1C00
6800
0800
0000
0000
ENDCHAR
STARTCHAR uni2279
ENCODING 8825
SWIDTH 576 0
DWIDTH 9 0
BBX 9 15 0 -3
BITMAP
0000
0000
0800
6800
1C00
0B00
1C00
6B00
1C00
6800
1C00
0B00
0800
0000
0000
ENDCHAR
STARTCHAR uni227A
ENCODING 8826
SWIDTH 576 0
DWIDTH 9 0
BBX 9 15 0 -3
BITMAP
0000
0000
0000
0000
0000
0100
0E00
7000
0E00
0100
0000
0000
0000
0000
0000
ENDCHAR
STARTCHAR uni227B
ENCODING 8827
SWIDTH 576 0
DWIDTH 9 0
BBX 9 15 0 -3
BITMAP
0000
0000
0000
0000
0000
4000
3800
0700
3800
4000
0000
0000
0000
0000
0000
ENDCHAR
STARTCHAR uni227C
ENCODING 8828
SWIDTH 576 0
DWIDTH 9 0
BBX 9 15 0 -3
BITMAP
0000
0000
0000
0000
0000
0100
0E00
7000
0E00
7100
0E00
0100
0000
0000
0000
ENDCHAR
STARTCHAR uni227D
ENCODING 8829
SWIDTH 576 0
DWIDTH 9 0
BBX 9 15 0 -3
BITMAP
0000
0000
0000
0000
0000
4000
3800
0700
3800
4700
3800
4000
0000
0000
0000
ENDCHAR
STARTCHAR uni227E
ENCODING 8830
SWIDTH 576 0
DWIDTH 9 0
BBX 9 15 0 -3
BITMAP
0000
0000
0000
0000
0100
0E00
7000
0E00
0100
3000
4900
0600
0000
0000
0000
ENDCHAR
STARTCHAR uni227F
ENCODING 8831
SWIDTH 576 0
DWIDTH 9 0
BBX 9 15 0 -3
BITMAP
0000
0000
0000
0000
4000
3800
0700
3800
4000
0600
4900
3000
0000
0000
0000
ENDCHAR
STARTCHAR uni2280
ENCODING 8832
SWIDTH 576 0
DWIDTH 9 0
BBX 9 15 0 -3
BITMAP
0000
0000
0000
0000
0400
0500
1E00
7400
1E00
0900
0800
0000
0000
0000
0000
ENDCHAR
STARTCHAR uni2281
ENCODING 8833
SWIDTH 576 0
DWIDTH 9 0
BBX 9 15 0 -3
BITMAP
0000
0000
0000
0000
0800
4800
3C00
1700
3C00
5000
1000
0000
0000
0000
0000
ENDCHAR
STARTCHAR propersubset
ENCODING 8834
SWIDTH 576 0
DWIDTH 9 0
BBX 9 15 0 -3
BITMAP
0000
0000
0000
0000
3F00
4000
4000
4000
4000
4000
3F00
0000
0000
0000
0000
ENDCHAR
STARTCHAR propersuperset
ENCODING 8835
SWIDTH 576 0
DWIDTH 9 0
BBX 9 15 0 -3
BITMAP
0000
0000
0000
0000
7E00
0100
0100
0100
0100
0100
7E00
0000
0000
0000
0000
ENDCHAR
STARTCHAR notsubset
ENCODING 8836
SWIDTH 576 0
DWIDTH 9 0
BBX 9 15 0 -3
BITMAP
0000
0000
0200
0200
3F00
4400
4400
4800
4800
4800
3F00
1000
1000
0000
0000
ENDCHAR
STARTCHAR uni2285
ENCODING 8837
SWIDTH 576 0
DWIDTH 9 0
BBX 9 15 0 -3
BITMAP
0000
0000
0200
0200
7E00
0500
0500
0900
0900
0900
7E00
1000
1000
0000
0000
ENDCHAR
STARTCHAR reflexsubset
ENCODING 8838
SWIDTH 576 0
DWIDTH 9 0
BBX 9 15 0 -3
BITMAP
0000
0000
0000
0000
3F00
4000
4000
4000
4000
3F00
0000
7F00
0000
0000
0000
ENDCHAR
STARTCHAR reflexsuperset
ENCODING 8839
SWIDTH 576 0
DWIDTH 9 0
BBX 9 15 0 -3
BITMAP
0000
0000
0000
0000
7E00
0100
0100
0100
0100
7E00
0000
7F00
0000
0000
0000
ENDCHAR
STARTCHAR uni2288
ENCODING 8840
SWIDTH 576 0
DWIDTH 9 0
BBX 9 15 0 -3
BITMAP
0000
0000
0400
0400
3F00
4800
4800
4800
4800
3F00
1000
7F00
1000
1000
0000
ENDCHAR
STARTCHAR uni2289
ENCODING 8841
SWIDTH 576 0
DWIDTH 9 0
BBX 9 15 0 -3
BITMAP
0000
0000
0400
0400
7E00
0900
0900
0900
0900
7E00
1000
7F00
1000
1000
0000
ENDCHAR
STARTCHAR uni228A
ENCODING 8842
SWIDTH 576 0
DWIDTH 9 0
BBX 9 15 0 -3
BITMAP
0000
0000
0000
0000
3F00
4000
4000
4000
4000
3F00
0800
7F00
1000
0000
0000
ENDCHAR
STARTCHAR uni228B
ENCODING 8843
SWIDTH 576 0
DWIDTH 9 0
BBX 9 15 0 -3
BITMAP
0000
0000
0000
0000
7E00
0100
0100
0100
0100
7E00
0800
7F00
1000
0000
0000
ENDCHAR
STARTCHAR uni228C
ENCODING 8844
SWIDTH 576 0
DWIDTH 9 0
BBX 9 15 0 -3
BITMAP
0000
0000
0000
0000
4900
5100
7F00
5100
4900
4100
3E00
0000
0000
0000
0000
ENDCHAR
STARTCHAR uni228D
ENCODING 8845
SWIDTH 576 0
DWIDTH 9 0
BBX 9 15 0 -3
BITMAP
0000
0000
0000
0000
4100
4100
4900
4900
4100
4100
3E00
0000
0000
0000
0000
ENDCHAR
STARTCHAR uni228E
ENCODING 8846
SWIDTH 576 0
DWIDTH 9 0
BBX 9 15 0 -3
BITMAP
0000
0000
0000
0000
4100
4100
4900
5D00
4900
4100
3E00
0000
0000
0000
0000
ENDCHAR
STARTCHAR uni228F
ENCODING 8847
SWIDTH 576 0
DWIDTH 9 0
BBX 9 15 0 -3
BITMAP
0000
0000
0000
0000
7F00
4000
4000
4000
4000
4000
7F00
0000
0000
0000
0000
ENDCHAR
STARTCHAR uni2290
ENCODING 8848
SWIDTH 576 0
DWIDTH 9 0
BBX 9 15 0 -3
BITMAP
0000
0000
0000
0000
7F00
0100
0100
0100
0100
0100
7F00
0000
0000
0000
0000
ENDCHAR
STARTCHAR uni2291
ENCODING 8849
SWIDTH 576 0
DWIDTH 9 0
BBX 9 15 0 -3
BITMAP
0000
0000
0000
0000
7F00
4000
4000
4000
7F00
0000
7F00
0000
0000
0000
0000
ENDCHAR
STARTCHAR uni2292
ENCODING 8850
SWIDTH 576 0
DWIDTH 9 0
BBX 9 15 0 -3
BITMAP
0000
0000
0000
0000
7F00
0100
0100
0100
7F00
0000
7F00
0000
0000
0000
0000
ENDCHAR
STARTCHAR uni2293
ENCODING 8851
SWIDTH 576 0
DWIDTH 9 0
BBX 9 15 0 -3
BITMAP
0000
0000
0000
0000
0000
7F00
4100
4100
4100
4100
4100
4100
0000
0000
0000
ENDCHAR
STARTCHAR uni2294
ENCODING 8852
SWIDTH 576 0
DWIDTH 9 0
BBX 9 15 0 -3
BITMAP
0000
0000
0000
0000
0000
4100
4100
4100
4100
4100
4100
7F00
0000
0000
0000
ENDCHAR
STARTCHAR circleplus
ENCODING 8853
SWIDTH 576 0
DWIDTH 9 0
BBX 9 15 0 -3
BITMAP
0000
0000
0000
0000
1C00
2A00
4900
7F00
4900
2A00
1C00
0000
0000
0000
0000
ENDCHAR
STARTCHAR uni2296
ENCODING 8854
SWIDTH 576 0
DWIDTH 9 0
BBX 9 15 0 -3
BITMAP
0000
0000
0000
0000
1C00
2200
4100
7F00
4100
2200
1C00
0000
0000
0000
0000
ENDCHAR
STARTCHAR circlemultiply
ENCODING 8855
SWIDTH 576 0
DWIDTH 9 0
BBX 9 15 0 -3
BITMAP
0000
0000
0000
0000
1C00
2200
5500
4900
5500
2200
1C00
0000
0000
0000
0000
ENDCHAR
STARTCHAR uni2298
ENCODING 8856
SWIDTH 576 0
DWIDTH 9 0
BBX 9 15 0 -3
BITMAP
0000
0000
0000
0000
1C00
2200
4500
4900
5100
2200
1C00
0000
0000
0000
0000
ENDCHAR
STARTCHAR uni2299
ENCODING 8857
SWIDTH 576 0
DWIDTH 9 0
BBX 9 15 0 -3
BITMAP
0000
0000
0000
0000
1C00
2200
4900
5D00
4900
2200
1C00
0000
0000
0000
0000
ENDCHAR
STARTCHAR uni229A
ENCODING 8858
SWIDTH 576 0
DWIDTH 9 0
BBX 9 15 0 -3
BITMAP
0000
0000
0000
0000
1C00
2200
4900
5500
4900
2200
1C00
0000
0000
0000
0000
ENDCHAR
STARTCHAR uni229B
ENCODING 8859
SWIDTH 576 0
DWIDTH 9 0
BBX 9 15 0 -3
BITMAP
0000
0000
0000
0000
1C00
2A00
6B00
5D00
6B00
2A00
1C00
0000
0000
0000
0000
ENDCHAR
STARTCHAR uni229C
ENCODING 8860
SWIDTH 576 0
DWIDTH 9 0
BBX 9 15 0 -3
BITMAP
0000
0000
0000
0000
1C00
2200
5D00
4100
5D00
2200
1C00
0000
0000
0000
0000
ENDCHAR
STARTCHAR uni229D
ENCODING 8861
SWIDTH 576 0
DWIDTH 9 0
BBX 9 15 0 -3
BITMAP
0000
0000
0000
0000
1C00
2200
4100
5D00
4100
2200
1C00
0000
0000
0000
0000
ENDCHAR
STARTCHAR uni229E
ENCODING 8862
SWIDTH 576 0
DWIDTH 9 0
BBX 9 15 0 -3
BITMAP
0000
0000
0000
0000
7F00
4900
4900
7F00
4900
4900
7F00
0000
0000
0000
0000
ENDCHAR
STARTCHAR uni229F
ENCODING 8863
SWIDTH 576 0
DWIDTH 9 0
BBX 9 15 0 -3
BITMAP
0000
0000
0000
0000
7F00
4100
4100
7F00
4100
4100
7F00
0000
0000
0000
0000
ENDCHAR
STARTCHAR uni22A0
ENCODING 8864
SWIDTH 576 0
DWIDTH 9 0
BBX 9 15 0 -3
BITMAP
0000
0000
0000
0000
7F00
6300
5500
4900
5500
6300
7F00
0000
0000
0000
0000
ENDCHAR
STARTCHAR uni22A1
ENCODING 8865
SWIDTH 576 0
DWIDTH 9 0
BBX 9 15 0 -3
BITMAP
0000
0000
0000
0000
7F00
4100
4900
5D00
4900
4100
7F00
0000
0000
0000
0000
ENDCHAR
STARTCHAR uni22A2
ENCODING 8866
SWIDTH 576 0
DWIDTH 9 0
BBX 9 15 0 -3
BITMAP
0000
0000
0000
4000
4000
4000
4000
7F00
4000
4000
4000
4000
0000
0000
0000
ENDCHAR
STARTCHAR uni22A3
ENCODING 8867
SWIDTH 576 0
DWIDTH 9 0
BBX 9 15 0 -3
BITMAP
0000
0000
0000
0100
0100
0100
0100
7F00
0100
0100
0100
0100
0000
0000
0000
ENDCHAR
STARTCHAR uni22A4
ENCODING 8868
SWIDTH 576 0
DWIDTH 9 0
BBX 9 15 0 -3
BITMAP
0000
0000
7F00
0800
0800
0800
0800
0800
0800
0800
0800
0800
0000
0000
0000
ENDCHAR
STARTCHAR perpendicular
ENCODING 8869
SWIDTH 576 0
DWIDTH 9 0
BBX 9 15 0 -3
BITMAP
0000
0000
0800
0800
0800
0800
0800
0800
0800
0800
0800
7F00
0000
0000
0000
ENDCHAR
STARTCHAR uni22A6
ENCODING 8870
SWIDTH 576 0
DWIDTH 9 0
BBX 9 15 0 -3
BITMAP
0000
0000
0000
1000
1000
1000
1000
1E00
1000
1000
1000
1000
0000
0000
0000
ENDCHAR
STARTCHAR uni22A7
ENCODING 8871
SWIDTH 576 0
DWIDTH 9 0
BBX 9 15 0 -3
BITMAP
0000
0000
0000
1000
1000
1000
1E00
1000
1E00
1000
1000
1000
0000
0000
0000
ENDCHAR
STARTCHAR uni22A8
ENCODING 8872
SWIDTH 576 0
DWIDTH 9 0
BBX 9 15 0 -3
BITMAP
0000
0000
0000
4000
4000
4000
7F00
4000
7F00
4000
4000
4000
0000
0000
0000
ENDCHAR
STARTCHAR uni22A9
ENCODING 8873
SWIDTH 576 0
DWIDTH 9 0
BBX 9 15 0 -3
BITMAP
0000
0000
0000
5000
5000
5000
5000
5F00
5000
5000
5000
5000
0000
0000
0000
ENDCHAR
STARTCHAR uni22AA
ENCODING 8874
SWIDTH 576 0
DWIDTH 9 0
BBX 9 15 0 -3
BITMAP
0000
0000
0000
5400
5400
5400
5400
5700
5400
5400
5400
5400
0000
0000
0000
ENDCHAR
STARTCHAR uni22AB
ENCODING 8875
SWIDTH 576 0
DWIDTH 9 0
BBX 9 15 0 -3
BITMAP
0000
0000
0000
5000
5000
5000
5F00
5000
5F00
5000
5000
5000
0000
0000
0000
ENDCHAR
STARTCHAR uni22AC
ENCODING 8876
SWIDTH 576 0
DWIDTH 9 0
BBX 9 15 0 -3
BITMAP
0000
0000
0000
4000
4400
4400
4800
7F00
4800
5000
5000
4000
0000
0000
0000
ENDCHAR
STARTCHAR uni22AD
ENCODING 8877
SWIDTH 576 0
DWIDTH 9 0
BBX 9 15 0 -3
BITMAP
0000
0000
0000
4000
4400
4400
7F00
4800
7F00
5000
5000
4000
0000
0000
0000
ENDCHAR
STARTCHAR uni22AE
ENCODING 8878
SWIDTH 576 0
DWIDTH 9 0
BBX 9 15 0 -3
BITMAP
0000
0000
0000
5200
5200
5400
5400
5F00
5800
5000
5000
5000
0000
0000
0000
ENDCHAR
STARTCHAR uni22AF
ENCODING 8879
SWIDTH 576 0
DWIDTH 9 0
BBX 9 15 0 -3
BITMAP
0000
0000
0000
5200
5200
5200
5F00
5400
5F00
5400
5400
5400
0000
0000
0000
ENDCHAR
STARTCHAR uni22B0
ENCODING 8880
SWIDTH 576 0
DWIDTH 9 0
BBX 9 15 0 -3
BITMAP
0000
0000
0000
0000
0600
0100
0600
7800
0600
0100
0600
0000
0000
0000
0000
ENDCHAR
STARTCHAR uni22B1
ENCODING 8881
SWIDTH 576 0
DWIDTH 9 0
BBX 9 15 0 -3
BITMAP
0000
0000
0000
0000
3000
4000
3000
0F00
3000
4000
3000
0000
0000
0000
0000
ENDCHAR
STARTCHAR uni22B2
ENCODING 8882
SWIDTH 576 0
DWIDTH 9 0
BBX 9 15 0 -3
BITMAP
0000
0000
0000
0000
0100
0700
1900
6100
1900
0700
0100
0000
0000
0000
0000
ENDCHAR
STARTCHAR uni22B3
ENCODING 8883
SWIDTH 576 0
DWIDTH 9 0
BBX 9 15 0 -3
BITMAP
0000
0000
0000
0000
4000
7000
4C00
4300
4C00
7000
4000
0000
0000
0000
0000
ENDCHAR
STARTCHAR uni22B4
ENCODING 8884
SWIDTH 576 0
DWIDTH 9 0
BBX 9 15 0 -3
BITMAP
0000
0000
0000
0100
0700
1900
6100
1900
0700
0100
0000
7F00
0000
0000
0000
ENDCHAR
STARTCHAR uni22B5
ENCODING 8885
SWIDTH 576 0
DWIDTH 9 0
BBX 9 15 0 -3
BITMAP
0000
0000
0000
4000
7000
4C00
4300
4C00
7000
4000
0000
7F00
0000
0000
0000
ENDCHAR
STARTCHAR uni22B6
ENCODING 8886
SWIDTH 576 0
DWIDTH 9 0
BBX 9 15 0 -3
BITMAP
0000
0000
0000
0000
0000
0000
2200
5F00
2200
0000
0000
0000
0000
0000
0000
ENDCHAR
STARTCHAR uni22B7
ENCODING 8887
SWIDTH 576 0
DWIDTH 9 0
BBX 9 15 0 -3
BITMAP
0000
0000
0000
0000
0000
0000
2200
7D00
2200
0000
0000
0000
0000
0000
0000
ENDCHAR
STARTCHAR uni22B8
ENCODING 8888
SWIDTH 576 0
DWIDTH 9 0
BBX 9 15 0 -3
BITMAP
0000
0000
0000
0000
0000
0000
0200
7D00
0200
0000
0000
0000
0000
0000
0000
ENDCHAR
STARTCHAR uni22B9
ENCODING 8889
SWIDTH 576 0
DWIDTH 9 0
BBX 9 15 0 -3
BITMAP
0000
0000
0000
0000
0800
0800
0000
6300
0000
0800
0800
0000
0000
0000
0000
ENDCHAR
STARTCHAR uni22BA
ENCODING 8890
SWIDTH 576 0
DWIDTH 9 0
BBX 9 15 0 -3
BITMAP
0000
0000
0000
0000
0000
3E00
0800
0800
0800
0800
0800
0800
0000
0000
0000
ENDCHAR
STARTCHAR uni22BB
ENCODING 8891
SWIDTH 576 0
DWIDTH 9 0
BBX 9 15 0 -3
BITMAP
0000
0000
4100
4100
2200
2200
1400
1400
0800
0800
0000
7F00
0000
0000
0000
ENDCHAR
STARTCHAR uni22BC
ENCODING 8892
SWIDTH 576 0
DWIDTH 9 0
BBX 9 15 0 -3
BITMAP
0000
0000
7F00
0000
0800
0800
1400
1400
2200
2200
4100
4100
0000
0000
0000
ENDCHAR
STARTCHAR uni22BD
ENCODING 8893
SWIDTH 576 0
DWIDTH 9 0
BBX 9 15 0 -3
BITMAP
0000
0000
7F00
0000
4100
4100
2200
2200
1400
1400
0800
0800
0000
0000
0000
ENDCHAR
STARTCHAR uni22BE
ENCODING 8894
SWIDTH 576 0
DWIDTH 9 0
BBX 9 15 0 -3
BITMAP
0000
0000
0000
0000
0000
4000
4000
4000
7000
4800
4800
7F00
0000
0000
0000
ENDCHAR
STARTCHAR uni22BF
ENCODING 8895
SWIDTH 576 0
DWIDTH 9 0
BBX 9 15 0 -3
BITMAP
0000
0000
0000
0000
0000
0100
0300
0500
0900
1100
2100
7F00
0000
0000
0000
ENDCHAR
STARTCHAR uni22C0
ENCODING 8896
SWIDTH 576 0
DWIDTH 9 0
BBX 9 15 0 -3
BITMAP
0000
0800
0800
0800
1400
1400
1400
2200
2200
2200
4100
4100
4100
0000
0000
ENDCHAR
STARTCHAR uni22C1
ENCODING 8897
SWIDTH 576 0
DWIDTH 9 0
BBX 9 15 0 -3
BITMAP
0000
4100
4100
4100
2200
2200
2200
1400
1400
1400
0800
0800
0800
0000
0000
ENDCHAR
STARTCHAR uni22C2
ENCODING 8898
SWIDTH 576 0
DWIDTH 9 0
BBX 9 15 0 -3
BITMAP
0000
1C00
2200
4100
4100
4100
4100
4100
4100
4100
4100
4100
4100
0000
0000
ENDCHAR
STARTCHAR uni22C3
ENCODING 8899
SWIDTH 576 0
DWIDTH 9 0
BBX 9 15 0 -3
BITMAP
0000
4100
4100
4100
4100
4100
4100
4100
4100
4100
4100
2200
1C00
0000
0000
ENDCHAR
STARTCHAR uni22C4
ENCODING 8900
SWIDTH 576 0
DWIDTH 9 0
BBX 9 15 0 -3
BITMAP
0000
0000
0000
0000
0000
0800
1400
2200
1400
0800
0000
0000
0000
0000
0000
ENDCHAR
STARTCHAR dotmath
ENCODING 8901
SWIDTH 576 0
DWIDTH 9 0
BBX 9 15 0 -3
BITMAP
0000
0000
0000
0000
0000
0000
0800
1C00
0800
0000
0000
0000
0000
0000
0000
ENDCHAR
STARTCHAR uni22C6
ENCODING 8902
SWIDTH 576 0
DWIDTH 9 0
BBX 9 15 0 -3
BITMAP
0000
0000
0000
0000
0000
0800
0800
7F00
1C00
1400
2200
0000
0000
0000
0000
ENDCHAR
STARTCHAR uni22C7
ENCODING 8903
SWIDTH 576 0
DWIDTH 9 0
BBX 9 15 0 -3
BITMAP
0000
0000
0000
0000
4900
2200
1400
7F00
1400
2200
4900
0000
0000
0000
0000
ENDCHAR
STARTCHAR uni22C8
ENCODING 8904
SWIDTH 576 0
DWIDTH 9 0
BBX 9 15 0 -3
BITMAP
0000
0000
0000
0000
4100
6300
5500
4900
5500
6300
4100
0000
0000
0000
0000
ENDCHAR
STARTCHAR uni22C9
ENCODING 8905
SWIDTH 576 0
DWIDTH 9 0
BBX 9 15 0 -3
BITMAP
0000
0000
0000
0000
4100
6200
5400
4800
5400
6200
4100
0000
0000
0000
0000
ENDCHAR
STARTCHAR uni22CA
ENCODING 8906
SWIDTH 576 0
DWIDTH 9 0
BBX 9 15 0 -3
BITMAP
0000
0000
0000
0000
4100
2300
1500
0900
1500
2300
4100
0000
0000
0000
0000
ENDCHAR
STARTCHAR uni22CB
ENCODING 8907
SWIDTH 576 0
DWIDTH 9 0
BBX 9 15 0 -3
BITMAP
0000
0000
0000
0000
4000
2000
1000
0800
1400
2200
4100
0000
0000
0000
0000
ENDCHAR
STARTCHAR uni22CC
ENCODING 8908
SWIDTH 576 0
DWIDTH 9 0
BBX 9 15 0 -3
BITMAP
0000
0000
0000
0000
0100
0200
0400
0800
1400
2200
4100
0000
0000
0000
0000
ENDCHAR
STARTCHAR uni22CD
ENCODING 8909
SWIDTH 576 0
DWIDTH 9 0
BBX 9 15 0 -3
BITMAP
0000
0000
0000
0000
0000
0600
4900
3000
0000
7F00
0000
0000
0000
0000
0000
ENDCHAR
STARTCHAR uni22CE
ENCODING 8910
SWIDTH 576 0
DWIDTH 9 0
BBX 9 15 0 -3
BITMAP
0000
0000
0000
0000
4100
2200
1400
1400
1400
0800
0800
0800
0000
0000
0000
ENDCHAR
STARTCHAR uni22CF
ENCODING 8911
SWIDTH 576 0
DWIDTH 9 0
BBX 9 15 0 -3
BITMAP
0000
0000
0000
0000
0800
0800
0800
1400
1400
1400
2200
4100
0000
0000
0000
ENDCHAR
STARTCHAR uni22D0
ENCODING 8912
SWIDTH 576 0
DWIDTH 9 0
BBX 9 15 0 -3
BITMAP
0000
0000
0000
0000
3F00
4000
4F00
5000
4F00
4000
3F00
0000
0000
0000
0000
ENDCHAR
STARTCHAR uni22D1
ENCODING 8913
SWIDTH 576 0
DWIDTH 9 0
BBX 9 15 0 -3
BITMAP
0000
0000
0000
0000
7E00
0100
7900
0500
7900
0100
7E00
0000
0000
0000
0000
ENDCHAR
STARTCHAR uni22D2
ENCODING 8914
SWIDTH 576 0
DWIDTH 9 0
BBX 9 15 0 -3
BITMAP
0000
0000
0000
0000
1C00
2200
4900
5500
5500
5500
5500
5500
0000
0000
0000
ENDCHAR
STARTCHAR uni22D3
ENCODING 8915
SWIDTH 576 0
DWIDTH 9 0
BBX 9 15 0 -3
BITMAP
0000
0000
0000
0000
5500
5500
5500
5500
5500
4900
2200
1C00
0000
0000
0000
ENDCHAR
STARTCHAR uni22D4
ENCODING 8916
SWIDTH 576 0
DWIDTH 9 0
BBX 9 15 0 -3
BITMAP
0000
0800
0800
0800
1C00
2A00
4900
4900
4900
4900
4900
4900
0000
0000
0000
ENDCHAR
STARTCHAR uni22D5
ENCODING 8917
SWIDTH 576 0
DWIDTH 9 0
BBX 9 15 0 -3
BITMAP
0000
1400
1400
1400
1400
1400
7F00
1400
7F00
1400
1400
1400
1400
1400
0000
ENDCHAR
STARTCHAR uni22D6
ENCODING 8918
SWIDTH 576 0
DWIDTH 9 0
BBX 9 15 0 -3
BITMAP
0000
0000
0000
0200
0400
0800
1000
2200
1000
0800
0400
0200
0000
0000
0000
ENDCHAR
STARTCHAR uni22D7
ENCODING 8919
SWIDTH 576 0
DWIDTH 9 0
BBX 9 15 0 -3
BITMAP
0000
0000
0000
2000
1000
0800
0400
2200
0400
0800
1000
2000
0000
0000
0000
ENDCHAR
STARTCHAR uni22D8
ENCODING 8920
SWIDTH 576 0
DWIDTH 9 0
BBX 9 15 0 -3
BITMAP
0000
0000
0000
0000
0000
2480
4900
9200
4900
2480
0000
0000
0000
0000
0000
ENDCHAR
STARTCHAR uni22D9
ENCODING 8921
SWIDTH 576 0
DWIDTH 9 0
BBX 9 15 0 -3
BITMAP
0000
0000
0000
0000
0000
9200
4900
2480
4900
9200
0000
0000
0000
0000
0000
ENDCHAR
STARTCHAR uni22DA
ENCODING 8922
SWIDTH 576 0
DWIDTH 9 0
BBX 9 15 0 -3
BITMAP
0000
0300
1C00
6000
1C00
0300
0000
7F00
0000
6000
1C00
0300
1C00
6000
0000
ENDCHAR
STARTCHAR uni22DB
ENCODING 8923
SWIDTH 576 0
DWIDTH 9 0
BBX 9 15 0 -3
BITMAP
0000
6000
1C00
0300
1C00
6000
0000
7F00
0000
0300
1C00
6000
1C00
0300
0000
ENDCHAR
STARTCHAR uni22DC
ENCODING 8924
SWIDTH 576 0
DWIDTH 9 0
BBX 9 15 0 -3
BITMAP
0000
0000
0000
0000
0300
1C00
6300
1C00
6000
1C00
0300
0000
0000
0000
0000
ENDCHAR
STARTCHAR uni22DD
ENCODING 8925
SWIDTH 576 0
DWIDTH 9 0
BBX 9 15 0 -3
BITMAP
0000
0000
0000
0000
6000
1C00
6300
1C00
0300
1C00
6000
0000
0000
0000
0000
ENDCHAR
STARTCHAR uni22DE
ENCODING 8926
SWIDTH 576 0
DWIDTH 9 0
BBX 9 15 0 -3
BITMAP
0000
0000
0000
0000
0100
0E00
7100
0E00
7000
0E00
0100
0000
0000
0000
0000
ENDCHAR
STARTCHAR uni22DF
ENCODING 8927
SWIDTH 576 0
DWIDTH 9 0
BBX 9 15 0 -3
BITMAP
0000
0000
0000
0000
4000
3800
4700
3800
0700
3800
4000
0000
0000
0000
0000
ENDCHAR
STARTCHAR uni22E0
ENCODING 8928
SWIDTH 576 0
DWIDTH 9 0
BBX 9 15 0 -3
BITMAP
0000
0000
0000
0000
1000
1100
1E00
7000
1E00
7100
1E00
1100
1000
0000
0000
ENDCHAR
STARTCHAR uni22E1
ENCODING 8929
SWIDTH 576 0
DWIDTH 9 0
BBX 9 15 0 -3
BITMAP
0000
0000
0000
0000
0400
4400
3C00
0700
3C00
4700
3C00
4400
0400
0000
0000
ENDCHAR
STARTCHAR uni22E2
ENCODING 8930
SWIDTH 576 0
DWIDTH 9 0
BBX 9 15 0 -3
BITMAP
0000
0000
0800
0800
7F00
4800
4800
4800
7F00
0800
7F00
0800
0800
0000
0000
ENDCHAR
STARTCHAR uni22E3
ENCODING 8931
SWIDTH 576 0
DWIDTH 9 0
BBX 9 15 0 -3
BITMAP
0000
0000
0800
0800
7F00
0900
0900
0900
7F00
0800
7F00
0800
0800
0000
0000
ENDCHAR
STARTCHAR uni22E4
ENCODING 8932
SWIDTH 576 0
DWIDTH 9 0
BBX 9 15 0 -3
BITMAP
0000
0000
0000
0000
7F00
4000
4000
4000
7F00
0400
7F00
1000
0000
0000
0000
ENDCHAR
STARTCHAR uni22E5
ENCODING 8933
SWIDTH 576 0
DWIDTH 9 0
BBX 9 15 0 -3
BITMAP
0000
0000
0000
0000
7F00
0100
0100
0100
7F00
0400
7F00
1000
0000
0000
0000
ENDCHAR
STARTCHAR uni22E6
ENCODING 8934
SWIDTH 576 0
DWIDTH 9 0
BBX 9 15 0 -3
BITMAP
0000
0000
0000
0000
0300
1C00
6000
1C00
0B00
3800
4900
0E00
0800
0000
0000
ENDCHAR
STARTCHAR uni22E7
ENCODING 8935
SWIDTH 576 0
DWIDTH 9 0
BBX 9 15 0 -3
BITMAP
0000
0000
0000
0000
6000
1C00
0300
1C00
6800
3800
4900
0E00
0800
0000
0000
ENDCHAR
STARTCHAR uni22E8
ENCODING 8936
SWIDTH 576 0
DWIDTH 9 0
BBX 9 15 0 -3
BITMAP
0000
0000
0000
0000
0100
0E00
7000
0E00
0500
3400
4900
1600
1000
0000
0000
ENDCHAR
STARTCHAR uni22E9
ENCODING 8937
SWIDTH 576 0
DWIDTH 9 0
BBX 9 15 0 -3
BITMAP
0000
0000
0000
0000
4000
3800
0700
3800
5000
1600
4900
3400
0400
0000
0000
ENDCHAR
STARTCHAR uni22EA
ENCODING 8938
SWIDTH 576 0
DWIDTH 9 0
BBX 9 15 0 -3
BITMAP
0000
0000
0400
0400
0500
0700
1900
6900
1900
1700
1100
1000
0000
0000
0000
ENDCHAR
STARTCHAR uni22EB
ENCODING 8939
SWIDTH 576 0
DWIDTH 9 0
BBX 9 15 0 -3
BITMAP
0000
0000
0000
0400
4400
7400
4C00
4B00
4C00
7000
5000
1000
0000
0000
0000
ENDCHAR
STARTCHAR uni22EC
ENCODING 8940
SWIDTH 576 0
DWIDTH 9 0
BBX 9 15 0 -3
BITMAP
0000
0000
0800
0900
0F00
1900
6900
1900
0F00
0900
0800
7F00
0800
0800
0000
ENDCHAR
STARTCHAR uni22ED
ENCODING 8941
SWIDTH 576 0
DWIDTH 9 0
BBX 9 15 0 -3
BITMAP
0000
0000
0800
4800
7800
4C00
4B00
4C00
7800
4800
0800
7F00
0800
0800
0000
ENDCHAR
STARTCHAR uni22EE
ENCODING 8942
SWIDTH 576 0
DWIDTH 9 0
BBX 9 15 0 -3
BITMAP
0000
0800
0000
0000
0000
0000
0800
0000
0000
0000
0000
0800
0000
0000
0000
ENDCHAR
STARTCHAR uni22EF
ENCODING 8943
SWIDTH 576 0
DWIDTH 9 0
BBX 9 15 0 -3
BITMAP
0000
0000
0000
0000
0000
0000
0000
4900
0000
0000
0000
0000
0000
0000
0000
ENDCHAR
STARTCHAR uni22F0
ENCODING 8944
SWIDTH 576 0
DWIDTH 9 0
BBX 9 15 0 -3
BITMAP
0000
0100
0000
0000
0000
0000
0800
0000
0000
0000
0000
4000
0000
0000
0000
ENDCHAR
STARTCHAR uni22F1
ENCODING 8945
SWIDTH 576 0
DWIDTH 9 0
BBX 9 15 0 -3
BITMAP
0000
4000
0000
0000
0000
0000
0800
0000
0000
0000
0000
0100
0000
0000
0000
ENDCHAR
STARTCHAR uni22F2
ENCODING 8946
SWIDTH 576 0
DWIDTH 9 0
BBX 9 15 0 -3
BITMAP
0000
0000
0000
0000
0F00
1000
1000
7F00
1000
1000
0F00
0000
0000
0000
0000
ENDCHAR
STARTCHAR uni22F3
ENCODING 8947
SWIDTH 576 0
DWIDTH 9 0
BBX 9 15 0 -3
BITMAP
0000
0000
0000
0000
1F00
2000
4100
7F00
4100
2000
1F00
0000
0000
0000
0000
ENDCHAR
STARTCHAR uni22F4
ENCODING 8948
SWIDTH 576 0
DWIDTH 9 0
BBX 9 15 0 -3
BITMAP
0000
0000
0000
0000
1E00
2000
2200
3E00
2200
2000
1E00
0000
0000
0000
0000
ENDCHAR
STARTCHAR uni22F5
ENCODING 8949
SWIDTH 576 0
DWIDTH 9 0
BBX 9 15 0 -3
BITMAP
0000
0400
0400
0000
1F00
2000
4000
7F00
4000
2000
1F00
0000
0000
0000
0000
ENDCHAR
STARTCHAR uni22F6
ENCODING 8950
SWIDTH 576 0
DWIDTH 9 0
BBX 9 15 0 -3
BITMAP
0000
0000
7F00
0000
1F00
2000
4000
7F00
4000
2000
1F00
0000
0000
0000
0000
ENDCHAR
STARTCHAR uni22F7
ENCODING 8951
SWIDTH 576 0
DWIDTH 9 0
BBX 9 15 0 -3
BITMAP
0000
0000
0000
0000
3E00
0000
1E00
2000
3E00
2000
1E00
0000
0000
0000
0000
ENDCHAR
STARTCHAR uni22F8
ENCODING 8952
SWIDTH 576 0
DWIDTH 9 0
BBX 9 15 0 -3
BITMAP
0000
0000
0000
0000
1F00
2000
4000
7F00
4000
2000
1F00
0000
7F00
0000
0000
ENDCHAR
STARTCHAR uni22F9
ENCODING 8953
SWIDTH 576 0
DWIDTH 9 0
BBX 9 15 0 -3
BITMAP
0000
0000
0000
0000
1F00
2000
7F00
4000
7F00
2000
1F00
0000
0000
0000
0000
ENDCHAR
STARTCHAR uni22FA
ENCODING 8954
SWIDTH 576 0
DWIDTH 9 0
BBX 9 15 0 -3
BITMAP
0000
0000
0000
0000
7800
0400
0400
7F00
0400
0400
7800
0000
0000
0000
0000
ENDCHAR
STARTCHAR uni22FB
ENCODING 8955
SWIDTH 576 0
DWIDTH 9 0
BBX 9 15 0 -3
BITMAP
0000
0000
0000
0000
7C00
0200
4100
7F00
4100
0200
7C00
0000
0000
0000
0000
ENDCHAR
STARTCHAR uni22FC
ENCODING 8956
SWIDTH 576 0
DWIDTH 9 0
BBX 9 15 0 -3
BITMAP
0000
0000
0000
0000
3C00
0200
2200
3E00
2200
0200
3C00
0000
0000
0000
0000
ENDCHAR
STARTCHAR uni22FD
ENCODING 8957
SWIDTH 576 0
DWIDTH 9 0
BBX 9 15 0 -3
BITMAP
0000
0000
7F00
0000
7C00
0200
0100
7F00
0100
0200
7C00
0000
0000
0000
0000
ENDCHAR
STARTCHAR uni22FE
ENCODING 8958
SWIDTH 576 0
DWIDTH 9 0
BBX 9 15 0 -3
BITMAP
0000
0000
0000
0000
3E00
0000
3C00
0200
3E00
0200
3C00
0000
0000
0000
0000
ENDCHAR
STARTCHAR uni22FF
ENCODING 8959
SWIDTH 576 0
DWIDTH 9 0
BBX 9 15 0 -3
BITMAP
0000
0000
0000
0000
7F00
4000
4000
7F00
4000
4000
7F00
0000
0000
0000
0000
ENDCHAR
STARTCHAR uni2300
ENCODING 8960
SWIDTH 576 0
DWIDTH 9 0
BBX 9 15 0 -3
BITMAP
0000
0000
0000
0000
0000
1D00
2200
4500
4900
5100
2200
5C00
0000
0000
0000
ENDCHAR
STARTCHAR uni2301
ENCODING 8961
SWIDTH 576 0
DWIDTH 9 0
BBX 9 15 0 -3
BITMAP
0000
0000
0000
0000
0000
0800
4C00
2A00
1900
0800
0000
0000
0000
0000
0000
ENDCHAR
STARTCHAR house
ENCODING 8962
SWIDTH 576 0
DWIDTH 9 0
BBX 9 15 0 -3
BITMAP
0000
0000
0000
0000
0800
1400
2200
4100
4100
4100
4100
7F00
0000
0000
0000
ENDCHAR
STARTCHAR uni2303
ENCODING 8963
SWIDTH 576 0
DWIDTH 9 0
BBX 9 15 0 -3
BITMAP
0000
0000
0800
1C00
3600
6300
0000
0000
0000
0000
0000
0000
0000
0000
0000
ENDCHAR
STARTCHAR uni2304
ENCODING 8964
SWIDTH 576 0
DWIDTH 9 0
BBX 9 15 0 -3
BITMAP
0000
0000
0000
0000
0000
0000
0000
0000
6300
3600
1C00
0800
0000
0000
0000
ENDCHAR
STARTCHAR uni2305
ENCODING 8965
SWIDTH 576 0
DWIDTH 9 0
BBX 9 15 0 -3
BITMAP
0000
0000
0000
0000
0000
0000
7F00
0000
0800
1C00
3600
6300
0000
0000
0000
ENDCHAR
STARTCHAR uni2306
ENCODING 8966
SWIDTH 576 0
DWIDTH 9 0
BBX 9 15 0 -3
BITMAP
0000
0000
0000
0000
7F00
0000
7F00
0000
0800
1C00
3600
6300
0000
0000
0000
ENDCHAR
STARTCHAR uni2307
ENCODING 8967
SWIDTH 576 0
DWIDTH 9 0
BBX 9 15 0 -3
BITMAP
0000
1000
0800
0400
0800
1000
0800
0400
0800
1000
0800
0400
0000
0000
0000
ENDCHAR
STARTCHAR uni2308
ENCODING 8968
SWIDTH 576 0
DWIDTH 9 0
BBX 9 15 0 -3
BITMAP
0000
1E00
1000
1000
1000
1000
1000
1000
1000
1000
1000
1000
1000
0000
0000
ENDCHAR
STARTCHAR uni2309
ENCODING 8969
SWIDTH 576 0
DWIDTH 9 0
BBX 9 15 0 -3
BITMAP
0000
3C00
0400
0400
0400
0400
0400
0400
0400
0400
0400
0400
0400
0000
0000
ENDCHAR
STARTCHAR uni230A
ENCODING 8970
SWIDTH 576 0
DWIDTH 9 0
BBX 9 15 0 -3
BITMAP
0000
1000
1000
1000
1000
1000
1000
1000
1000
1000
1000
1000
1E00
0000
0000
ENDCHAR
STARTCHAR uni230B
ENCODING 8971
SWIDTH 576 0
DWIDTH 9 0
BBX 9 15 0 -3
BITMAP
0000
0400
0400
0400
0400
0400
0400
0400
0400
0400
0400
0400
3C00
0000
0000
ENDCHAR
STARTCHAR uni230C
ENCODING 8972
SWIDTH 576 0
DWIDTH 9 0
BBX 9 15 0 -3
BITMAP
0000
0000
0000
0000
0000
0000
0000
0380
0000
0800
0800
0800
0000
0000
0000
ENDCHAR
STARTCHAR uni230D
ENCODING 8973
SWIDTH 576 0
DWIDTH 9 0
BBX 9 15 0 -3
BITMAP
0000
0000
0000
0000
0000
0000
0000
E000
0000
0800
0800
0800
0000
0000
0000
ENDCHAR
STARTCHAR uni230E
ENCODING 8974
SWIDTH 576 0
DWIDTH 9 0
BBX 9 15 0 -3
BITMAP
0000
0000
0000
0800
0800
0800
0000
0380
0000
0000
0000
0000
0000
0000
0000
ENDCHAR
STARTCHAR uni230F
ENCODING 8975
SWIDTH 576 0
DWIDTH 9 0
BBX 9 15 0 -3
BITMAP
0000
0000
0000
0800
0800
0800
0000
E000
0000
0000
0000
0000
0000
0000
0000
ENDCHAR
STARTCHAR revlogicalnot
ENCODING 8976
SWIDTH 576 0
DWIDTH 9 0
BBX 9 15 0 -3
BITMAP
0000
0000
0000
0000
0000
0000
7F00
4000
4000
0000
0000
0000
0000
0000
0000
ENDCHAR
STARTCHAR uni2311
ENCODING 8977
SWIDTH 576 0
DWIDTH 9 0
BBX 9 15 0 -3
BITMAP
0000
0000
0000
0000
4100
3E00
2200
2200
2200
3E00
4100
0000
0000
0000
0000
ENDCHAR
STARTCHAR uni2312
ENCODING 8978
SWIDTH 576 0
DWIDTH 9 0
BBX 9 15 0 -3
BITMAP
0000
0000
0000
0000
0000
0000
1C00
2200
4100
4100
4100
0000
0000
0000
0000
ENDCHAR
STARTCHAR uni2313
ENCODING 8979
SWIDTH 576 0
DWIDTH 9 0
BBX 9 15 0 -3
BITMAP
0000
0000
0000
0000
0000
0000
1C00
2200
4100
4100
7F00
0000
0000
0000
0000
ENDCHAR
STARTCHAR uni2314
ENCODING 8980
SWIDTH 576 0
DWIDTH 9 0
BBX 9 15 0 -3
BITMAP
0000
0000
0000
0000
0000
1C00
2200
4100
2200
1400
0800
0000
0000
0000
0000
ENDCHAR
STARTCHAR uni2315
ENCODING 8981
SWIDTH 576 0
DWIDTH 9 0
BBX 9 15 0 -3
BITMAP
0000
0000
0000
0000
0000
1C00
2200
4100
4100
5100
2200
5C00
0000
0000
0000
ENDCHAR
STARTCHAR uni2316
ENCODING 8982
SWIDTH 576 0
DWIDTH 9 0
BBX 9 15 0 -3
BITMAP
0000
0000
0000
0800
0800
1C00
2A00
FF80
2A00
1C00
0800
0800
0000
0000
0000
ENDCHAR
STARTCHAR uni2317
ENCODING 8983
SWIDTH 576 0
DWIDTH 9 0
BBX 9 15 0 -3
BITMAP
0000
0000
0000
2200
2200
FF80
2200
2200
2200
FF80
2200
2200
0000
0000
0000
ENDCHAR
STARTCHAR uni2318
ENCODING 8984
SWIDTH 576 0
DWIDTH 9 0
BBX 9 15 0 -3
BITMAP
0000
0000
0000
6300
9480
9480
7F00
1400
7F00
9480
9480
6300
0000
0000
0000
ENDCHAR
STARTCHAR uni2319
ENCODING 8985
SWIDTH 576 0
DWIDTH 9 0
BBX 9 15 0 -3
BITMAP
0000
0000
0000
0000
0000
0000
4000
4000
7F00
0000
0000
0000
0000
0000
0000
ENDCHAR
STARTCHAR uni231A
ENCODING 8986
SWIDTH 576 0
DWIDTH 9 0
BBX 9 15 0 -3
BITMAP
0000
3E00
2200
3E00
4900
8880
8880
B880
8080
8080
4100
3E00
2200
3E00
0000
ENDCHAR
STARTCHAR uni231B
ENCODING 8987
SWIDTH 576 0
DWIDTH 9 0
BBX 9 15 0 -3
BITMAP
0000
0000
0000
7F00
4100
2200
1C00
0800
1400
2A00
5500
7F00
0000
0000
0000
ENDCHAR
STARTCHAR uni231C
ENCODING 8988
SWIDTH 576 0
DWIDTH 9 0
BBX 9 15 0 -3
BITMAP
0000
0000
7C00
4000
4000
4000
4000
0000
0000
0000
0000
0000
0000
0000
0000
ENDCHAR
STARTCHAR uni231D
ENCODING 8989
SWIDTH 576 0
DWIDTH 9 0
BBX 9 15 0 -3
BITMAP
0000
0000
1F00
0100
0100
0100
0100
0000
0000
0000
0000
0000
0000
0000
0000
ENDCHAR
STARTCHAR uni231E
ENCODING 8990
SWIDTH 576 0
DWIDTH 9 0
BBX 9 15 0 -3
BITMAP
0000
0000
0000
0000
0000
0000
0000
4000
4000
4000
4000
7C00
0000
0000
0000
ENDCHAR
STARTCHAR uni231F
ENCODING 8991
SWIDTH 576 0
DWIDTH 9 0
BBX 9 15 0 -3
BITMAP
0000
0000
0000
0000
0000
0000
0000
0100
0100
0100
0100
1F00
0000
0000
0000
ENDCHAR
STARTCHAR integraltp
ENCODING 8992
SWIDTH 576 0
DWIDTH 9 0
BBX 9 15 0 -3
BITMAP
0000
0600
0900
0800
0800
0800
0800
0800
0800
0800
0800
0800
0800
0800
0800
ENDCHAR
STARTCHAR integralbt
ENCODING 8993
SWIDTH 576 0
DWIDTH 9 0
BBX 9 15 0 -3
BITMAP
0800
0800
0800
0800
0800
0800
0800
0800
0800
0800
0800
0800
4800
3000
0000
ENDCHAR
STARTCHAR uni2322
ENCODING 8994
SWIDTH 576 0
DWIDTH 9 0
BBX 9 15 0 -3
BITMAP
0000
0000
0000
0000
0000
3E00
4100
4100
0000
0000
0000
0000
0000
0000
0000
ENDCHAR
STARTCHAR uni2323
ENCODING 8995
SWIDTH 576 0
DWIDTH 9 0
BBX 9 15 0 -3
BITMAP
0000
0000
0000
0000
0000
4100
4100
3E00
0000
0000
0000
0000
0000
0000
0000
ENDCHAR
STARTCHAR uni2324
ENCODING 8996
SWIDTH 576 0
DWIDTH 9 0
BBX 9 15 0 -3
BITMAP
0000
0000
0000
0000
0000
0000
EB80
1C00
3600
6300
0000
0000
0000
0000
0000
ENDCHAR
STARTCHAR uni2325
ENCODING 8997
SWIDTH 576 0
DWIDTH 9 0
BBX 9 15 0 -3
BITMAP
0000
0000
0000
0000
0000
E700
1000
0800
0700
0000
0000
0000
0000
0000
0000
ENDCHAR
STARTCHAR uni2326
ENCODING 8998
SWIDTH 576 0
DWIDTH 9 0
BBX 9 15 0 -3
BITMAP
0000
0000
0000
0000
FC00
C600
A900
9080
A900
C600
FC00
0000
0000
0000
0000
ENDCHAR
STARTCHAR uni2327
ENCODING 8999
SWIDTH 576 0
DWIDTH 9 0
BBX 9 15 0 -3
BITMAP
0000
0000
0000
0000
FF80
A280
9480
8880
9480
A280
FF80
0000
0000
0000
0000
ENDCHAR
STARTCHAR uni2328
ENCODING 9000
SWIDTH 576 0
DWIDTH 9 0
BBX 9 15 0 -3
BITMAP
0000
0000
0000
0000
FF80
8080
AA80
8080
AA80
8080
FF80
0000
0000
0000
0000
ENDCHAR
STARTCHAR uni232B
ENCODING 9003
SWIDTH 576 0
DWIDTH 9 0
BBX 9 15 0 -3
BITMAP
0000
0000
0000
0000
1F80
3180
4A80
8480
4A80
3180
1F80
0000
0000
0000
0000
ENDCHAR
STARTCHAR uni232C
ENCODING 9004
SWIDTH 576 0
DWIDTH 9 0
BBX 9 15 0 -3
BITMAP
0000
0000
0000
0800
1C00
2600
6300
6100
6100
2300
1600
0C00
0000
0000
0000
ENDCHAR
STARTCHAR uni232D
ENCODING 9005
SWIDTH 576 0
DWIDTH 9 0
BBX 9 15 0 -3
BITMAP
0000
0000
0000
0800
1800
2480
4300
C200
2400
1800
1000
0000
0000
0000
0000
ENDCHAR
STARTCHAR uni232E
ENCODING 9006
SWIDTH 576 0
DWIDTH 9 0
BBX 9 15 0 -3
BITMAP
0000
0000
0000
0000
0C00
1200
2100
3F80
5200
8C00
0000
0000
0000
0000
0000
ENDCHAR
STARTCHAR uni232F
ENCODING 9007
SWIDTH 576 0
DWIDTH 9 0
BBX 9 15 0 -3
BITMAP
0000
0000
0000
0000
0000
1C00
0000
7F00
0000
1C00
0000
0000
0000
0000
0000
ENDCHAR
STARTCHAR uni2330
ENCODING 9008
SWIDTH 576 0
DWIDTH 9 0
BBX 9 15 0 -3
BITMAP
0000
0000
0000
0880
1980
1100
1100
2200
2200
4400
7C00
0000
0000
0000
0000
ENDCHAR
STARTCHAR uni2331
ENCODING 9009
SWIDTH 576 0
DWIDTH 9 0
BBX 9 15 0 -3
BITMAP
0000
0000
1000
3800
5400
9300
9F80
9300
5400
3800
1000
0000
0000
0000
0000
ENDCHAR
STARTCHAR uni2332
ENCODING 9010
SWIDTH 576 0
DWIDTH 9 0
BBX 9 15 0 -3
BITMAP
0000
0000
0000
0000
C000
B000
8C00
FF00
8C00
B000
C000
0000
0000
0000
0000
ENDCHAR
STARTCHAR uni2333
ENCODING 9011
SWIDTH 576 0
DWIDTH 9 0
BBX 9 15 0 -3
BITMAP
0000
0000
0000
0000
0000
0000
0000
C000
B000
8E00
FF00
0000
0000
0000
0000
ENDCHAR
STARTCHAR uni2334
ENCODING 9012
SWIDTH 576 0
DWIDTH 9 0
BBX 9 15 0 -3
BITMAP
0000
0000
0000
0000
0000
0000
0000
4100
4100
4100
7F00
0000
0000
0000
0000
ENDCHAR
STARTCHAR uni2335
ENCODING 9013
SWIDTH 576 0
DWIDTH 9 0
BBX 9 15 0 -3
BITMAP
0000
0000
0000
0000
0000
0000
0000
4100
2200
1400
0800
0000
0000
0000
0000
ENDCHAR
STARTCHAR uni2336
ENCODING 9014
SWIDTH 576 0
DWIDTH 9 0
BBX 9 15 0 -3
BITMAP
0000
0000
7F00
0800
0800
0800
0800
0800
0800
0800
0800
7F00
0000
0000
0000
ENDCHAR
STARTCHAR uni2337
ENCODING 9015
SWIDTH 576 0
DWIDTH 9 0
BBX 9 15 0 -3
BITMAP
0000
0000
3E00
2200
2200
2200
2200
2200
2200
2200
2200
3E00
0000
0000
0000
ENDCHAR
STARTCHAR uni2338
ENCODING 9016
SWIDTH 576 0
DWIDTH 9 0
BBX 9 15 0 -3
BITMAP
0000
0000
7F00
4100
4100
4100
7F00
4100
7F00
4100
4100
7F00
0000
0000
0000
ENDCHAR
STARTCHAR uni2339
ENCODING 9017
SWIDTH 576 0
DWIDTH 9 0
BBX 9 15 0 -3
BITMAP
0000
0000
7F00
4100
4100
4900
4100
7F00
4100
4900
4100
7F00
0000
0000
0000
ENDCHAR
STARTCHAR uni233A
ENCODING 9018
SWIDTH 576 0
DWIDTH 9 0
BBX 9 15 0 -3
BITMAP
0000
0000
7F00
4900
5500
5500
6300
6300
5500
5500
4900
7F00
0000
0000
0000
ENDCHAR
STARTCHAR uni233B
ENCODING 9019
SWIDTH 576 0
DWIDTH 9 0
BBX 9 15 0 -3
BITMAP
0000
0000
7F00
4100
4100
4900
5500
5500
4900
4100
4100
7F00
0000
0000
0000
ENDCHAR
STARTCHAR uni233C
ENCODING 9020
SWIDTH 576 0
DWIDTH 9 0
BBX 9 15 0 -3
BITMAP
0000
0000
7F00
4100
5D00
6300
4100
4100
6300
5D00
4100
7F00
0000
0000
0000
ENDCHAR
STARTCHAR uni233D
ENCODING 9021
SWIDTH 576 0
DWIDTH 9 0
BBX 9 15 0 -3
BITMAP
0000
0000
0800
0800
1C00
2A00
4900
4900
4900
2A00
1C00
0800
0800
0000
0000
ENDCHAR
STARTCHAR uni233E
ENCODING 9022
SWIDTH 576 0
DWIDTH 9 0
BBX 9 15 0 -3
BITMAP
0000
0000
0000
0000
1C00
2200
4900
5500
4900
2200
1C00
0000
0000
0000
0000
ENDCHAR
STARTCHAR uni233F
ENCODING 9023
SWIDTH 576 0
DWIDTH 9 0
BBX 9 15 0 -3
BITMAP
0000
0000
0200
0200
0400
0400
7F00
1000
1000
2000
2000
0000
0000
0000
0000
ENDCHAR
STARTCHAR uni2340
ENCODING 9024
SWIDTH 576 0
DWIDTH 9 0
BBX 9 15 0 -3
BITMAP
0000
0000
2000
2000
1000
1000
7F00
0800
0800
0400
0400
0000
0000
0000
0000
ENDCHAR
STARTCHAR uni2341
ENCODING 9025
SWIDTH 576 0
DWIDTH 9 0
BBX 9 15 0 -3
BITMAP
0000
0000
7F00
4300
4300
4500
4500
4900
5100
5100
6100
7F00
0000
0000
0000
ENDCHAR
STARTCHAR uni2342
ENCODING 9026
SWIDTH 576 0
DWIDTH 9 0
BBX 9 15 0 -3
BITMAP
0000
0000
7F00
6100
6100
5100
5100
4900
4500
4500
4300
7F00
0000
0000
0000
ENDCHAR
STARTCHAR uni2343
ENCODING 9027
SWIDTH 576 0
DWIDTH 9 0
BBX 9 15 0 -3
BITMAP
0000
0000
7F00
4100
4700
5900
6100
5900
4700
4100
4100
7F00
0000
0000
0000
ENDCHAR
STARTCHAR uni2344
ENCODING 9028
SWIDTH 576 0
DWIDTH 9 0
BBX 9 15 0 -3
BITMAP
0000
0000
7F00
4100
7100
4D00
4300
4D00
7100
4100
4100
7F00
0000
0000
0000
ENDCHAR
STARTCHAR uni2345
ENCODING 9029
SWIDTH 576 0
DWIDTH 9 0
BBX 9 15 0 -3
BITMAP
0000
0000
0000
0800
0800
0800
2800
7F00
2800
0800
0800
0800
0000
0000
0000
ENDCHAR
STARTCHAR uni2346
ENCODING 9030
SWIDTH 576 0
DWIDTH 9 0
BBX 9 15 0 -3
BITMAP
0000
0000
0000
0800
0800
0800
0A00
7F00
0A00
0800
0800
0800
0000
0000
0000
ENDCHAR
STARTCHAR uni2347
ENCODING 9031
SWIDTH 576 0
DWIDTH 9 0
BBX 9 15 0 -3
BITMAP
0000
0000
7F00
4100
4100
5100
7F00
5100
4100
4100
4100
7F00
0000
0000
0000
ENDCHAR
STARTCHAR uni2348
ENCODING 9032
SWIDTH 576 0
DWIDTH 9 0
BBX 9 15 0 -3
BITMAP
0000
0000
7F00
4100
4100
4500
7F00
4500
4100
4100
4100
7F00
0000
0000
0000
ENDCHAR
STARTCHAR uni2349
ENCODING 9033
SWIDTH 576 0
DWIDTH 9 0
BBX 9 15 0 -3
BITMAP
0000
0000
0000
0000
0000
5C00
2200
5100
4900
4500
2200
1D00
0000
0000
0000
ENDCHAR
STARTCHAR uni234A
ENCODING 9034
SWIDTH 576 0
DWIDTH 9 0
BBX 9 15 0 -3
BITMAP
0000
0000
0800
0800
0800
0800
0800
0800
0800
7F00
0000
7F00
0000
0000
0000
ENDCHAR
STARTCHAR uni234B
ENCODING 9035
SWIDTH 576 0
DWIDTH 9 0
BBX 9 15 0 -3
BITMAP
0000
0800
0800
0800
0800
1C00
1C00
2A00
2A00
4900
4900
7F00
0800
0800
0000
ENDCHAR
STARTCHAR uni234C
ENCODING 9036
SWIDTH 576 0
DWIDTH 9 0
BBX 9 15 0 -3
BITMAP
0000
0000
7F00
4100
4100
6300
6300
5500
5500
4900
4900
7F00
0000
0000
0000
ENDCHAR
STARTCHAR uni234D
ENCODING 9037
SWIDTH 576 0
DWIDTH 9 0
BBX 9 15 0 -3
BITMAP
0000
0000
7F00
4100
4900
4900
5500
5500
6300
7F00
4100
7F00
0000
0000
0000
ENDCHAR
STARTCHAR uni234E
ENCODING 9038
SWIDTH 576 0
DWIDTH 9 0
BBX 9 15 0 -3
BITMAP
0000
0000
0800
0800
0800
1C00
2A00
2A00
1C00
0800
0800
7F00
0000
0000
0000
ENDCHAR
STARTCHAR uni234F
ENCODING 9039
SWIDTH 576 0
DWIDTH 9 0
BBX 9 15 0 -3
BITMAP
0000
0000
0800
1C00
2A00
0800
7F00
0800
0800
0800
0800
0800
0000
0000
0000
ENDCHAR
STARTCHAR uni2350
ENCODING 9040
SWIDTH 576 0
DWIDTH 9 0
BBX 9 15 0 -3
BITMAP
0000
0000
7F00
4900
5D00
6B00
4900
4900
4900
4900
4900
7F00
0000
0000
0000
ENDCHAR
STARTCHAR uni2351
ENCODING 9041
SWIDTH 576 0
DWIDTH 9 0
BBX 9 15 0 -3
BITMAP
0000
0000
7F00
0000
7F00
0800
0800
0800
0800
0800
0800
0800
0000
0000
0000
ENDCHAR
STARTCHAR uni2352
ENCODING 9042
SWIDTH 576 0
DWIDTH 9 0
BBX 9 15 0 -3
BITMAP
0000
0800
0800
7F00
4900
4900
2A00
2A00
1C00
1C00
0800
0800
0800
0800
0000
ENDCHAR
STARTCHAR uni2353
ENCODING 9043
SWIDTH 576 0
DWIDTH 9 0
BBX 9 15 0 -3
BITMAP
0000
0000
7F00
4900
4900
5500
5500
6300
6300
4100
4100
7F00
0000
0000
0000
ENDCHAR
STARTCHAR uni2354
ENCODING 9044
SWIDTH 576 0
DWIDTH 9 0
BBX 9 15 0 -3
BITMAP
0000
0000
7F00
4100
7F00
6300
5500
5500
4900
4900
4100
7F00
0000
0000
0000
ENDCHAR
STARTCHAR uni2355
ENCODING 9045
SWIDTH 576 0
DWIDTH 9 0
BBX 9 15 0 -3
BITMAP
0000
0000
7F00
0800
0800
1C00
2A00
2A00
1C00
0800
0800
0800
0000
0000
0000
ENDCHAR
STARTCHAR uni2356
ENCODING 9046
SWIDTH 576 0
DWIDTH 9 0
BBX 9 15 0 -3
BITMAP
0000
0000
0800
0800
0800
0800
0800
7F00
0800
2A00
1C00
0800
0000
0000
0000
ENDCHAR
STARTCHAR uni2357
ENCODING 9047
SWIDTH 576 0
DWIDTH 9 0
BBX 9 15 0 -3
BITMAP
0000
0000
7F00
4900
4900
4900
4900
4900
6B00
5D00
4900
7F00
0000
0000
0000
ENDCHAR
STARTCHAR uni2358
ENCODING 9048
SWIDTH 576 0
DWIDTH 9 0
BBX 9 15 0 -3
BITMAP
0000
0000
0800
0800
0800
0000
0000
0000
0000
0000
0000
7F00
0000
0000
0000
ENDCHAR
STARTCHAR uni2359
ENCODING 9049
SWIDTH 576 0
DWIDTH 9 0
BBX 9 15 0 -3
BITMAP
0000
0000
0800
0800
1400
1400
2200
2200
4100
7F00
0000
7F00
0000
0000
0000
ENDCHAR
STARTCHAR uni235A
ENCODING 9050
SWIDTH 576 0
DWIDTH 9 0
BBX 9 15 0 -3
BITMAP
0000
0000
0000
0800
1400
2200
4100
2200
1400
0800
0000
7F00
0000
0000
0000
ENDCHAR
STARTCHAR uni235B
ENCODING 9051
SWIDTH 576 0
DWIDTH 9 0
BBX 9 15 0 -3
BITMAP
0000
0000
0000
0000
1C00
2200
2200
2200
1C00
0000
0000
7F00
0000
0000
0000
ENDCHAR
STARTCHAR uni235C
ENCODING 9052
SWIDTH 576 0
DWIDTH 9 0
BBX 9 15 0 -3
BITMAP
0000
0000
0000
1C00
2200
4100
4100
4100
2200
1C00
0000
7F00
0000
0000
0000
ENDCHAR
STARTCHAR uni235D
ENCODING 9053
SWIDTH 576 0
DWIDTH 9 0
BBX 9 15 0 -3
BITMAP
0000
0000
3E00
4100
4100
5D00
6300
6300
6300
5D00
4100
4100
0000
0000
0000
ENDCHAR
STARTCHAR uni235E
ENCODING 9054
SWIDTH 576 0
DWIDTH 9 0
BBX 9 15 0 -3
BITMAP
0000
0000
7F00
4100
4900
4900
4900
4100
4100
4100
4100
7F00
0000
0000
0000
ENDCHAR
STARTCHAR uni235F
ENCODING 9055
SWIDTH 576 0
DWIDTH 9 0
BBX 9 15 0 -3
BITMAP
0000
0000
0000
1C00
2A00
4900
BE80
9C80
9C80
6300
2200
1C00
0000
0000
0000
ENDCHAR
STARTCHAR uni2360
ENCODING 9056
SWIDTH 576 0
DWIDTH 9 0
BBX 9 15 0 -3
BITMAP
0000
0000
7F00
4100
4100
4900
4900
4100
4900
4900
4100
7F00
0000
0000
0000
ENDCHAR
STARTCHAR uni2361
ENCODING 9057
SWIDTH 576 0
DWIDTH 9 0
BBX 9 15 0 -3
BITMAP
0000
2200
2200
0000
7F00
0800
0800
0800
0800
0800
0800
0800
0000
0000
0000
ENDCHAR
STARTCHAR uni2362
ENCODING 9058
SWIDTH 576 0
DWIDTH 9 0
BBX 9 15 0 -3
BITMAP
0000
2200
2200
0000
7F00
4100
2200
2200
1400
1400
0800
0800
0000
0000
0000
ENDCHAR
STARTCHAR uni2363
ENCODING 9059
SWIDTH 576 0
DWIDTH 9 0
BBX 9 15 0 -3
BITMAP
0000
0000
0000
2200
2200
0000
0800
0800
3E00
1C00
1C00
2200
0000
0000
0000
ENDCHAR
STARTCHAR uni2364
ENCODING 9060
SWIDTH 576 0
DWIDTH 9 0
BBX 9 15 0 -3
BITMAP
0000
0000
2200
2200
0000
1C00
2200
2200
2200
1C00
0000
0000
0000
0000
0000
ENDCHAR
STARTCHAR uni2365
ENCODING 9061
SWIDTH 576 0
DWIDTH 9 0
BBX 9 15 0 -3
BITMAP
0000
0000
2200
2200
0000
1C00
2200
4100
4100
4100
2200
1C00
0000
0000
0000
ENDCHAR
STARTCHAR uni2366
ENCODING 9062
SWIDTH 576 0
DWIDTH 9 0
BBX 9 15 0 -3
BITMAP
0000
0000
0800
0800
4900
4900
4900
4900
4900
4900
2A00
1C00
0800
0800
0000
ENDCHAR
STARTCHAR uni2367
ENCODING 9063
SWIDTH 576 0
DWIDTH 9 0
BBX 9 15 0 -3
BITMAP
0000
0000
0000
0800
0800
1F00
2800
4800
4800
4800
2800
1F00
0800
0800
0000
ENDCHAR
STARTCHAR uni2368
ENCODING 9064
SWIDTH 576 0
DWIDTH 9 0
BBX 9 15 0 -3
BITMAP
0000
0000
0000
0000
2200
2200
0000
3000
4900
0600
0000
0000
0000
0000
0000
ENDCHAR
STARTCHAR uni2369
ENCODING 9065
SWIDTH 576 0
DWIDTH 9 0
BBX 9 15 0 -3
BITMAP
0000
0000
0000
2200
2200
0000
6000
1800
0600
1800
6000
0000
0000
0000
0000
ENDCHAR
STARTCHAR uni236A
ENCODING 9066
SWIDTH 576 0
DWIDTH 9 0
BBX 9 15 0 -3
BITMAP
0000
0000
0000
0000
0000
0000
7F00
0000
1800
0800
1000
0000
0000
0000
0000
ENDCHAR
STARTCHAR uni236B
ENCODING 9067
SWIDTH 576 0
DWIDTH 9 0
BBX 9 15 0 -3
BITMAP
0000
0000
0000
7F00
4100
4100
3900
6E00
1200
1400
0800
0800
0000
0000
0000
ENDCHAR
STARTCHAR uni236C
ENCODING 9068
SWIDTH 576 0
DWIDTH 9 0
BBX 9 15 0 -3
BITMAP
0000
0000
1C00
2200
4100
4100
7900
4F00
4100
4100
2200
1C00
0000
0000
0000
ENDCHAR
STARTCHAR uni236D
ENCODING 9069
SWIDTH 576 0
DWIDTH 9 0
BBX 9 15 0 -3
BITMAP
0000
0000
0800
0800
0800
0800
3900
4E00
0800
0800
0800
0800
0000
0000
0000
ENDCHAR
STARTCHAR uni236E
ENCODING 9070
SWIDTH 576 0
DWIDTH 9 0
BBX 9 15 0 -3
BITMAP
0000
0000
0000
0000
0000
0C00
0C00
0000
0000
0C00
3F00
0400
0800
0000
0000
ENDCHAR
STARTCHAR uni236F
ENCODING 9071
SWIDTH 576 0
DWIDTH 9 0
BBX 9 15 0 -3
BITMAP
0000
0000
7F00
4100
4500
7F00
4900
7F00
5100
4100
4100
7F00
0000
0000
0000
ENDCHAR
STARTCHAR uni2370
ENCODING 9072
SWIDTH 576 0
DWIDTH 9 0
BBX 9 15 0 -3
BITMAP
0000
0000
7F00
4100
4900
5500
4500
4900
4100
4900
4100
7F00
0000
0000
0000
ENDCHAR
STARTCHAR uni2371
ENCODING 9073
SWIDTH 576 0
DWIDTH 9 0
BBX 9 15 0 -3
BITMAP
0000
0000
0000
4100
4100
2200
3B00
5E00
1400
0800
0800
0000
0000
0000
0000
ENDCHAR
STARTCHAR uni2372
ENCODING 9074
SWIDTH 576 0
DWIDTH 9 0
BBX 9 15 0 -3
BITMAP
0000
0000
0000
0800
0800
1400
1400
3B00
6E00
4100
4100
0000
0000
0000
0000
ENDCHAR
STARTCHAR uni2373
ENCODING 9075
SWIDTH 576 0
DWIDTH 9 0
BBX 9 15 0 -3
BITMAP
0000
0000
0000
0000
0000
1800
0800
0800
0800
0800
0A00
0400
0000
0000
0000
ENDCHAR
STARTCHAR uni2374
ENCODING 9076
SWIDTH 576 0
DWIDTH 9 0
BBX 9 15 0 -3
BITMAP
0000
0000
0000
0000
0000
3E00
4100
4100
4100
4100
6100
5E00
4000
4000
4000
ENDCHAR
STARTCHAR uni2375
ENCODING 9077
SWIDTH 576 0
DWIDTH 9 0
BBX 9 15 0 -3
BITMAP
0000
0000
0000
0000
0000
2200
4100
4900
4900
4900
4900
3600
0000
0000
0000
ENDCHAR
STARTCHAR uni2376
ENCODING 9078
SWIDTH 576 0
DWIDTH 9 0
BBX 9 15 0 -3
BITMAP
0000
0000
0000
0000
0000
3D00
4300
4100
4100
4300
4500
3900
0000
7F00
0000
ENDCHAR
STARTCHAR uni2377
ENCODING 9079
SWIDTH 576 0
DWIDTH 9 0
BBX 9 15 0 -3
BITMAP
0000
0000
0000
0000
0000
1E00
2000
4000
7C00
4000
2000
1E00
0000
7E00
0000
ENDCHAR
STARTCHAR uni2378
ENCODING 9080
SWIDTH 576 0
DWIDTH 9 0
BBX 9 15 0 -3
BITMAP
0000
0000
0000
0000
0000
1800
0800
0800
0800
0800
0A00
0400
0000
1E00
0000
ENDCHAR
STARTCHAR uni2379
ENCODING 9081
SWIDTH 576 0
DWIDTH 9 0
BBX 9 15 0 -3
BITMAP
0000
0000
0000
0000
0000
2200
4100
4900
4900
4900
4900
3600
0000
7F00
0000
ENDCHAR
STARTCHAR uni237A
ENCODING 9082
SWIDTH 576 0
DWIDTH 9 0
BBX 9 15 0 -3
BITMAP
0000
0000
0000
0000
0000
3D00
4300
4100
4100
4300
4500
3900
0000
0000
0000
ENDCHAR
STARTCHAR uni237B
ENCODING 9083
SWIDTH 576 0
DWIDTH 9 0
BBX 9 15 0 -3
BITMAP
0000
0000
0100
0100
0200
0F00
0400
0400
2800
2800
1000
1000
0000
0000
0000
ENDCHAR
STARTCHAR uni237C
ENCODING 9084
SWIDTH 576 0
DWIDTH 9 0
BBX 9 15 0 -3
BITMAP
0000
0000
2800
3000
2000
6000
A000
6000
3000
2800
BF00
A000
C000
F000
0000
ENDCHAR
STARTCHAR uni237D
ENCODING 9085
SWIDTH 576 0
DWIDTH 9 0
BBX 9 15 0 -3
BITMAP
0000
0000
0000
0000
0000
0000
6300
2200
3E00
0000
0000
0000
0000
0000
0000
ENDCHAR
STARTCHAR uni237E
ENCODING 9086
SWIDTH 576 0
DWIDTH 9 0
BBX 9 15 0 -3
BITMAP
0000
0000
0000
0000
1C00
2200
4100
4100
7F00
1400
1400
7700
0000
0000
0000
ENDCHAR
STARTCHAR uni237F
ENCODING 9087
SWIDTH 576 0
DWIDTH 9 0
BBX 9 15 0 -3
BITMAP
0000
0000
0800
0800
0800
1C00
1C00
1C00
0800
0800
0800
0800
0000
0000
0000
ENDCHAR
STARTCHAR uni2380
ENCODING 9088
SWIDTH 576 0
DWIDTH 9 0
BBX 9 15 0 -3
BITMAP
0000
0000
0000
1C00
0200
0200
1E00
2200
2200
1E00
4100
2200
1400
0800
0000
ENDCHAR
STARTCHAR uni2381
ENCODING 9089
SWIDTH 576 0
DWIDTH 9 0
BBX 9 15 0 -3
BITMAP
0000
0000
0000
0000
0000
7000
0800
0800
7800
8800
8800
7A80
0000
FF80
0000
ENDCHAR
STARTCHAR uni2382
ENCODING 9090
SWIDTH 576 0
DWIDTH 9 0
BBX 9 15 0 -3
BITMAP
0000
0000
0000
0000
6300
1080
1080
7380
9480
9480
7380
0000
F780
0000
0000
ENDCHAR
STARTCHAR uni2383
ENCODING 9091
SWIDTH 576 0
DWIDTH 9 0
BBX 9 15 0 -3
BITMAP
0000
0000
0000
0000
0000
9880
4500
0C00
D580
1400
5500
8C80
0000
0000
0000
ENDCHAR
STARTCHAR uni2384
ENCODING 9092
SWIDTH 576 0
DWIDTH 9 0
BBX 9 15 0 -3
BITMAP
0000
0000
7C00
4E00
5500
5500
5500
5500
5500
5500
4E00
7C00
0000
0000
0000
ENDCHAR
STARTCHAR uni2385
ENCODING 9093
SWIDTH 576 0
DWIDTH 9 0
BBX 9 15 0 -3
BITMAP
0000
0800
7F00
4900
4900
4900
4900
4900
4900
4900
4900
7F00
0800
0000
0000
ENDCHAR
STARTCHAR uni2386
ENCODING 9094
SWIDTH 576 0
DWIDTH 9 0
BBX 9 15 0 -3
BITMAP
0000
1000
2800
4400
1200
7900
4480
7900
1200
4400
2800
1000
0000
0000
0000
ENDCHAR
STARTCHAR uni2387
ENCODING 9095
SWIDTH 576 0
DWIDTH 9 0
BBX 9 15 0 -3
BITMAP
0000
0000
0000
0000
0400
0600
0D00
1600
1400
1000
1000
6700
0000
0000
0000
ENDCHAR
STARTCHAR uni2388
ENCODING 9096
SWIDTH 576 0
DWIDTH 9 0
BBX 9 15 0 -3
BITMAP
0000
0000
0000
0800
5D00
2A00
5D00
4900
5D00
2A00
5D00
0800
0000
0000
0000
ENDCHAR
STARTCHAR uni2389
ENCODING 9097
SWIDTH 576 0
DWIDTH 9 0
BBX 9 15 0 -3
BITMAP
0000
0000
0000
3E00
4100
8080
8080
E380
9480
8880
4100
3E00
0000
0000
0000
ENDCHAR
STARTCHAR uni238A
ENCODING 9098
SWIDTH 576 0
DWIDTH 9 0
BBX 9 15 0 -3
BITMAP
0000
0000
0000
3E00
4100
FF80
A280
A280
9480
9480
4900
3E00
0000
0000
0000
ENDCHAR
STARTCHAR uni238B
ENCODING 9099
SWIDTH 576 0
DWIDTH 9 0
BBX 9 15 0 -3
BITMAP
0000
0000
0000
EE00
C100
A080
1080
8880
8080
8080
4100
3E00
0000
0000
0000
ENDCHAR
STARTCHAR uni238C
ENCODING 9100
SWIDTH 576 0
DWIDTH 9 0
BBX 9 15 0 -3
BITMAP
0000
0000
0000
0000
5C00
6200
7100
0100
6300
9480
9480
6300
0000
0000
0000
ENDCHAR
STARTCHAR uni238D
ENCODING 9101
SWIDTH 576 0
DWIDTH 9 0
BBX 9 15 0 -3
BITMAP
0000
0000
0000
0000
0000
3E00
2200
2200
2200
2200
6300
0000
0000
0000
0000
ENDCHAR
STARTCHAR uni238E
ENCODING 9102
SWIDTH 576 0
DWIDTH 9 0
BBX 9 15 0 -3
BITMAP
0000
0000
0000
0000
0000
1F00
1400
1400
1400
1400
7C00
0000
0000
0000
0000
ENDCHAR
STARTCHAR uni238F
ENCODING 9103
SWIDTH 576 0
DWIDTH 9 0
BBX 9 15 0 -3
BITMAP
0000
0000
0000
7F00
0800
1400
2200
4100
2200
1400
0800
0000
0000
0000
0000
ENDCHAR
STARTCHAR uni2390
ENCODING 9104
SWIDTH 576 0
DWIDTH 9 0
BBX 9 15 0 -3
BITMAP
0000
0000
0000
0000
0800
1400
2200
4100
2200
1400
0800
7F00
0000
0000
0000
ENDCHAR
STARTCHAR uni2391
ENCODING 9105
SWIDTH 576 0
DWIDTH 9 0
BBX 9 15 0 -3
BITMAP
0000
0000
0000
7F00
0800
1400
2200
7F00
2200
1400
0800
0000
0000
0000
0000
ENDCHAR
STARTCHAR uni2392
ENCODING 9106
SWIDTH 576 0
DWIDTH 9 0
BBX 9 15 0 -3
BITMAP
0000
0000
0000
0000
0800
1400
2200
7F00
2200
1400
0800
7F00
0000
0000
0000
ENDCHAR
STARTCHAR uni2393
ENCODING 9107
SWIDTH 576 0
DWIDTH 9 0
BBX 9 15 0 -3
BITMAP
0000
0000
0000
0000
0000
0000
FF00
0000
DB00
0000
0000
0000
0000
0000
0000
ENDCHAR
STARTCHAR uni2394
ENCODING 9108
SWIDTH 576 0
DWIDTH 9 0
BBX 9 15 0 -3
BITMAP
0000
0000
0000
0000
0000
3C00
4200
8100
4200
3C00
0000
0000
0000
0000
0000
ENDCHAR
STARTCHAR uni2395
ENCODING 9109
SWIDTH 576 0
DWIDTH 9 0
BBX 9 15 0 -3
BITMAP
0000
0000
7F00
4100
4100
4100
4100
4100
4100
4100
4100
7F00
0000
0000
0000
ENDCHAR
STARTCHAR uni2396
ENCODING 9110
SWIDTH 576 0
DWIDTH 9 0
BBX 9 15 0 -3
BITMAP
0000
0000
3E00
3E00
3C00
3C00
3800
3800
3000
3000
2000
2000
0000
0000
0000
ENDCHAR
STARTCHAR uni2397
ENCODING 9111
SWIDTH 576 0
DWIDTH 9 0
BBX 9 15 0 -3
BITMAP
0000
0000
5400
0000
5F80
1080
5480
0880
5E80
0880
5480
1080
1F80
0000
0000
ENDCHAR
STARTCHAR uni2398
ENCODING 9112
SWIDTH 576 0
DWIDTH 9 0
BBX 9 15 0 -3
BITMAP
0000
0000
7C00
4400
5500
4000
4900
4400
5E00
4400
6900
0000
1500
0000
0000
ENDCHAR
STARTCHAR uni2399
ENCODING 9113
SWIDTH 576 0
DWIDTH 9 0
BBX 9 15 0 -3
BITMAP
0000
0E00
1A00
3A00
2200
6300
A280
A280
BE80
8080
8080
7F00
0000
0000
0000
ENDCHAR
STARTCHAR uni239A
ENCODING 9114
SWIDTH 576 0
DWIDTH 9 0
BBX 9 15 0 -3
BITMAP
0000
0000
0000
0000
7E00
8100
A500
8900
9100
A500
8100
7E00
0000
0000
0000
ENDCHAR
STARTCHAR uni239B
ENCODING 9115
SWIDTH 576 0
DWIDTH 9 0
BBX 9 15 0 -3
BITMAP
0000
0400
0800
0800
1000
1000
1000
1000
1000
1000
1000
1000
1000
1000
1000
ENDCHAR
STARTCHAR uni239C
ENCODING 9116
SWIDTH 576 0
DWIDTH 9 0
BBX 9 15 0 -3
BITMAP
1000
1000
1000
1000
1000
1000
1000
1000
1000
1000
1000
1000
1000
1000
1000
ENDCHAR
STARTCHAR uni239D
ENCODING 9117
SWIDTH 576 0
DWIDTH 9 0
BBX 9 15 0 -3
BITMAP
1000
1000
1000
1000
1000
1000
1000
1000
1000
1000
0800
0800
0400
0000
0000
ENDCHAR
STARTCHAR uni239E
ENCODING 9118
SWIDTH 576 0
DWIDTH 9 0
BBX 9 15 0 -3
BITMAP
0000
1000
0800
0800
0400
0400
0400
0400
0400
0400
0400
0400
0400
0400
0400
ENDCHAR
STARTCHAR uni239F
ENCODING 9119
SWIDTH 576 0
DWIDTH 9 0
BBX 9 15 0 -3
BITMAP
0400
0400
0400
0400
0400
0400
0400
0400
0400
0400
0400
0400
0400
0400
0400
ENDCHAR
STARTCHAR uni23A0
ENCODING 9120
SWIDTH 576 0
DWIDTH 9 0
BBX 9 15 0 -3
BITMAP
0400
0400
0400
0400
0400
0400
0400
0400
0400
0400
0800
0800
1000
0000
0000
ENDCHAR
STARTCHAR uni23A1
ENCODING 9121
SWIDTH 576 0
DWIDTH 9 0
BBX 9 15 0 -3
BITMAP
0000
1E00
1000
1000
1000
1000
1000
1000
1000
1000
1000
1000
1000
1000
1000
ENDCHAR
STARTCHAR uni23A2
ENCODING 9122
SWIDTH 576 0
DWIDTH 9 0
BBX 9 15 0 -3
BITMAP
1000
1000
1000
1000
1000
1000
1000
1000
1000
1000
1000
1000
1000
1000
1000
ENDCHAR
STARTCHAR uni23A3
ENCODING 9123
SWIDTH 576 0
DWIDTH 9 0
BBX 9 15 0 -3
BITMAP
1000
1000
1000
1000
1000
1000
1000
1000
1000
1000
1000
1000
1E00
0000
0000
ENDCHAR
STARTCHAR uni23A4
ENCODING 9124
SWIDTH 576 0
DWIDTH 9 0
BBX 9 15 0 -3
BITMAP
0000
3C00
0400
0400
0400
0400
0400
0400
0400
0400
0400
0400
0400
0400
0400
ENDCHAR
STARTCHAR uni23A5
ENCODING 9125
SWIDTH 576 0
DWIDTH 9 0
BBX 9 15 0 -3
BITMAP
0400
0400
0400
0400
0400
0400
0400
0400
0400
0400
0400
0400
0400
0400
0400
ENDCHAR
STARTCHAR uni23A6
ENCODING 9126
SWIDTH 576 0
DWIDTH 9 0
BBX 9 15 0 -3
BITMAP
0400
0400
0400
0400
0400
0400
0400
0400
0400
0400
0400
0400
3C00
0000
0000
ENDCHAR
STARTCHAR uni23A7
ENCODING 9127
SWIDTH 576 0
DWIDTH 9 0
BBX 9 15 0 -3
BITMAP
0000
0700
0800
0800
0800
0800
0800
0800
0800
0800
0800
0800
0800
0800
0800
ENDCHAR
STARTCHAR uni23A8
ENCODING 9128
SWIDTH 576 0
DWIDTH 9 0
BBX 9 15 0 -3
BITMAP
0800
0800
0800
0800
0800
0800
3000
3000
0800
0800
0800
0800
0800
0800
0800
ENDCHAR
STARTCHAR uni23A9
ENCODING 9129
SWIDTH 576 0
DWIDTH 9 0
BBX 9 15 0 -3
BITMAP
0800
0800
0800
0800
0800
0800
0800
0800
0800
0800
0800
0800
0700
0000
0000
ENDCHAR
STARTCHAR uni23AA
ENCODING 9130
SWIDTH 576 0
DWIDTH 9 0
BBX 9 15 0 -3
BITMAP
0800
0800
0800
0800
0800
0800
0800
0800
0800
0800
0800
0800
0800
0800
0800
ENDCHAR
STARTCHAR uni23AB
ENCODING 9131
SWIDTH 576 0
DWIDTH 9 0
BBX 9 15 0 -3
BITMAP
0000
7000
0800
0800
0800
0800
0800
0800
0800
0800
0800
0800
0800
0800
0800
ENDCHAR
STARTCHAR uni23AC
ENCODING 9132
SWIDTH 576 0
DWIDTH 9 0
BBX 9 15 0 -3
BITMAP
0800
0800
0800
0800
0800
0800
0600
0600
0800
0800
0800
0800
0800
0800
0800
ENDCHAR
STARTCHAR uni23AD
ENCODING 9133
SWIDTH 576 0
DWIDTH 9 0
BBX 9 15 0 -3
BITMAP
0800
0800
0800
0800
0800
0800
0800
0800
0800
0800
0800
0800
7000
0000
0000
ENDCHAR
STARTCHAR uni23AE
ENCODING 9134
SWIDTH 576 0
DWIDTH 9 0
BBX 9 15 0 -3
BITMAP
0800
0800
0800
0800
0800
0800
0800
0800
0800
0800
0800
0800
0800
0800
0800
ENDCHAR
STARTCHAR uni23AF
ENCODING 9135
SWIDTH 576 0
DWIDTH 9 0
BBX 9 15 0 -3
BITMAP
0000
0000
0000
0000
0000
0000
0000
FF80
0000
0000
0000
0000
0000
0000
0000
ENDCHAR
STARTCHAR uni23B0
ENCODING 9136
SWIDTH 576 0
DWIDTH 9 0
BBX 9 15 0 -3
BITMAP
0600
0800
0800
0800
0800
0800
0800
0800
0800
0800
0800
0800
0800
0800
3000
ENDCHAR
STARTCHAR uni23B1
ENCODING 9137
SWIDTH 576 0
DWIDTH 9 0
BBX 9 15 0 -3
BITMAP
3000
0800
0800
0800
0800
0800
0800
0800
0800
0800
0800
0800
0800
0800
0600
ENDCHAR
STARTCHAR uni23B2
ENCODING 9138
SWIDTH 576 0
DWIDTH 9 0
BBX 9 15 0 -3
BITMAP
0000
0000
FF00
8000
8000
4000
4000
2000
2000
1000
1000
0800
0800
0400
0400
ENDCHAR
STARTCHAR uni23B3
ENCODING 9139
SWIDTH 576 0
DWIDTH 9 0
BBX 9 15 0 -3
BITMAP
0400
0800
0800
1000
1000
2000
2000
4000
4000
8000
8000
FF00
0000
0000
0000
ENDCHAR
STARTCHAR uni23B4
ENCODING 9140
SWIDTH 576 0
DWIDTH 9 0
BBX 9 15 0 -3
BITMAP
0000
0000
0000
7F00
4100
0000
0000
0000
0000
0000
0000
0000
0000
0000
0000
ENDCHAR
STARTCHAR uni23B5
ENCODING 9141
SWIDTH 576 0
DWIDTH 9 0
BBX 9 15 0 -3
BITMAP
0000
0000
0000
0000
0000
0000
0000
0000
0000
4100
7F00
0000
0000
0000
0000
ENDCHAR
STARTCHAR uni23B6
ENCODING 9142
SWIDTH 576 0
DWIDTH 9 0
BBX 9 15 0 -3
BITMAP
0000
0000
0000
0000
4100
7F00
0000
0000
7F00
4100
0000
0000
0000
0000
0000
ENDCHAR
STARTCHAR uni23B7
ENCODING 9143
SWIDTH 576 0
DWIDTH 9 0
BBX 9 15 0 -3
BITMAP
0800
0800
0800
0800
0800
0800
0800
C800
2800
2800
1800
1800
0800
0800
0000
ENDCHAR
STARTCHAR uni23B8
ENCODING 9144
SWIDTH 576 0
DWIDTH 9 0
BBX 9 15 0 -3
BITMAP
8000
8000
8000
8000
8000
8000
8000
8000
8000
8000
8000
8000
8000
8000
8000
ENDCHAR
STARTCHAR uni23B9
ENCODING 9145
SWIDTH 576 0
DWIDTH 9 0
BBX 9 15 0 -3
BITMAP
0080
0080
0080
0080
0080
0080
0080
0080
0080
0080
0080
0080
0080
0080
0080
ENDCHAR
STARTCHAR uni23BA
ENCODING 9146
SWIDTH 576 0
DWIDTH 9 0
BBX 9 15 0 -3
BITMAP
FF80
0000
0000
0000
0000
0000
0000
0000
0000
0000
0000
0000
0000
0000
0000
ENDCHAR
STARTCHAR uni23BB
ENCODING 9147
SWIDTH 576 0
DWIDTH 9 0
BBX 9 15 0 -3
BITMAP
0000
0000
0000
FF80
0000
0000
0000
0000
0000
0000
0000
0000
0000
0000
0000
ENDCHAR
STARTCHAR uni23BC
ENCODING 9148
SWIDTH 576 0
DWIDTH 9 0
BBX 9 15 0 -3
BITMAP
0000
0000
0000
0000
0000
0000
0000
0000
0000
0000
0000
FF80
0000
0000
0000
ENDCHAR
STARTCHAR uni23BD
ENCODING 9149
SWIDTH 576 0
DWIDTH 9 0
BBX 9 15 0 -3
BITMAP
0000
0000
0000
0000
0000
0000
0000
0000
0000
0000
0000
0000
0000
0000
FF80
ENDCHAR
STARTCHAR uni23BE
ENCODING 9150
SWIDTH 576 0
DWIDTH 9 0
BBX 9 15 0 -3
BITMAP
0000
0000
7F00
4000
4000
4000
4000
4000
4000
4000
4000
4000
0000
0000
0000
ENDCHAR
STARTCHAR uni23BF
ENCODING 9151
SWIDTH 576 0
DWIDTH 9 0
BBX 9 15 0 -3
BITMAP
0000
0000
4000
4000
4000
4000
4000
4000
4000
4000
4000
7F00
0000
0000
0000
ENDCHAR
STARTCHAR uni23C0
ENCODING 9152
SWIDTH 576 0
DWIDTH 9 0
BBX 9 15 0 -3
BITMAP
0000
0000
0800
0800
1C00
2A00
4900
4900
2A00
1C00
0800
0800
0000
0000
0000
ENDCHAR
STARTCHAR uni23C1
ENCODING 9153
SWIDTH 576 0
DWIDTH 9 0
BBX 9 15 0 -3
BITMAP
0000
0000
7F00
0800
1C00
2A00
4900
4900
2A00
1C00
0800
0800
0000
0000
0000
ENDCHAR
STARTCHAR uni23C2
ENCODING 9154
SWIDTH 576 0
DWIDTH 9 0
BBX 9 15 0 -3
BITMAP
0000
0000
0800
0800
1C00
2A00
4900
4900
2A00
1C00
0800
7F00
0000
0000
0000
ENDCHAR
STARTCHAR uni23C3
ENCODING 9155
SWIDTH 576 0
DWIDTH 9 0
BBX 9 15 0 -3
BITMAP
0000
0000
0800
0800
0800
1C00
2A00
2A00
4900
7F00
0800
0800
0000
0000
0000
ENDCHAR
STARTCHAR uni23C4
ENCODING 9156
SWIDTH 576 0
DWIDTH 9 0
BBX 9 15 0 -3
BITMAP
0000
0000
7F00
0800
0800
1C00
2A00
2A00
4900
7F00
0800
0800
0000
0000
0000
ENDCHAR
STARTCHAR uni23C5
ENCODING 9157
SWIDTH 576 0
DWIDTH 9 0
BBX 9 15 0 -3
BITMAP
0000
0000
0800
0800
0800
1C00
2A00
2A00
4900
7F00
0800
7F00
0000
0000
0000
ENDCHAR
STARTCHAR uni23C6
ENCODING 9158
SWIDTH 576 0
DWIDTH 9 0
BBX 9 15 0 -3
BITMAP
0000
0000
0800
0800
0800
2800
5900
4D00
0A00
0800
0800
0800
0000
0000
0000
ENDCHAR
STARTCHAR uni23C7
ENCODING 9159
SWIDTH 576 0
DWIDTH 9 0
BBX 9 15 0 -3
BITMAP
0000
0000
7F00
0800
0800
2800
5900
4D00
0A00
0800
0800
0800
0000
0000
0000
ENDCHAR
STARTCHAR uni23C8
ENCODING 9160
SWIDTH 576 0
DWIDTH 9 0
BBX 9 15 0 -3
BITMAP
0000
0000
0800
0800
0800
2800
5900
4D00
0A00
0800
0800
7F00
0000
0000
0000
ENDCHAR
STARTCHAR uni23C9
ENCODING 9161
SWIDTH 576 0
DWIDTH 9 0
BBX 9 15 0 -3
BITMAP
0000
0000
7F00
0800
0800
0800
0800
0800
0800
0800
0800
0800
0000
0000
0000
ENDCHAR
STARTCHAR uni23CA
ENCODING 9162
SWIDTH 576 0
DWIDTH 9 0
BBX 9 15 0 -3
BITMAP
0000
0000
0800
0800
0800
0800
0800
0800
0800
0800
0800
7F00
0000
0000
0000
ENDCHAR
STARTCHAR uni23CB
ENCODING 9163
SWIDTH 576 0
DWIDTH 9 0
BBX 9 15 0 -3
BITMAP
0000
0000
7F00
0100
0100
0100
0100
0100
0100
0100
0100
0100
0000
0000
0000
ENDCHAR
STARTCHAR uni23CC
ENCODING 9164
SWIDTH 576 0
DWIDTH 9 0
BBX 9 15 0 -3
BITMAP
0000
0000
7F00
4000
4000
4000
4000
4000
4000
4000
4000
4000
0000
0000
0000
ENDCHAR
STARTCHAR uni23CD
ENCODING 9165
SWIDTH 576 0
DWIDTH 9 0
BBX 9 15 0 -3
BITMAP
0000
0000
0800
6B00
4900
4100
4100
4100
4100
4100
4100
7F00
0000
0000
0000
ENDCHAR
STARTCHAR uni23CE
ENCODING 9166
SWIDTH 576 0
DWIDTH 9 0
BBX 9 15 0 -3
BITMAP
0000
0000
0700
0500
0500
0500
1500
3500
5D00
8100
5E00
3000
1000
0000
0000
ENDCHAR
STARTCHAR uni2400
ENCODING 9216
SWIDTH 576 0
DWIDTH 9 0
BBX 9 15 0 -3
BITMAP
0000
0000
C000
A000
A000
B400
B400
1600
1600
0A00
0200
0380
0000
0000
0000
ENDCHAR
STARTCHAR uni2401
ENCODING 9217
SWIDTH 576 0
DWIDTH 9 0
BBX 9 15 0 -3
BITMAP
0000
6000
8000
4000
2800
D400
1400
1680
0A80
0380
0280
0280
0000
0000
0000
ENDCHAR
STARTCHAR uni2402
ENCODING 9218
SWIDTH 576 0
DWIDTH 9 0
BBX 9 15 0 -3
BITMAP
0000
6000
8000
4000
3C00
C800
0800
0A80
0A80
0100
0280
0280
0000
0000
0000
ENDCHAR
STARTCHAR uni2403
ENCODING 9219
SWIDTH 576 0
DWIDTH 9 0
BBX 9 15 0 -3
BITMAP
0000
E000
8000
E000
9C00
E800
0800
0A80
0A80
0100
0280
0280
0000
0000
0000
ENDCHAR
STARTCHAR uni2404
ENCODING 9220
SWIDTH 576 0
DWIDTH 9 0
BBX 9 15 0 -3
BITMAP
0000
E000
8000
E000
8800
F400
1400
1780
0900
0100
0100
0100
0000
0000
0000
ENDCHAR
STARTCHAR uni2405
ENCODING 9221
SWIDTH 576 0
DWIDTH 9 0
BBX 9 15 0 -3
BITMAP
0000
E000
8000
C000
9800
F400
1400
1500
1680
0280
0280
0180
0000
0000
0000
ENDCHAR
STARTCHAR uni2406
ENCODING 9222
SWIDTH 576 0
DWIDTH 9 0
BBX 9 15 0 -3
BITMAP
0000
4000
A000
E000
AC00
B000
1000
1280
0E80
0300
0280
0280
0000
0000
0000
ENDCHAR
STARTCHAR uni2407
ENCODING 9223
SWIDTH 576 0
DWIDTH 9 0
BBX 9 15 0 -3
BITMAP
0000
C000
A000
C000
BC00
D000
1800
1200
1E00
0200
0200
0380
0000
0000
0000
ENDCHAR
STARTCHAR uni2408
ENCODING 9224
SWIDTH 576 0
DWIDTH 9 0
BBX 9 15 0 -3
BITMAP
0000
0000
7000
4800
7000
4800
7000
0700
0800
0600
0100
0E00
0000
0000
0000
ENDCHAR
STARTCHAR uni2409
ENCODING 9225
SWIDTH 576 0
DWIDTH 9 0
BBX 9 15 0 -3
BITMAP
0000
4800
4800
7800
4800
4800
0000
1F00
0400
0400
0400
0400
0000
0000
0000
ENDCHAR
STARTCHAR uni240A
ENCODING 9226
SWIDTH 576 0
DWIDTH 9 0
BBX 9 15 0 -3
BITMAP
0000
4000
4000
4000
4000
7800
0000
0F00
0800
0E00
0800
0800
0000
0000
0000
ENDCHAR
STARTCHAR uni240B
ENCODING 9227
SWIDTH 576 0
DWIDTH 9 0
BBX 9 15 0 -3
BITMAP
0000
4400
4400
2800
2800
1000
0000
1F00
0400
0400
0400
0400
0000
0000
0000
ENDCHAR
STARTCHAR uni240C
ENCODING 9228
SWIDTH 576 0
DWIDTH 9 0
BBX 9 15 0 -3
BITMAP
0000
0000
7800
4000
7000
4000
4F00
4800
0E00
0800
0800
0800
0000
0000
0000
ENDCHAR
STARTCHAR uni240D
ENCODING 9229
SWIDTH 576 0
DWIDTH 9 0
BBX 9 15 0 -3
BITMAP
0000
3800
4000
4000
4000
3800
0000
0E00
0900
0E00
0900
0900
0000
0000
0000
ENDCHAR
STARTCHAR uni240E
ENCODING 9230
SWIDTH 576 0
DWIDTH 9 0
BBX 9 15 0 -3
BITMAP
0000
0000
3800
4000
3000
0800
7000
0600
0900
0900
0900
0600
0000
0000
0000
ENDCHAR
STARTCHAR uni240F
ENCODING 9231
SWIDTH 576 0
DWIDTH 9 0
BBX 9 15 0 -3
BITMAP
0000
0000
3800
4000
3000
0800
7000
0700
0200
0200
0200
0700
0000
0000
0000
ENDCHAR
STARTCHAR uni2410
ENCODING 9232
SWIDTH 576 0
DWIDTH 9 0
BBX 9 15 0 -3
BITMAP
0000
C000
A000
A000
B000
D000
1000
1380
1E00
0300
0200
0380
0000
0000
0000
ENDCHAR
STARTCHAR uni2411
ENCODING 9233
SWIDTH 576 0
DWIDTH 9 0
BBX 9 15 0 -3
BITMAP
0000
C000
A000
A000
AC00
D000
1000
1080
0D80
0080
0080
0080
0000
0000
0000
ENDCHAR
STARTCHAR uni2412
ENCODING 9234
SWIDTH 576 0
DWIDTH 9 0
BBX 9 15 0 -3
BITMAP
0000
C000
A000
A000
AC00
D000
1100
1280
0C80
0100
0200
0380
0000
0000
0000
ENDCHAR
STARTCHAR uni2413
ENCODING 9235
SWIDTH 576 0
DWIDTH 9 0
BBX 9 15 0 -3
BITMAP
0000
C000
A000
A000
AC00
D000
1000
1300
0C80
0100
0080
0300
0000
0000
0000
ENDCHAR
STARTCHAR uni2414
ENCODING 9236
SWIDTH 576 0
DWIDTH 9 0
BBX 9 15 0 -3
BITMAP
0000
C000
A000
A000
AC00
D000
1000
1280
0E80
0380
0080
0080
0000
0000
0000
ENDCHAR
STARTCHAR uni2415
ENCODING 9237
SWIDTH 576 0
DWIDTH 9 0
BBX 9 15 0 -3
BITMAP
0000
C000
A000
A000
A800
B400
1C00
1680
1680
0300
0280
0280
0000
0000
0000
ENDCHAR
STARTCHAR uni2416
ENCODING 9238
SWIDTH 576 0
DWIDTH 9 0
BBX 9 15 0 -3
BITMAP
0000
6000
8000
4000
3400
D400
0800
0B00
0A80
0280
0280
0280
0000
0000
0000
ENDCHAR
STARTCHAR uni2417
ENCODING 9239
SWIDTH 576 0
DWIDTH 9 0
BBX 9 15 0 -3
BITMAP
0000
E000
8000
C000
9C00
E800
0800
0B00
0A80
0300
0280
0300
0000
0000
0000
ENDCHAR
STARTCHAR uni2418
ENCODING 9240
SWIDTH 576 0
DWIDTH 9 0
BBX 9 15 0 -3
BITMAP
0000
6000
8000
8000
8800
7400
1C00
1700
1680
0280
0280
0280
0000
0000
0000
ENDCHAR
STARTCHAR uni2419
ENCODING 9241
SWIDTH 576 0
DWIDTH 9 0
BBX 9 15 0 -3
BITMAP
0000
7800
4000
7000
4000
7800
0000
1100
1B00
1500
1100
1100
0000
0000
0000
ENDCHAR
STARTCHAR uni241A
ENCODING 9242
SWIDTH 576 0
DWIDTH 9 0
BBX 9 15 0 -3
BITMAP
0000
6000
8000
4000
3400
D400
1400
1700
0A80
0300
0280
0300
0000
0000
0000
ENDCHAR
STARTCHAR uni241B
ENCODING 9243
SWIDTH 576 0
DWIDTH 9 0
BBX 9 15 0 -3
BITMAP
0000
E000
8000
E000
8C00
F000
0800
0580
1A00
0200
0200
0180
0000
0000
0000
ENDCHAR
STARTCHAR uni241C
ENCODING 9244
SWIDTH 576 0
DWIDTH 9 0
BBX 9 15 0 -3
BITMAP
0000
0000
7800
4000
7000
4000
4000
4700
0800
0600
0100
0E00
0000
0000
0000
ENDCHAR
STARTCHAR uni241D
ENCODING 9245
SWIDTH 576 0
DWIDTH 9 0
BBX 9 15 0 -3
BITMAP
0000
3000
4800
4000
5800
4800
3000
0700
0800
0600
0100
0E00
0000
0000
0000
ENDCHAR
STARTCHAR uni241E
ENCODING 9246
SWIDTH 576 0
DWIDTH 9 0
BBX 9 15 0 -3
BITMAP
0000
7000
4800
4800
7000
4800
4800
0700
0800
0600
0100
0E00
0000
0000
0000
ENDCHAR
STARTCHAR uni241F
ENCODING 9247
SWIDTH 576 0
DWIDTH 9 0
BBX 9 15 0 -3
BITMAP
0000
4800
4800
4800
4800
4800
3000
0700
0800
0600
0100
0E00
0000
0000
0000
ENDCHAR
STARTCHAR uni2420
ENCODING 9248
SWIDTH 576 0
DWIDTH 9 0
BBX 9 15 0 -3
BITMAP
0000
3800
4000
3000
0800
7000
0E00
0900
0900
0E00
0800
0800
0000
0000
0000
ENDCHAR
STARTCHAR uni2421
ENCODING 9249
SWIDTH 576 0
DWIDTH 9 0
BBX 9 15 0 -3
BITMAP
0000
C000
A000
A000
BC00
D000
1800
1200
1E00
0200
0200
0380
0000
0000
0000
ENDCHAR
STARTCHAR uni2422
ENCODING 9250
SWIDTH 576 0
DWIDTH 9 0
BBX 9 15 0 -3
BITMAP
0000
0000
0000
2800
3000
2000
6E00
B100
2100
2100
3100
2E00
0000
0000
0000
ENDCHAR
STARTCHAR uni2423
ENCODING 9251
SWIDTH 576 0
DWIDTH 9 0
BBX 9 15 0 -3
BITMAP
0000
0000
0000
0000
0000
0000
0000
0000
0000
0000
4100
7F00
0000
0000
0000
ENDCHAR
STARTCHAR uni2424
ENCODING 9252
SWIDTH 576 0
DWIDTH 9 0
BBX 9 15 0 -3
BITMAP
0000
4400
6400
5400
4C00
4400
0000
0800
0800
0800
0800
0F00
0000
0000
0000
ENDCHAR
STARTCHAR uni2425
ENCODING 9253
SWIDTH 576 0
DWIDTH 9 0
BBX 9 15 0 -3
BITMAP
0000
0000
1200
1200
2400
2400
0800
0800
1200
1200
2400
2400
0000
0000
0000
ENDCHAR
STARTCHAR uni2426
ENCODING 9254
SWIDTH 576 0
DWIDTH 9 0
BBX 9 15 0 -3
BITMAP
0000
0000
3E00
4100
4100
4000
2000
1000
0800
0800
0000
0800
0000
0000
0000
ENDCHAR
STARTCHAR uni2440
ENCODING 9280
SWIDTH 576 0
DWIDTH 9 0
BBX 9 15 0 -3
BITMAP
0000
0F00
0900
0900
0900
0900
4900
4800
4800
4800
4800
7800
0000
0000
0000
ENDCHAR
STARTCHAR uni2441
ENCODING 9281
SWIDTH 576 0
DWIDTH 9 0
BBX 9 15 0 -3
BITMAP
0000
0100
0100
0100
0100
0100
7F00
4100
4100
4100
4100
4100
0000
0000
0000
ENDCHAR
STARTCHAR uni2442
ENCODING 9282
SWIDTH 576 0
DWIDTH 9 0
BBX 9 15 0 -3
BITMAP
0000
4100
4100
4100
4100
4100
7F00
0800
0800
0800
0800
0800
0000
0000
0000
ENDCHAR
STARTCHAR uni2443
ENCODING 9283
SWIDTH 576 0
DWIDTH 9 0
BBX 9 15 0 -3
BITMAP
0000
0800
0800
0800
0800
0800
7F00
4100
4100
4100
4100
4100
0000
0000
0000
ENDCHAR
STARTCHAR uni2444
ENCODING 9284
SWIDTH 576 0
DWIDTH 9 0
BBX 9 15 0 -3
BITMAP
0000
7F00
4900
4900
0800
0800
0800
0800
0800
4900
4900
7F00
0000
0000
0000
ENDCHAR
STARTCHAR uni2445
ENCODING 9285
SWIDTH 576 0
DWIDTH 9 0
BBX 9 15 0 -3
BITMAP
0000
0000
4100
6300
5500
4900
5500
6300
4100
0000
0000
0000
0000
0000
0000
ENDCHAR
STARTCHAR uni2446
ENCODING 9286
SWIDTH 576 0
DWIDTH 9 0
BBX 9 15 0 -3
BITMAP
0000
0000
0000
0700
6700
6700
6000
6000
6700
6700
0700
0000
0000
0000
0000
ENDCHAR
STARTCHAR uni2447
ENCODING 9287
SWIDTH 576 0
DWIDTH 9 0
BBX 9 15 0 -3
BITMAP
0000
0000
0000
0300
0300
0B00
0B00
6B00
6800
6000
6000
0000
0000
0000
0000
ENDCHAR
STARTCHAR uni2448
ENCODING 9288
SWIDTH 576 0
DWIDTH 9 0
BBX 9 15 0 -3
BITMAP
0000
0000
0000
0780
0780
5780
5780
5780
5780
5000
5000
0000
0000
0000
0000
ENDCHAR
STARTCHAR uni2449
ENCODING 9289
SWIDTH 576 0
DWIDTH 9 0
BBX 9 15 0 -3
BITMAP
0000
0000
0000
0000
0000
0000
6D00
6D00
6D00
6D00
6D00
0000
0000
0000
0000
ENDCHAR
STARTCHAR uni244A
ENCODING 9290
SWIDTH 576 0
DWIDTH 9 0
BBX 9 15 0 -3
BITMAP
0000
0000
0000
4800
4800
2400
2400
1200
1200
0900
0900
0000
0000
0000
0000
ENDCHAR
STARTCHAR uni2460
ENCODING 9312
SWIDTH 576 0
DWIDTH 9 0
BBX 9 15 0 -3
BITMAP
0000
3E00
4100
8880
9880
8880
8880
8880
8880
9C80
4100
3E00
0000
0000
0000
ENDCHAR
STARTCHAR uni2461
ENCODING 9313
SWIDTH 576 0
DWIDTH 9 0
BBX 9 15 0 -3
BITMAP
0000
3E00
4100
9C80
A280
8280
8480
8880
9080
BE80
4100
3E00
0000
0000
0000
ENDCHAR
STARTCHAR uni2462
ENCODING 9314
SWIDTH 576 0
DWIDTH 9 0
BBX 9 15 0 -3
BITMAP
0000
3E00
4100
9C80
A280
8280
8C80
8280
A280
9C80
4100
3E00
0000
0000
0000
ENDCHAR
STARTCHAR uni2463
ENCODING 9315
SWIDTH 576 0
DWIDTH 9 0
BBX 9 15 0 -3
BITMAP
0000
3E00
4100
8880
9880
A880
BC80
8880
8880
8880
4100
3E00
0000
0000
0000
ENDCHAR
STARTCHAR uni2464
ENCODING 9316
SWIDTH 576 0
DWIDTH 9 0
BBX 9 15 0 -3
BITMAP
0000
3E00
4100
BE80
A080
A080
BC80
8280
8280
BC80
4100
3E00
0000
0000
0000
ENDCHAR
STARTCHAR uni2465
ENCODING 9317
SWIDTH 576 0
DWIDTH 9 0
BBX 9 15 0 -3
BITMAP
0000
3E00
4100
9C80
A080
A080
BC80
A280
A280
9C80
4100
3E00
0000
0000
0000
ENDCHAR
STARTCHAR uni2466
ENCODING 9318
SWIDTH 576 0
DWIDTH 9 0
BBX 9 15 0 -3
BITMAP
0000
3E00
4100
BE80
8280
8480
8480
8880
8880
8880
4100
3E00
0000
0000
0000
ENDCHAR
STARTCHAR uni2467
ENCODING 9319
SWIDTH 576 0
DWIDTH 9 0
BBX 9 15 0 -3
BITMAP
0000
3E00
4100
9C80
A280
A280
9C80
A280
A280
9C80
4100
3E00
0000
0000
0000
ENDCHAR
STARTCHAR uni2468
ENCODING 9320
SWIDTH 576 0
DWIDTH 9 0
BBX 9 15 0 -3
BITMAP
0000
3E00
4100
9C80
A280
A280
9E80
8280
8280
9C80
4100
3E00
0000
0000
0000
ENDCHAR
STARTCHAR uni2469
ENCODING 9321
SWIDTH 576 0
DWIDTH 9 0
BBX 9 15 0 -3
BITMAP
0000
3E00
4100
A480
AA80
AA80
AA80
AA80
AA80
A480
4100
3E00
0000
0000
0000
ENDCHAR
STARTCHAR uni246A
ENCODING 9322
SWIDTH 576 0
DWIDTH 9 0
BBX 9 15 0 -3
BITMAP
0000
3E00
4100
9480
9480
9480
9480
9480
9480
9480
4100
3E00
0000
0000
0000
ENDCHAR
STARTCHAR uni246B
ENCODING 9323
SWIDTH 576 0
DWIDTH 9 0
BBX 9 15 0 -3
BITMAP
0000
3E00
4100
AC80
A280
A280
A480
A880
A880
AE80
4100
3E00
0000
0000
0000
ENDCHAR
STARTCHAR uni246C
ENCODING 9324
SWIDTH 576 0
DWIDTH 9 0
BBX 9 15 0 -3
BITMAP
0000
3E00
4100
AC80
A280
A280
A480
A280
A280
AC80
4100
3E00
0000
0000
0000
ENDCHAR
STARTCHAR uni246D
ENCODING 9325
SWIDTH 576 0
DWIDTH 9 0
BBX 9 15 0 -3
BITMAP
0000
3E00
4100
A880
A880
AA80
AE80
A280
A280
A280
4100
3E00
0000
0000
0000
ENDCHAR
STARTCHAR uni246E
ENCODING 9326
SWIDTH 576 0
DWIDTH 9 0
BBX 9 15 0 -3
BITMAP
0000
3E00
4100
AE80
A880
A880
AC80
A280
A280
AC80
4100
3E00
0000
0000
0000
ENDCHAR
STARTCHAR uni246F
ENCODING 9327
SWIDTH 576 0
DWIDTH 9 0
BBX 9 15 0 -3
BITMAP
0000
3E00
4100
A680
A880
A880
AC80
AA80
AA80
A480
4100
3E00
0000
0000
0000
ENDCHAR
STARTCHAR uni2470
ENCODING 9328
SWIDTH 576 0
DWIDTH 9 0
BBX 9 15 0 -3
BITMAP
0000
3E00
4100
AE80
A280
A280
A280
A480
A480
A480
4100
3E00
0000
0000
0000
ENDCHAR
STARTCHAR uni2471
ENCODING 9329
SWIDTH 576 0
DWIDTH 9 0
BBX 9 15 0 -3
BITMAP
0000
3E00
4100
A480
AA80
AA80
A480
AA80
AA80
A480
4100
3E00
0000
0000
0000
ENDCHAR
STARTCHAR uni2472
ENCODING 9330
SWIDTH 576 0
DWIDTH 9 0
BBX 9 15 0 -3
BITMAP
0000
3E00
4100
A480
AA80
AA80
A680
A280
A280
AC80
4100
3E00
0000
0000
0000
ENDCHAR
STARTCHAR uni2473
ENCODING 9331
SWIDTH 576 0
DWIDTH 9 0
BBX 9 15 0 -3
BITMAP
0000
3E00
4100
A480
9A80
9A80
9A80
AA80
AA80
B480
4100
3E00
0000
0000
0000
ENDCHAR
STARTCHAR uni2474
ENCODING 9332
SWIDTH 576 0
DWIDTH 9 0
BBX 9 15 0 -3
BITMAP
0000
0000
0000
4100
8880
9880
8880
8880
8880
8880
9C80
4100
0000
0000
0000
ENDCHAR
STARTCHAR uni2475
ENCODING 9333
SWIDTH 576 0
DWIDTH 9 0
BBX 9 15 0 -3
BITMAP
0000
0000
0000
4100
9C80
A280
8280
8480
8880
9080
BE80
4100
0000
0000
0000
ENDCHAR
STARTCHAR uni2476
ENCODING 9334
SWIDTH 576 0
DWIDTH 9 0
BBX 9 15 0 -3
BITMAP
0000
0000
0000
4100
9C80
A280
8280
8C80
8280
A280
9C80
4100
0000
0000
0000
ENDCHAR
STARTCHAR uni2477
ENCODING 9335
SWIDTH 576 0
DWIDTH 9 0
BBX 9 15 0 -3
BITMAP
0000
0000
0000
4100
8880
9880
A880
BC80
8880
8880
8880
4100
0000
0000
0000
ENDCHAR
STARTCHAR uni2478
ENCODING 9336
SWIDTH 576 0
DWIDTH 9 0
BBX 9 15 0 -3
BITMAP
0000
0000
0000
4100
BE80
A080
A080
BC80
8280
8280
BC80
4100
0000
0000
0000
ENDCHAR
STARTCHAR uni2479
ENCODING 9337
SWIDTH 576 0
DWIDTH 9 0
BBX 9 15 0 -3
BITMAP
0000
0000
0000
4100
9C80
A080
A080
BC80
A280
A280
9C80
4100
0000
0000
0000
ENDCHAR
STARTCHAR uni247A
ENCODING 9338
SWIDTH 576 0
DWIDTH 9 0
BBX 9 15 0 -3
BITMAP
0000
0000
0000
4100
BE80
8280
8480
8480
8880
8880
8880
4100
0000
0000
0000
ENDCHAR
STARTCHAR uni247B
ENCODING 9339
SWIDTH 576 0
DWIDTH 9 0
BBX 9 15 0 -3
BITMAP
0000
0000
0000
4100
9C80
A280
A280
9C80
A280
A280
9C80
4100
0000
0000
0000
ENDCHAR
STARTCHAR uni247C
ENCODING 9340
SWIDTH 576 0
DWIDTH 9 0
BBX 9 15 0 -3
BITMAP
0000
0000
0000
4100
9C80
A280
A280
9E80
8280
8280
9C80
4100
0000
0000
0000
ENDCHAR
STARTCHAR uni247D
ENCODING 9341
SWIDTH 576 0
DWIDTH 9 0
BBX 9 15 0 -3
BITMAP
0000
0000
0000
4100
A480
AA80
AA80
AA80
AA80
AA80
A480
4100
0000
0000
0000
ENDCHAR
STARTCHAR uni247E
ENCODING 9342
SWIDTH 576 0
DWIDTH 9 0
BBX 9 15 0 -3
BITMAP
0000
0000
0000
4100
9480
9480
9480
9480
9480
9480
9480
4100
0000
0000
0000
ENDCHAR
STARTCHAR uni247F
ENCODING 9343
SWIDTH 576 0
DWIDTH 9 0
BBX 9 15 0 -3
BITMAP
0000
0000
0000
4100
AC80
A280
A280
A480
A880
A880
AE80
4100
0000
0000
0000
ENDCHAR
STARTCHAR uni2480
ENCODING 9344
SWIDTH 576 0
DWIDTH 9 0
BBX 9 15 0 -3
BITMAP
0000
0000
0000
4100
AC80
A280
A280
A480
A280
A280
AC80
4100
0000
0000
0000
ENDCHAR
STARTCHAR uni2481
ENCODING 9345
SWIDTH 576 0
DWIDTH 9 0
BBX 9 15 0 -3
BITMAP
0000
0000
0000
4100
A880
A880
AA80
AE80
A280
A280
A280
4100
0000
0000
0000
ENDCHAR
STARTCHAR uni2482
ENCODING 9346
SWIDTH 576 0
DWIDTH 9 0
BBX 9 15 0 -3
BITMAP
0000
0000
0000
4100
AE80
A880
A880
AC80
A280
A280
AC80
4100
0000
0000
0000
ENDCHAR
STARTCHAR uni2483
ENCODING 9347
SWIDTH 576 0
DWIDTH 9 0
BBX 9 15 0 -3
BITMAP
0000
0000
0000
4100
A680
A880
A880
AC80
AA80
AA80
A480
4100
0000
0000
0000
ENDCHAR
STARTCHAR uni2484
ENCODING 9348
SWIDTH 576 0
DWIDTH 9 0
BBX 9 15 0 -3
BITMAP
0000
0000
0000
4100
AE80
A280
A280
A280
A480
A480
A480
4100
0000
0000
0000
ENDCHAR
STARTCHAR uni2485
ENCODING 9349
SWIDTH 576 0
DWIDTH 9 0
BBX 9 15 0 -3
BITMAP
0000
0000
0000
4100
A480
AA80
AA80
A480
AA80
AA80
A480
4100
0000
0000
0000
ENDCHAR
STARTCHAR uni2486
ENCODING 9350
SWIDTH 576 0
DWIDTH 9 0
BBX 9 15 0 -3
BITMAP
0000
0000
0000
4100
A480
AA80
AA80
A680
A280
A280
AC80
4100
0000
0000
0000
ENDCHAR
STARTCHAR uni2487
ENCODING 9351
SWIDTH 576 0
DWIDTH 9 0
BBX 9 15 0 -3
BITMAP
0000
0000
0000
4100
A480
9A80
9A80
9A80
AA80
AA80
B480
4100
0000
0000
0000
ENDCHAR
STARTCHAR uni2488
ENCODING 9352
SWIDTH 576 0
DWIDTH 9 0
BBX 9 15 0 -3
BITMAP
0000
0000
0000
0000
1000
3000
1000
1000
1000
1300
3B00
0000
0000
0000
0000
ENDCHAR
STARTCHAR uni2489
ENCODING 9353
SWIDTH 576 0
DWIDTH 9 0
BBX 9 15 0 -3
BITMAP
0000
0000
0000
0000
7000
8800
0800
1000
2000
4300
FB00
0000
0000
0000
0000
ENDCHAR
STARTCHAR uni248A
ENCODING 9354
SWIDTH 576 0
DWIDTH 9 0
BBX 9 15 0 -3
BITMAP
0000
0000
0000
0000
7000
8800
0800
3000
0800
8B00
7300
0000
0000
0000
0000
ENDCHAR
STARTCHAR uni248B
ENCODING 9355
SWIDTH 576 0
DWIDTH 9 0
BBX 9 15 0 -3
BITMAP
0000
0000
0000
0000
0800
1800
2800
3C00
0800
0B00
0B00
0000
0000
0000
0000
ENDCHAR
STARTCHAR uni248C
ENCODING 9356
SWIDTH 576 0
DWIDTH 9 0
BBX 9 15 0 -3
BITMAP
0000
0000
0000
0000
F800
8000
8000
F000
0800
0B00
F300
0000
0000
0000
0000
ENDCHAR
STARTCHAR uni248D
ENCODING 9357
SWIDTH 576 0
DWIDTH 9 0
BBX 9 15 0 -3
BITMAP
0000
0000
0000
0000
7000
8000
8000
F000
8800
8B00
7300
0000
0000
0000
0000
ENDCHAR
STARTCHAR uni248E
ENCODING 9358
SWIDTH 576 0
DWIDTH 9 0
BBX 9 15 0 -3
BITMAP
0000
0000
0000
0000
3E00
0200
0400
0400
0800
0B00
0B00
0000
0000
0000
0000
ENDCHAR
STARTCHAR uni248F
ENCODING 9359
SWIDTH 576 0
DWIDTH 9 0
BBX 9 15 0 -3
BITMAP
0000
0000
0000
0000
7000
8800
8800
7000
8800
8B00
7300
0000
0000
0000
0000
ENDCHAR
STARTCHAR uni2490
ENCODING 9360
SWIDTH 576 0
DWIDTH 9 0
BBX 9 15 0 -3
BITMAP
0000
0000
0000
0000
7000
8800
8800
7800
0800
0B00
7300
0000
0000
0000
0000
ENDCHAR
STARTCHAR uni2491
ENCODING 9361
SWIDTH 576 0
DWIDTH 9 0
BBX 9 15 0 -3
BITMAP
0000
0000
0000
0000
9000
A800
A800
A800
A800
AB00
9300
0000
0000
0000
0000
ENDCHAR
STARTCHAR uni2492
ENCODING 9362
SWIDTH 576 0
DWIDTH 9 0
BBX 9 15 0 -3
BITMAP
0000
0000
0000
0000
2800
2800
2800
2800
2800
2B00
2B00
0000
0000
0000
0000
ENDCHAR
STARTCHAR uni2493
ENCODING 9363
SWIDTH 576 0
DWIDTH 9 0
BBX 9 15 0 -3
BITMAP
0000
0000
0000
0000
B000
8800
8800
9000
A000
A300
BB00
0000
0000
0000
0000
ENDCHAR
STARTCHAR uni2494
ENCODING 9364
SWIDTH 576 0
DWIDTH 9 0
BBX 9 15 0 -3
BITMAP
0000
0000
0000
0000
B000
8800
8800
9000
8800
8B00
B300
0000
0000
0000
0000
ENDCHAR
STARTCHAR uni2495
ENCODING 9365
SWIDTH 576 0
DWIDTH 9 0
BBX 9 15 0 -3
BITMAP
0000
0000
0000
0000
A000
A000
A800
B800
8800
8B00
8B00
0000
0000
0000
0000
ENDCHAR
STARTCHAR uni2496
ENCODING 9366
SWIDTH 576 0
DWIDTH 9 0
BBX 9 15 0 -3
BITMAP
0000
0000
0000
0000
B800
A000
A000
B000
8800
8B00
B300
0000
0000
0000
0000
ENDCHAR
STARTCHAR uni2497
ENCODING 9367
SWIDTH 576 0
DWIDTH 9 0
BBX 9 15 0 -3
BITMAP
0000
0000
0000
0000
9800
A000
A000
B000
A800
AB00
9300
0000
0000
0000
0000
ENDCHAR
STARTCHAR uni2498
ENCODING 9368
SWIDTH 576 0
DWIDTH 9 0
BBX 9 15 0 -3
BITMAP
0000
0000
0000
0000
5C00
4400
4400
4400
4800
4B00
4B00
0000
0000
0000
0000
ENDCHAR
STARTCHAR uni2499
ENCODING 9369
SWIDTH 576 0
DWIDTH 9 0
BBX 9 15 0 -3
BITMAP
0000
0000
0000
0000
9000
A800
A800
9000
A800
AB00
9300
0000
0000
0000
0000
ENDCHAR
STARTCHAR uni249A
ENCODING 9370
SWIDTH 576 0
DWIDTH 9 0
BBX 9 15 0 -3
BITMAP
0000
0000
0000
0000
9000
A800
A800
9800
8800
8B00
B300
0000
0000
0000
0000
ENDCHAR
STARTCHAR uni249B
ENCODING 9371
SWIDTH 576 0
DWIDTH 9 0
BBX 9 15 0 -3
BITMAP
0000
0000
0000
0000
9000
6800
6800
6800
A800
AB00
D300
0000
0000
0000
0000
ENDCHAR
STARTCHAR uni249C
ENCODING 9372
SWIDTH 576 0
DWIDTH 9 0
BBX 9 15 0 -3
BITMAP
0000
0000
0000
4100
8080
9C80
8280
9E80
A280
A280
9E80
4100
0000
0000
0000
ENDCHAR
STARTCHAR uni249D
ENCODING 9373
SWIDTH 576 0
DWIDTH 9 0
BBX 9 15 0 -3
BITMAP
0000
0000
0000
4100
A080
A080
BC80
A280
A280
A280
BC80
4100
0000
0000
0000
ENDCHAR
STARTCHAR uni249E
ENCODING 9374
SWIDTH 576 0
DWIDTH 9 0
BBX 9 15 0 -3
BITMAP
0000
0000
0000
4100
8080
8080
9E80
A080
A080
A080
9E80
4100
0000
0000
0000
ENDCHAR
STARTCHAR uni249F
ENCODING 9375
SWIDTH 576 0
DWIDTH 9 0
BBX 9 15 0 -3
BITMAP
0000
0000
0000
4100
8280
8280
9E80
A280
A280
A280
9E80
4100
0000
0000
0000
ENDCHAR
STARTCHAR uni24A0
ENCODING 9376
SWIDTH 576 0
DWIDTH 9 0
BBX 9 15 0 -3
BITMAP
0000
0000
0000
4100
8080
8080
9C80
A280
BE80
A080
9C80
4100
0000
0000
0000
ENDCHAR
STARTCHAR uni24A1
ENCODING 9377
SWIDTH 576 0
DWIDTH 9 0
BBX 9 15 0 -3
BITMAP
0000
0000
0000
4100
8480
8880
8880
9C80
8880
8880
8880
4100
0000
0000
0000
ENDCHAR
STARTCHAR uni24A2
ENCODING 9378
SWIDTH 576 0
DWIDTH 9 0
BBX 9 15 0 -3
BITMAP
0000
0000
0000
4100
8080
8080
9880
A480
A480
A480
9C80
4500
0400
1800
0000
ENDCHAR
STARTCHAR uni24A3
ENCODING 9379
SWIDTH 576 0
DWIDTH 9 0
BBX 9 15 0 -3
BITMAP
0000
0000
0000
4100
A080
A080
BC80
A280
A280
A280
A280
4100
0000
0000
0000
ENDCHAR
STARTCHAR uni24A4
ENCODING 9380
SWIDTH 576 0
DWIDTH 9 0
BBX 9 15 0 -3
BITMAP
0000
0000
0000
4100
8880
8080
8880
8880
8880
8880
8880
4100
0000
0000
0000
ENDCHAR
STARTCHAR uni24A5
ENCODING 9381
SWIDTH 576 0
DWIDTH 9 0
BBX 9 15 0 -3
BITMAP
0000
0000
0000
4100
8880
8080
8880
8880
8880
8880
A880
5100
0000
0000
0000
ENDCHAR
STARTCHAR uni24A6
ENCODING 9382
SWIDTH 576 0
DWIDTH 9 0
BBX 9 15 0 -3
BITMAP
0000
0000
0000
4100
9080
9080
9280
9480
9880
9480
9280
4100
0000
0000
0000
ENDCHAR
STARTCHAR uni24A7
ENCODING 9383
SWIDTH 576 0
DWIDTH 9 0
BBX 9 15 0 -3
BITMAP
0000
0000
0000
4100
9080
9080
9080
9080
9080
9080
8880
4100
0000
0000
0000
ENDCHAR
STARTCHAR uni24A8
ENCODING 9384
SWIDTH 576 0
DWIDTH 9 0
BBX 9 15 0 -3
BITMAP
0000
0000
0000
4100
8080
8080
B480
AA80
AA80
AA80
AA80
4100
0000
0000
0000
ENDCHAR
STARTCHAR uni24A9
ENCODING 9385
SWIDTH 576 0
DWIDTH 9 0
BBX 9 15 0 -3
BITMAP
0000
0000
0000
4100
8080
8080
9880
9480
9480
9480
9480
4100
0000
0000
0000
ENDCHAR
STARTCHAR uni24AA
ENCODING 9386
SWIDTH 576 0
DWIDTH 9 0
BBX 9 15 0 -3
BITMAP
0000
0000
0000
4100
8080
8080
8880
9480
9480
9480
8880
4100
0000
0000
0000
ENDCHAR
STARTCHAR uni24AB
ENCODING 9387
SWIDTH 576 0
DWIDTH 9 0
BBX 9 15 0 -3
BITMAP
0000
0000
0000
4100
8080
8080
9880
9480
9480
9480
9880
5100
1000
1000
0000
ENDCHAR
STARTCHAR uni24AC
ENCODING 9388
SWIDTH 576 0
DWIDTH 9 0
BBX 9 15 0 -3
BITMAP
0000
0000
0000
4100
8080
8080
8C80
9480
9480
9480
8C80
4500
0400
0400
0000
ENDCHAR
STARTCHAR uni24AD
ENCODING 9389
SWIDTH 576 0
DWIDTH 9 0
BBX 9 15 0 -3
BITMAP
0000
0000
0000
4100
8080
8080
9680
9880
9080
9080
9080
4100
0000
0000
0000
ENDCHAR
STARTCHAR uni24AE
ENCODING 9390
SWIDTH 576 0
DWIDTH 9 0
BBX 9 15 0 -3
BITMAP
0000
0000
0000
4100
8080
8080
9E80
A080
9C80
8280
BC80
4100
0000
0000
0000
ENDCHAR
STARTCHAR uni24AF
ENCODING 9391
SWIDTH 576 0
DWIDTH 9 0
BBX 9 15 0 -3
BITMAP
0000
0000
0000
4100
9080
9080
B880
9080
9080
9080
8C80
4100
0000
0000
0000
ENDCHAR
STARTCHAR uni24B0
ENCODING 9392
SWIDTH 576 0
DWIDTH 9 0
BBX 9 15 0 -3
BITMAP
0000
0000
0000
4100
8080
8080
A480
A480
A480
A480
9C80
4100
0000
0000
0000
ENDCHAR
STARTCHAR uni24B1
ENCODING 9393
SWIDTH 576 0
DWIDTH 9 0
BBX 9 15 0 -3
BITMAP
0000
0000
0000
4100
8080
8080
A280
A280
9480
9480
8880
4100
0000
0000
0000
ENDCHAR
STARTCHAR uni24B2
ENCODING 9394
SWIDTH 576 0
DWIDTH 9 0
BBX 9 15 0 -3
BITMAP
0000
0000
0000
4100
8080
8080
A280
A280
A280
AA80
9480
4100
0000
0000
0000
ENDCHAR
STARTCHAR uni24B3
ENCODING 9395
SWIDTH 576 0
DWIDTH 9 0
BBX 9 15 0 -3
BITMAP
0000
0000
0000
4100
8080
8080
A280
9480
8880
9480
A280
4100
0000
0000
0000
ENDCHAR
STARTCHAR uni24B4
ENCODING 9396
SWIDTH 576 0
DWIDTH 9 0
BBX 9 15 0 -3
BITMAP
0000
0000
0000
4100
8080
8080
A280
A280
A280
A280
9E80
4300
1C00
0000
0000
ENDCHAR
STARTCHAR uni24B5
ENCODING 9397
SWIDTH 576 0
DWIDTH 9 0
BBX 9 15 0 -3
BITMAP
0000
0000
0000
4100
8080
8080
BE80
8480
8880
9080
BE80
4100
0000
0000
0000
ENDCHAR
STARTCHAR uni24B6
ENCODING 9398
SWIDTH 576 0
DWIDTH 9 0
BBX 9 15 0 -3
BITMAP
0000
0000
3E00
4100
8880
8880
9480
9C80
A280
A280
4100
3E00
0000
0000
0000
ENDCHAR
STARTCHAR uni24B7
ENCODING 9399
SWIDTH 576 0
DWIDTH 9 0
BBX 9 15 0 -3
BITMAP
0000
0000
3E00
4100
BC80
A280
BC80
A280
A280
BC80
4100
3E00
0000
0000
0000
ENDCHAR
STARTCHAR uni24B8
ENCODING 9400
SWIDTH 576 0
DWIDTH 9 0
BBX 9 15 0 -3
BITMAP
0000
0000
3E00
4100
9C80
A080
A080
A080
A080
9C80
4100
3E00
0000
0000
0000
ENDCHAR
STARTCHAR uni24B9
ENCODING 9401
SWIDTH 576 0
DWIDTH 9 0
BBX 9 15 0 -3
BITMAP
0000
0000
3E00
4100
BC80
A280
A280
A280
A280
BC80
4100
3E00
0000
0000
0000
ENDCHAR
STARTCHAR uni24BA
ENCODING 9402
SWIDTH 576 0
DWIDTH 9 0
BBX 9 15 0 -3
BITMAP
0000
0000
3E00
4100
BE80
A080
BC80
A080
A080
BE80
4100
3E00
0000
0000
0000
ENDCHAR
STARTCHAR uni24BB
ENCODING 9403
SWIDTH 576 0
DWIDTH 9 0
BBX 9 15 0 -3
BITMAP
0000
0000
3E00
4100
BE80
A080
BC80
A080
A080
A080
4100
3E00
0000
0000
0000
ENDCHAR
STARTCHAR uni24BC
ENCODING 9404
SWIDTH 576 0
DWIDTH 9 0
BBX 9 15 0 -3
BITMAP
0000
0000
3E00
4100
9C80
A280
A080
A680
A280
9C80
4100
3E00
0000
0000
0000
ENDCHAR
STARTCHAR uni24BD
ENCODING 9405
SWIDTH 576 0
DWIDTH 9 0
BBX 9 15 0 -3
BITMAP
0000
0000
3E00
4100
A280
A280
BE80
A280
A280
A280
4100
3E00
0000
0000
0000
ENDCHAR
STARTCHAR uni24BE
ENCODING 9406
SWIDTH 576 0
DWIDTH 9 0
BBX 9 15 0 -3
BITMAP
0000
0000
3E00
4100
9C80
8880
8880
8880
8880
9C80
4100
3E00
0000
0000
0000
ENDCHAR
STARTCHAR uni24BF
ENCODING 9407
SWIDTH 576 0
DWIDTH 9 0
BBX 9 15 0 -3
BITMAP
0000
0000
3E00
4100
9E80
8280
8280
8280
A280
9C80
4100
3E00
0000
0000
0000
ENDCHAR
STARTCHAR uni24C0
ENCODING 9408
SWIDTH 576 0
DWIDTH 9 0
BBX 9 15 0 -3
BITMAP
0000
0000
3E00
4100
A480
A880
B080
A880
A480
A280
4100
3E00
0000
0000
0000
ENDCHAR
STARTCHAR uni24C1
ENCODING 9409
SWIDTH 576 0
DWIDTH 9 0
BBX 9 15 0 -3
BITMAP
0000
0000
3E00
4100
A080
A080
A080
A080
A080
BE80
4100
3E00
0000
0000
0000
ENDCHAR
STARTCHAR uni24C2
ENCODING 9410
SWIDTH 576 0
DWIDTH 9 0
BBX 9 15 0 -3
BITMAP
0000
0000
3E00
4100
A280
B680
AA80
A280
A280
A280
4100
3E00
0000
0000
0000
ENDCHAR
STARTCHAR uni24C3
ENCODING 9411
SWIDTH 576 0
DWIDTH 9 0
BBX 9 15 0 -3
BITMAP
0000
0000
3E00
4100
A280
B280
AA80
A680
A280
A280
4100
3E00
0000
0000
0000
ENDCHAR
STARTCHAR uni24C4
ENCODING 9412
SWIDTH 576 0
DWIDTH 9 0
BBX 9 15 0 -3
BITMAP
0000
0000
3E00
4100
9C80
A280
A280
A280
A280
9C80
4100
3E00
0000
0000
0000
ENDCHAR
STARTCHAR uni24C5
ENCODING 9413
SWIDTH 576 0
DWIDTH 9 0
BBX 9 15 0 -3
BITMAP
0000
0000
3E00
4100
BC80
A280
A280
BC80
A080
A080
4100
3E00
0000
0000
0000
ENDCHAR
STARTCHAR uni24C6
ENCODING 9414
SWIDTH 576 0
DWIDTH 9 0
BBX 9 15 0 -3
BITMAP
0000
0000
3E00
4100
9C80
A280
A280
AA80
A680
9E80
4100
3E00
0000
0000
0000
ENDCHAR
STARTCHAR uni24C7
ENCODING 9415
SWIDTH 576 0
DWIDTH 9 0
BBX 9 15 0 -3
BITMAP
0000
0000
3E00
4100
BC80
A280
BC80
A280
A280
A280
4100
3E00
0000
0000
0000
ENDCHAR
STARTCHAR uni24C8
ENCODING 9416
SWIDTH 576 0
DWIDTH 9 0
BBX 9 15 0 -3
BITMAP
0000
0000
3E00
4100
9E80
A080
9C80
8280
8280
BC80
4100
3E00
0000
0000
0000
ENDCHAR
STARTCHAR uni24C9
ENCODING 9417
SWIDTH 576 0
DWIDTH 9 0
BBX 9 15 0 -3
BITMAP
0000
0000
3E00
4100
BE80
8880
8880
8880
8880
8880
4100
3E00
0000
0000
0000
ENDCHAR
STARTCHAR uni24CA
ENCODING 9418
SWIDTH 576 0
DWIDTH 9 0
BBX 9 15 0 -3
BITMAP
0000
0000
3E00
4100
A280
A280
A280
A280
A280
9C80
4100
3E00
0000
0000
0000
ENDCHAR
STARTCHAR uni24CB
ENCODING 9419
SWIDTH 576 0
DWIDTH 9 0
BBX 9 15 0 -3
BITMAP
0000
0000
3E00
4100
A280
A280
9480
9480
8880
8880
4100
3E00
0000
0000
0000
ENDCHAR
STARTCHAR uni24CC
ENCODING 9420
SWIDTH 576 0
DWIDTH 9 0
BBX 9 15 0 -3
BITMAP
0000
0000
3E00
4100
A280
A280
AA80
AA80
AA80
9480
4100
3E00
0000
0000
0000
ENDCHAR
STARTCHAR uni24CD
ENCODING 9421
SWIDTH 576 0
DWIDTH 9 0
BBX 9 15 0 -3
BITMAP
0000
0000
3E00
4100
A280
9480
8880
8880
9480
A280
4100
3E00
0000
0000
0000
ENDCHAR
STARTCHAR uni24CE
ENCODING 9422
SWIDTH 576 0
DWIDTH 9 0
BBX 9 15 0 -3
BITMAP
0000
0000
3E00
4100
A280
9480
8880
8880
8880
8880
4100
3E00
0000
0000
0000
ENDCHAR
STARTCHAR uni24CF
ENCODING 9423
SWIDTH 576 0
DWIDTH 9 0
BBX 9 15 0 -3
BITMAP
0000
0000
3E00
4100
BE80
8480
8880
9080
A080
BE80
4100
3E00
0000
0000
0000
ENDCHAR
STARTCHAR uni24D0
ENCODING 9424
SWIDTH 576 0
DWIDTH 9 0
BBX 9 15 0 -3
BITMAP
0000
3E00
4100
8080
9C80
8280
9E80
A280
A280
9E80
4100
3E00
0000
0000
0000
ENDCHAR
STARTCHAR uni24D1
ENCODING 9425
SWIDTH 576 0
DWIDTH 9 0
BBX 9 15 0 -3
BITMAP
0000
3E00
4100
A080
A080
BC80
A280
A280
A280
BC80
4100
3E00
0000
0000
0000
ENDCHAR
STARTCHAR uni24D2
ENCODING 9426
SWIDTH 576 0
DWIDTH 9 0
BBX 9 15 0 -3
BITMAP
0000
3E00
4100
8080
8080
9E80
A080
A080
A080
9E80
4100
3E00
0000
0000
0000
ENDCHAR
STARTCHAR uni24D3
ENCODING 9427
SWIDTH 576 0
DWIDTH 9 0
BBX 9 15 0 -3
BITMAP
0000
3E00
4100
8280
8280
9E80
A280
A280
A280
9E80
4100
3E00
0000
0000
0000
ENDCHAR
STARTCHAR uni24D4
ENCODING 9428
SWIDTH 576 0
DWIDTH 9 0
BBX 9 15 0 -3
BITMAP
0000
3E00
4100
8080
8080
9C80
A280
BE80
A080
9C80
4100
3E00
0000
0000
0000
ENDCHAR
STARTCHAR uni24D5
ENCODING 9429
SWIDTH 576 0
DWIDTH 9 0
BBX 9 15 0 -3
BITMAP
0000
3E00
4100
8480
8880
8880
9C80
8880
8880
8880
4100
3E00
0000
0000
0000
ENDCHAR
STARTCHAR uni24D6
ENCODING 9430
SWIDTH 576 0
DWIDTH 9 0
BBX 9 15 0 -3
BITMAP
0000
3E00
4100
8080
8080
9880
A480
A480
BC80
8480
5900
3E00
0000
0000
0000
ENDCHAR
STARTCHAR uni24D7
ENCODING 9431
SWIDTH 576 0
DWIDTH 9 0
BBX 9 15 0 -3
BITMAP
0000
3E00
4100
A080
A080
BC80
A280
A280
A280
A280
4100
3E00
0000
0000
0000
ENDCHAR
STARTCHAR uni24D8
ENCODING 9432
SWIDTH 576 0
DWIDTH 9 0
BBX 9 15 0 -3
BITMAP
0000
3E00
4100
8880
8080
8880
8880
8880
8880
8880
4100
3E00
0000
0000
0000
ENDCHAR
STARTCHAR uni24D9
ENCODING 9433
SWIDTH 576 0
DWIDTH 9 0
BBX 9 15 0 -3
BITMAP
0000
3E00
4100
8880
8080
8880
8880
8880
8880
A880
5100
3E00
0000
0000
0000
ENDCHAR
STARTCHAR uni24DA
ENCODING 9434
SWIDTH 576 0
DWIDTH 9 0
BBX 9 15 0 -3
BITMAP
0000
3E00
4100
9080
9080
9280
9480
9880
9480
9280
4100
3E00
0000
0000
0000
ENDCHAR
STARTCHAR uni24DB
ENCODING 9435
SWIDTH 576 0
DWIDTH 9 0
BBX 9 15 0 -3
BITMAP
0000
3E00
4100
9080
9080
9080
9080
9080
9080
8880
4100
3E00
0000
0000
0000
ENDCHAR
STARTCHAR uni24DC
ENCODING 9436
SWIDTH 576 0
DWIDTH 9 0
BBX 9 15 0 -3
BITMAP
0000
3E00
4100
8080
8080
B480
AA80
AA80
AA80
AA80
4100
3E00
0000
0000
0000
ENDCHAR
STARTCHAR uni24DD
ENCODING 9437
SWIDTH 576 0
DWIDTH 9 0
BBX 9 15 0 -3
BITMAP
0000
3E00
4100
8080
8080
9880
9480
9480
9480
9480
4100
3E00
0000
0000
0000
ENDCHAR
STARTCHAR uni24DE
ENCODING 9438
SWIDTH 576 0
DWIDTH 9 0
BBX 9 15 0 -3
BITMAP
0000
3E00
4100
8080
8080
8880
9480
9480
9480
8880
4100
3E00
0000
0000
0000
ENDCHAR
STARTCHAR uni24DF
ENCODING 9439
SWIDTH 576 0
DWIDTH 9 0
BBX 9 15 0 -3
BITMAP
0000
3E00
4100
8080
8080
9880
9480
9480
9480
9880
5100
3E00
0000
0000
0000
ENDCHAR
STARTCHAR uni24E0
ENCODING 9440
SWIDTH 576 0
DWIDTH 9 0
BBX 9 15 0 -3
BITMAP
0000
3E00
4100
8080
8080
8C80
9480
9480
9480
8C80
4500
3E00
0000
0000
0000
ENDCHAR
STARTCHAR uni24E1
ENCODING 9441
SWIDTH 576 0
DWIDTH 9 0
BBX 9 15 0 -3
BITMAP
0000
3E00
4100
8080
8080
9680
9880
9080
9080
9080
4100
3E00
0000
0000
0000
ENDCHAR
STARTCHAR uni24E2
ENCODING 9442
SWIDTH 576 0
DWIDTH 9 0
BBX 9 15 0 -3
BITMAP
0000
3E00
4100
8080
8080
9E80
A080
9C80
8280
BC80
4100
3E00
0000
0000
0000
ENDCHAR
STARTCHAR uni24E3
ENCODING 9443
SWIDTH 576 0
DWIDTH 9 0
BBX 9 15 0 -3
BITMAP
0000
3E00
4100
9080
9080
B880
9080
9080
9080
8C80
4100
3E00
0000
0000
0000
ENDCHAR
STARTCHAR uni24E4
ENCODING 9444
SWIDTH 576 0
DWIDTH 9 0
BBX 9 15 0 -3
BITMAP
0000
3E00
4100
8080
8080
A480
A480
A480
A480
9C80
4100
3E00
0000
0000
0000
ENDCHAR
STARTCHAR uni24E5
ENCODING 9445
SWIDTH 576 0
DWIDTH 9 0
BBX 9 15 0 -3
BITMAP
0000
3E00
4100
8080
8080
A280
A280
9480
9480
8880
4100
3E00
0000
0000
0000
ENDCHAR
STARTCHAR uni24E6
ENCODING 9446
SWIDTH 576 0
DWIDTH 9 0
BBX 9 15 0 -3
BITMAP
0000
3E00
4100
8080
8080
A280
A280
AA80
AA80
9480
4100
3E00
0000
0000
0000
ENDCHAR
STARTCHAR uni24E7
ENCODING 9447
SWIDTH 576 0
DWIDTH 9 0
BBX 9 15 0 -3
BITMAP
0000
3E00
4100
8080
8080
A280
9480
8880
9480
A280
4100
3E00
0000
0000
0000
ENDCHAR
STARTCHAR uni24E8
ENCODING 9448
SWIDTH 576 0
DWIDTH 9 0
BBX 9 15 0 -3
BITMAP
0000
3E00
4100
8080
8080
A280
A280
A280
A280
9E80
4300
3E00
0000
0000
0000
ENDCHAR
STARTCHAR uni24E9
ENCODING 9449
SWIDTH 576 0
DWIDTH 9 0
BBX 9 15 0 -3
BITMAP
0000
3E00
4100
8080
8080
BE80
8480
8880
9080
BE80
4100
3E00
0000
0000
0000
ENDCHAR
STARTCHAR uni24EA
ENCODING 9450
SWIDTH 576 0
DWIDTH 9 0
BBX 9 15 0 -3
BITMAP
0000
3E00
4100
9C80
A280
A280
A280
A280
A280
9C80
4100
3E00
0000
0000
0000
ENDCHAR
STARTCHAR SF100000
ENCODING 9472
SWIDTH 576 0
DWIDTH 9 0
BBX 9 15 0 -3
BITMAP
0000
0000
0000
0000
0000
0000
0000
FF80
0000
0000
0000
0000
0000
0000
0000
ENDCHAR
STARTCHAR uni2501
ENCODING 9473
SWIDTH 576 0
DWIDTH 9 0
BBX 9 15 0 -3
BITMAP
0000
0000
0000
0000
0000
0000
FF80
FF80
0000
0000
0000
0000
0000
0000
0000
ENDCHAR
STARTCHAR SF110000
ENCODING 9474
SWIDTH 576 0
DWIDTH 9 0
BBX 9 15 0 -3
BITMAP
0800
0800
0800
0800
0800
0800
0800
0800
0800
0800
0800
0800
0800
0800
0800
ENDCHAR
STARTCHAR uni2503
ENCODING 9475
SWIDTH 576 0
DWIDTH 9 0
BBX 9 15 0 -3
BITMAP
0C00
0C00
0C00
0C00
0C00
0C00
0C00
0C00
0C00
0C00
0C00
0C00
0C00
0C00
0C00
ENDCHAR
STARTCHAR uni2504
ENCODING 9476
SWIDTH 576 0
DWIDTH 9 0
BBX 9 15 0 -3
BITMAP
0000
0000
0000
0000
0000
0000
0000
DB00
0000
0000
0000
0000
0000
0000
0000
ENDCHAR
STARTCHAR uni2505
ENCODING 9477
SWIDTH 576 0
DWIDTH 9 0
BBX 9 15 0 -3
BITMAP
0000
0000
0000
0000
0000
0000
DB00
DB00
0000
0000
0000
0000
0000
0000
0000
ENDCHAR
STARTCHAR uni2506
ENCODING 9478
SWIDTH 576 0
DWIDTH 9 0
BBX 9 15 0 -3
BITMAP
0800
0800
0800
0000
0000
0800
0800
0800
0800
0000
0000
0800
0800
0800
0000
ENDCHAR
STARTCHAR uni2507
ENCODING 9479
SWIDTH 576 0
DWIDTH 9 0
BBX 9 15 0 -3
BITMAP
0C00
0C00
0C00
0000
0000
0C00
0C00
0C00
0C00
0000
0000
0C00
0C00
0C00
0000
ENDCHAR
STARTCHAR uni2508
ENCODING 9480
SWIDTH 576 0
DWIDTH 9 0
BBX 9 15 0 -3
BITMAP
0000
0000
0000
0000
0000
0000
0000
5500
0000
0000
0000
0000
0000
0000
0000
ENDCHAR
STARTCHAR uni2509
ENCODING 9481
SWIDTH 576 0
DWIDTH 9 0
BBX 9 15 0 -3
BITMAP
0000
0000
0000
0000
0000
0000
5500
5500
0000
0000
0000
0000
0000
0000
0000
ENDCHAR
STARTCHAR uni250A
ENCODING 9482
SWIDTH 576 0
DWIDTH 9 0
BBX 9 15 0 -3
BITMAP
0800
0800
0800
0000
0800
0800
0800
0000
0800
0800
0800
0000
0800
0800
0800
ENDCHAR
STARTCHAR uni250B
ENCODING 9483
SWIDTH 576 0
DWIDTH 9 0
BBX 9 15 0 -3
BITMAP
0C00
0C00
0C00
0000
0C00
0C00
0C00
0000
0C00
0C00
0C00
0000
0C00
0C00
0C00
ENDCHAR
STARTCHAR SF010000
ENCODING 9484
SWIDTH 576 0
DWIDTH 9 0
BBX 9 15 0 -3
BITMAP
0000
0000
0000
0000
0000
0000
0000
0F80
0800
0800
0800
0800
0800
0800
0800
ENDCHAR
STARTCHAR uni250D
ENCODING 9485
SWIDTH 576 0
DWIDTH 9 0
BBX 9 15 0 -3
BITMAP
0000
0000
0000
0000
0000
0000
0F80
0F80
0800
0800
0800
0800
0800
0800
0800
ENDCHAR
STARTCHAR uni250E
ENCODING 9486
SWIDTH 576 0
DWIDTH 9 0
BBX 9 15 0 -3
BITMAP
0000
0000
0000
0000
0000
0000
0000
0F80
0C00
0C00
0C00
0C00
0C00
0C00
0C00
ENDCHAR
STARTCHAR uni250F
ENCODING 9487
SWIDTH 576 0
DWIDTH 9 0
BBX 9 15 0 -3
BITMAP
0000
0000
0000
0000
0000
0000
0F80
0F80
0C00
0C00
0C00
0C00
0C00
0C00
0C00
ENDCHAR
STARTCHAR SF030000
ENCODING 9488
SWIDTH 576 0
DWIDTH 9 0
BBX 9 15 0 -3
BITMAP
0000
0000
0000
0000
0000
0000
0000
F800
0800
0800
0800
0800
0800
0800
0800
ENDCHAR
STARTCHAR uni2511
ENCODING 9489
SWIDTH 576 0
DWIDTH 9 0
BBX 9 15 0 -3
BITMAP
0000
0000
0000
0000
0000
0000
F800
F800
0800
0800
0800
0800
0800
0800
0800
ENDCHAR
STARTCHAR uni2512
ENCODING 9490
SWIDTH 576 0
DWIDTH 9 0
BBX 9 15 0 -3
BITMAP
0000
0000
0000
0000
0000
0000
0000
FC00
0C00
0C00
0C00
0C00
0C00
0C00
0C00
ENDCHAR
STARTCHAR uni2513
ENCODING 9491
SWIDTH 576 0
DWIDTH 9 0
BBX 9 15 0 -3
BITMAP
0000
0000
0000
0000
0000
0000
FC00
FC00
0C00
0C00
0C00
0C00
0C00
0C00
0C00
ENDCHAR
STARTCHAR SF020000
ENCODING 9492
SWIDTH 576 0
DWIDTH 9 0
BBX 9 15 0 -3
BITMAP
0800
0800
0800
0800
0800
0800
0800
0F80
0000
0000
0000
0000
0000
0000
0000
ENDCHAR
STARTCHAR uni2515
ENCODING 9493
SWIDTH 576 0
DWIDTH 9 0
BBX 9 15 0 -3
BITMAP
0800
0800
0800
0800
0800
0800
0F80
0F80
0000
0000
0000
0000
0000
0000
0000
ENDCHAR
STARTCHAR uni2516
ENCODING 9494
SWIDTH 576 0
DWIDTH 9 0
BBX 9 15 0 -3
BITMAP
0C00
0C00
0C00
0C00
0C00
0C00
0C00
0F80
0000
0000
0000
0000
0000
0000
0000
ENDCHAR
STARTCHAR uni2517
ENCODING 9495
SWIDTH 576 0
DWIDTH 9 0
BBX 9 15 0 -3
BITMAP
0C00
0C00
0C00
0C00
0C00
0C00
0F80
0F80
0000
0000
0000
0000
0000
0000
0000
ENDCHAR
STARTCHAR SF040000
ENCODING 9496
SWIDTH 576 0
DWIDTH 9 0
BBX 9 15 0 -3
BITMAP
0800
0800
0800
0800
0800
0800
0800
F800
0000
0000
0000
0000
0000
0000
0000
ENDCHAR
STARTCHAR uni2519
ENCODING 9497
SWIDTH 576 0
DWIDTH 9 0
BBX 9 15 0 -3
BITMAP
0800
0800
0800
0800
0800
0800
F800
F800
0000
0000
0000
0000
0000
0000
0000
ENDCHAR
STARTCHAR uni251A
ENCODING 9498
SWIDTH 576 0
DWIDTH 9 0
BBX 9 15 0 -3
BITMAP
0C00
0C00
0C00
0C00
0C00
0C00
0C00
FC00
0000
0000
0000
0000
0000
0000
0000
ENDCHAR
STARTCHAR uni251B
ENCODING 9499
SWIDTH 576 0
DWIDTH 9 0
BBX 9 15 0 -3
BITMAP
0C00
0C00
0C00
0C00
0C00
0C00
FC00
FC00
0000
0000
0000
0000
0000
0000
0000
ENDCHAR
STARTCHAR SF080000
ENCODING 9500
SWIDTH 576 0
DWIDTH 9 0
BBX 9 15 0 -3
BITMAP
0800
0800
0800
0800
0800
0800
0800
0F80
0800
0800
0800
0800
0800
0800
0800
ENDCHAR
STARTCHAR uni251D
ENCODING 9501
SWIDTH 576 0
DWIDTH 9 0
BBX 9 15 0 -3
BITMAP
0800
0800
0800
0800
0800
0800
0F80
0F80
0800
0800
0800
0800
0800
0800
0800
ENDCHAR
STARTCHAR uni251E
ENCODING 9502
SWIDTH 576 0
DWIDTH 9 0
BBX 9 15 0 -3
BITMAP
0C00
0C00
0C00
0C00
0C00
0C00
0C00
0F80
0800
0800
0800
0800
0800
0800
0800
ENDCHAR
STARTCHAR uni251F
ENCODING 9503
SWIDTH 576 0
DWIDTH 9 0
BBX 9 15 0 -3
BITMAP
0800
0800
0800
0800
0800
0800
0800
0F80
0C00
0C00
0C00
0C00
0C00
0C00
0C00
ENDCHAR
STARTCHAR uni2520
ENCODING 9504
SWIDTH 576 0
DWIDTH 9 0
BBX 9 15 0 -3
BITMAP
0C00
0C00
0C00
0C00
0C00
0C00
0C00
0F80
0C00
0C00
0C00
0C00
0C00
0C00
0C00
ENDCHAR
STARTCHAR uni2521
ENCODING 9505
SWIDTH 576 0
DWIDTH 9 0
BBX 9 15 0 -3
BITMAP
0C00
0C00
0C00
0C00
0C00
0C00
0F80
0F80
0800
0800
0800
0800
0800
0800
0800
ENDCHAR
STARTCHAR uni2522
ENCODING 9506
SWIDTH 576 0
DWIDTH 9 0
BBX 9 15 0 -3
BITMAP
0800
0800
0800
0800
0800
0800
0F80
0F80
0C00
0C00
0C00
0C00
0C00
0C00
0C00
ENDCHAR
STARTCHAR uni2523
ENCODING 9507
SWIDTH 576 0
DWIDTH 9 0
BBX 9 15 0 -3
BITMAP
0C00
0C00
0C00
0C00
0C00
0C00
0F80
0F80
0C00
0C00
0C00
0C00
0C00
0C00
0C00
ENDCHAR
STARTCHAR SF090000
ENCODING 9508
SWIDTH 576 0
DWIDTH 9 0
BBX 9 15 0 -3
BITMAP
0800
0800
0800
0800
0800
0800
0800
F800
0800
0800
0800
0800
0800
0800
0800
ENDCHAR
STARTCHAR uni2525
ENCODING 9509
SWIDTH 576 0
DWIDTH 9 0
BBX 9 15 0 -3
BITMAP
0800
0800
0800
0800
0800
0800
F800
F800
0800
0800
0800
0800
0800
0800
0800
ENDCHAR
STARTCHAR uni2526
ENCODING 9510
SWIDTH 576 0
DWIDTH 9 0
BBX 9 15 0 -3
BITMAP
0C00
0C00
0C00
0C00
0C00
0C00
0C00
FC00
0800
0800
0800
0800
0800
0800
0800
ENDCHAR
STARTCHAR uni2527
ENCODING 9511
SWIDTH 576 0
DWIDTH 9 0
BBX 9 15 0 -3
BITMAP
0800
0800
0800
0800
0800
0800
0800
FC00
0C00
0C00
0C00
0C00
0C00
0C00
0C00
ENDCHAR
STARTCHAR uni2528
ENCODING 9512
SWIDTH 576 0
DWIDTH 9 0
BBX 9 15 0 -3
BITMAP
0C00
0C00
0C00
0C00
0C00
0C00
0C00
FC00
0C00
0C00
0C00
0C00
0C00
0C00
0C00
ENDCHAR
STARTCHAR uni2529
ENCODING 9513
SWIDTH 576 0
DWIDTH 9 0
BBX 9 15 0 -3
BITMAP
0C00
0C00
0C00
0C00
0C00
0C00
FC00
FC00
0400
0400
0400
0400
0400
0400
0400
ENDCHAR
STARTCHAR uni252A
ENCODING 9514
SWIDTH 576 0
DWIDTH 9 0
BBX 9 15 0 -3
BITMAP
0400
0400
0400
0400
0400
0400
FC00
FC00
0C00
0C00
0C00
0C00
0C00
0C00
0C00
ENDCHAR
STARTCHAR uni252B
ENCODING 9515
SWIDTH 576 0
DWIDTH 9 0
BBX 9 15 0 -3
BITMAP
0C00
0C00
0C00
0C00
0C00
0C00
FC00
FC00
0C00
0C00
0C00
0C00
0C00
0C00
0C00
ENDCHAR
STARTCHAR SF060000
ENCODING 9516
SWIDTH 576 0
DWIDTH 9 0
BBX 9 15 0 -3
BITMAP
0000
0000
0000
0000
0000
0000
0000
FF80
0800
0800
0800
0800
0800
0800
0800
ENDCHAR
STARTCHAR uni252D
ENCODING 9517
SWIDTH 576 0
DWIDTH 9 0
BBX 9 15 0 -3
BITMAP
0000
0000
0000
0000
0000
0000
F800
FF80
0800
0800
0800
0800
0800
0800
0800
ENDCHAR
STARTCHAR uni252E
ENCODING 9518
SWIDTH 576 0
DWIDTH 9 0
BBX 9 15 0 -3
BITMAP
0000
0000
0000
0000
0000
0000
0F80
FF80
0800
0800
0800
0800
0800
0800
0800
ENDCHAR
STARTCHAR uni252F
ENCODING 9519
SWIDTH 576 0
DWIDTH 9 0
BBX 9 15 0 -3
BITMAP
0000
0000
0000
0000
0000
0000
FF80
FF80
0800
0800
0800
0800
0800
0800
0800
ENDCHAR
STARTCHAR uni2530
ENCODING 9520
SWIDTH 576 0
DWIDTH 9 0
BBX 9 15 0 -3
BITMAP
0000
0000
0000
0000
0000
0000
0000
FF80
0C00
0C00
0C00
0C00
0C00
0C00
0C00
ENDCHAR
STARTCHAR uni2531
ENCODING 9521
SWIDTH 576 0
DWIDTH 9 0
BBX 9 15 0 -3
BITMAP
0000
0000
0000
0000
0000
0000
FC00
FF80
0C00
0C00
0C00
0C00
0C00
0C00
0C00
ENDCHAR
STARTCHAR uni2532
ENCODING 9522
SWIDTH 576 0
DWIDTH 9 0
BBX 9 15 0 -3
BITMAP
0000
0000
0000
0000
0000
0000
0F80
FF80
0C00
0C00
0C00
0C00
0C00
0C00
0C00
ENDCHAR
STARTCHAR uni2533
ENCODING 9523
SWIDTH 576 0
DWIDTH 9 0
BBX 9 15 0 -3
BITMAP
0000
0000
0000
0000
0000
0000
FF80
FF80
0C00
0C00
0C00
0C00
0C00
0C00
0C00
ENDCHAR
STARTCHAR SF070000
ENCODING 9524
SWIDTH 576 0
DWIDTH 9 0
BBX 9 15 0 -3
BITMAP
0800
0800
0800
0800
0800
0800
0800
FF80
0000
0000
0000
0000
0000
0000
0000
ENDCHAR
STARTCHAR uni2535
ENCODING 9525
SWIDTH 576 0
DWIDTH 9 0
BBX 9 15 0 -3
BITMAP
0800
0800
0800
0800
0800
0800
F800
FF80
0000
0000
0000
0000
0000
0000
0000
ENDCHAR
STARTCHAR uni2536
ENCODING 9526
SWIDTH 576 0
DWIDTH 9 0
BBX 9 15 0 -3
BITMAP
0800
0800
0800
0800
0800
0800
0F80
FF80
0000
0000
0000
0000
0000
0000
0000
ENDCHAR
STARTCHAR uni2537
ENCODING 9527
SWIDTH 576 0
DWIDTH 9 0
BBX 9 15 0 -3
BITMAP
0800
0800
0800
0800
0800
0800
FF80
FF80
0000
0000
0000
0000
0000
0000
0000
ENDCHAR
STARTCHAR uni2538
ENCODING 9528
SWIDTH 576 0
DWIDTH 9 0
BBX 9 15 0 -3
BITMAP
0C00
0C00
0C00
0C00
0C00
0C00
0C00
FF80
0000
0000
0000
0000
0000
0000
0000
ENDCHAR
STARTCHAR uni2539
ENCODING 9529
SWIDTH 576 0
DWIDTH 9 0
BBX 9 15 0 -3
BITMAP
0C00
0C00
0C00
0C00
0C00
0C00
FC00
FF80
0000
0000
0000
0000
0000
0000
0000
ENDCHAR
STARTCHAR uni253A
ENCODING 9530
SWIDTH 576 0
DWIDTH 9 0
BBX 9 15 0 -3
BITMAP
0C00
0C00
0C00
0C00
0C00
0C00
0F80
FF80
0000
0000
0000
0000
0000
0000
0000
ENDCHAR
STARTCHAR uni253B
ENCODING 9531
SWIDTH 576 0
DWIDTH 9 0
BBX 9 15 0 -3
BITMAP
0C00
0C00
0C00
0C00
0C00
0C00
FF80
FF80
0000
0000
0000
0000
0000
0000
0000
ENDCHAR
STARTCHAR SF050000
ENCODING 9532
SWIDTH 576 0
DWIDTH 9 0
BBX 9 15 0 -3
BITMAP
0800
0800
0800
0800
0800
0800
0800
FF80
0800
0800
0800
0800
0800
0800
0800
ENDCHAR
STARTCHAR uni253D
ENCODING 9533
SWIDTH 576 0
DWIDTH 9 0
BBX 9 15 0 -3
BITMAP
0800
0800
0800
0800
0800
0800
F800
FF80
0800
0800
0800
0800
0800
0800
0800
ENDCHAR
STARTCHAR uni253E
ENCODING 9534
SWIDTH 576 0
DWIDTH 9 0
BBX 9 15 0 -3
BITMAP
0800
0800
0800
0800
0800
0800
0F80
FF80
0800
0800
0800
0800
0800
0800
0800
ENDCHAR
STARTCHAR uni253F
ENCODING 9535
SWIDTH 576 0
DWIDTH 9 0
BBX 9 15 0 -3
BITMAP
0800
0800
0800
0800
0800
0800
FF80
FF80
0800
0800
0800
0800
0800
0800
0800
ENDCHAR
STARTCHAR uni2540
ENCODING 9536
SWIDTH 576 0
DWIDTH 9 0
BBX 9 15 0 -3
BITMAP
0C00
0C00
0C00
0C00
0C00
0C00
0C00
FF80
0800
0800
0800
0800
0800
0800
0800
ENDCHAR
STARTCHAR uni2541
ENCODING 9537
SWIDTH 576 0
DWIDTH 9 0
BBX 9 15 0 -3
BITMAP
0800
0800
0800
0800
0800
0800
0800
FF80
0C00
0C00
0C00
0C00
0C00
0C00
0C00
ENDCHAR
STARTCHAR uni2542
ENCODING 9538
SWIDTH 576 0
DWIDTH 9 0
BBX 9 15 0 -3
BITMAP
0C00
0C00
0C00
0C00
0C00
0C00
0C00
FF80
0C00
0C00
0C00
0C00
0C00
0C00
0C00
ENDCHAR
STARTCHAR uni2543
ENCODING 9539
SWIDTH 576 0
DWIDTH 9 0
BBX 9 15 0 -3
BITMAP
0C00
0C00
0C00
0C00
0C00
0C00
FC00
FF80
0800
0800
0800
0800
0800
0800
0800
ENDCHAR
STARTCHAR uni2544
ENCODING 9540
SWIDTH 576 0
DWIDTH 9 0
BBX 9 15 0 -3
BITMAP
0C00
0C00
0C00
0C00
0C00
0C00
0F80
FF80
0800
0800
0800
0800
0800
0800
0800
ENDCHAR
STARTCHAR uni2545
ENCODING 9541
SWIDTH 576 0
DWIDTH 9 0
BBX 9 15 0 -3
BITMAP
0800
0800
0800
0800
0800
0800
FC00
FF80
0C00
0C00
0C00
0C00
0C00
0C00
0C00
ENDCHAR
STARTCHAR uni2546
ENCODING 9542
SWIDTH 576 0
DWIDTH 9 0
BBX 9 15 0 -3
BITMAP
0800
0800
0800
0800
0800
0800
0F80
FF80
0C00
0C00
0C00
0C00
0C00
0C00
0C00
ENDCHAR
STARTCHAR uni2547
ENCODING 9543
SWIDTH 576 0
DWIDTH 9 0
BBX 9 15 0 -3
BITMAP
0C00
0C00
0C00
0C00
0C00
0C00
FF80
FF80
0800
0800
0800
0800
0800
0800
0800
ENDCHAR
STARTCHAR uni2548
ENCODING 9544
SWIDTH 576 0
DWIDTH 9 0
BBX 9 15 0 -3
BITMAP
0800
0800
0800
0800
0800
0800
FF80
FF80
0C00
0C00
0C00
0C00
0C00
0C00
0C00
ENDCHAR
STARTCHAR uni2549
ENCODING 9545
SWIDTH 576 0
DWIDTH 9 0
BBX 9 15 0 -3
BITMAP
0C00
0C00
0C00
0C00
0C00
0C00
FC00
FF80
0C00
0C00
0C00
0C00
0C00
0C00
0C00
ENDCHAR
STARTCHAR uni254A
ENCODING 9546
SWIDTH 576 0
DWIDTH 9 0
BBX 9 15 0 -3
BITMAP
0C00
0C00
0C00
0C00
0C00
0C00
0F80
FF80
0C00
0C00
0C00
0C00
0C00
0C00
0C00
ENDCHAR
STARTCHAR uni254B
ENCODING 9547
SWIDTH 576 0
DWIDTH 9 0
BBX 9 15 0 -3
BITMAP
0C00
0C00
0C00
0C00
0C00
0C00
FF80
FF80
0C00
0C00
0C00
0C00
0C00
0C00
0C00
ENDCHAR
STARTCHAR uni254C
ENCODING 9548
SWIDTH 576 0
DWIDTH 9 0
BBX 9 15 0 -3
BITMAP
0000
0000
0000
0000
0000
0000
0000
7700
0000
0000
0000
0000
0000
0000
0000
ENDCHAR
STARTCHAR uni254D
ENCODING 9549
SWIDTH 576 0
DWIDTH 9 0
BBX 9 15 0 -3
BITMAP
0000
0000
0000
0000
0000
0000
7700
7700
0000
0000
0000
0000
0000
0000
0000
ENDCHAR
STARTCHAR uni254E
ENCODING 9550
SWIDTH 576 0
DWIDTH 9 0
BBX 9 15 0 -3
BITMAP
0000
0800
0800
0800
0800
0800
0000
0000
0800
0800
0800
0800
0800
0000
0000
ENDCHAR
STARTCHAR uni254F
ENCODING 9551
SWIDTH 576 0
DWIDTH 9 0
BBX 9 15 0 -3
BITMAP
0000
0C00
0C00
0C00
0C00
0C00
0000
0000
0C00
0C00
0C00
0C00
0C00
0000
0000
ENDCHAR
STARTCHAR SF430000
ENCODING 9552
SWIDTH 576 0
DWIDTH 9 0
BBX 9 15 0 -3
BITMAP
0000
0000
0000
0000
0000
0000
FF80
0000
FF80
0000
0000
0000
0000
0000
0000
ENDCHAR
STARTCHAR SF240000
ENCODING 9553
SWIDTH 576 0
DWIDTH 9 0
BBX 9 15 0 -3
BITMAP
1400
1400
1400
1400
1400
1400
1400
1400
1400
1400
1400
1400
1400
1400
1400
ENDCHAR
STARTCHAR SF510000
ENCODING 9554
SWIDTH 576 0
DWIDTH 9 0
BBX 9 15 0 -3
BITMAP
0000
0000
0000
0000
0000
0000
0F80
0800
0F80
0800
0800
0800
0800
0800
0800
ENDCHAR
STARTCHAR SF520000
ENCODING 9555
SWIDTH 576 0
DWIDTH 9 0
BBX 9 15 0 -3
BITMAP
0000
0000
0000
0000
0000
0000
0000
1F80
1400
1400
1400
1400
1400
1400
1400
ENDCHAR
STARTCHAR SF390000
ENCODING 9556
SWIDTH 576 0
DWIDTH 9 0
BBX 9 15 0 -3
BITMAP
0000
0000
0000
0000
0000
0000
1F80
1000
1780
1400
1400
1400
1400
1400
1400
ENDCHAR
STARTCHAR SF220000
ENCODING 9557
SWIDTH 576 0
DWIDTH 9 0
BBX 9 15 0 -3
BITMAP
0000
0000
0000
0000
0000
0000
F800
0800
F800
0800
0800
0800
0800
0800
0800
ENDCHAR
STARTCHAR SF210000
ENCODING 9558
SWIDTH 576 0
DWIDTH 9 0
BBX 9 15 0 -3
BITMAP
0000
0000
0000
0000
0000
0000
0000
FC00
1400
1400
1400
1400
1400
1400
1400
ENDCHAR
STARTCHAR SF250000
ENCODING 9559
SWIDTH 576 0
DWIDTH 9 0
BBX 9 15 0 -3
BITMAP
0000
0000
0000
0000
0000
0000
FC00
0400
F400
1400
1400
1400
1400
1400
1400
ENDCHAR
STARTCHAR SF500000
ENCODING 9560
SWIDTH 576 0
DWIDTH 9 0
BBX 9 15 0 -3
BITMAP
0800
0800
0800
0800
0800
0800
0F80
0800
0F80
0000
0000
0000
0000
0000
0000
ENDCHAR
STARTCHAR SF490000
ENCODING 9561
SWIDTH 576 0
DWIDTH 9 0
BBX 9 15 0 -3
BITMAP
1400
1400
1400
1400
1400
1400
1400
1F80
0000
0000
0000
0000
0000
0000
0000
ENDCHAR
STARTCHAR SF380000
ENCODING 9562
SWIDTH 576 0
DWIDTH 9 0
BBX 9 15 0 -3
BITMAP
1400
1400
1400
1400
1400
1400
1780
1000
1F80
0000
0000
0000
0000
0000
0000
ENDCHAR
STARTCHAR SF280000
ENCODING 9563
SWIDTH 576 0
DWIDTH 9 0
BBX 9 15 0 -3
BITMAP
0800
0800
0800
0800
0800
0800
F800
0800
F800
0000
0000
0000
0000
0000
0000
ENDCHAR
STARTCHAR SF270000
ENCODING 9564
SWIDTH 576 0
DWIDTH 9 0
BBX 9 15 0 -3
BITMAP
1400
1400
1400
1400
1400
1400
1400
FC00
0000
0000
0000
0000
0000
0000
0000
ENDCHAR
STARTCHAR SF260000
ENCODING 9565
SWIDTH 576 0
DWIDTH 9 0
BBX 9 15 0 -3
BITMAP
1400
1400
1400
1400
1400
1400
F400
0400
FC00
0000
0000
0000
0000
0000
0000
ENDCHAR
STARTCHAR SF360000
ENCODING 9566
SWIDTH 576 0
DWIDTH 9 0
BBX 9 15 0 -3
BITMAP
0800
0800
0800
0800
0800
0800
0F80
0800
0F80
0800
0800
0800
0800
0800
0800
ENDCHAR
STARTCHAR SF370000
ENCODING 9567
SWIDTH 576 0
DWIDTH 9 0
BBX 9 15 0 -3
BITMAP
1400
1400
1400
1400
1400
1400
1400
1780
1400
1400
1400
1400
1400
1400
1400
ENDCHAR
STARTCHAR SF420000
ENCODING 9568
SWIDTH 576 0
DWIDTH 9 0
BBX 9 15 0 -3
BITMAP
1400
1400
1400
1400
1400
1400
1780
1000
1780
1400
1400
1400
1400
1400
1400
ENDCHAR
STARTCHAR SF190000
ENCODING 9569
SWIDTH 576 0
DWIDTH 9 0
BBX 9 15 0 -3
BITMAP
0800
0800
0800
0800
0800
0800
F800
0800
F800
0800
0800
0800
0800
0800
0800
ENDCHAR
STARTCHAR SF200000
ENCODING 9570
SWIDTH 576 0
DWIDTH 9 0
BBX 9 15 0 -3
BITMAP
1400
1400
1400
1400
1400
1400
1400
F400
1400
1400
1400
1400
1400
1400
1400
ENDCHAR
STARTCHAR SF230000
ENCODING 9571
SWIDTH 576 0
DWIDTH 9 0
BBX 9 15 0 -3
BITMAP
1400
1400
1400
1400
1400
1400
F400
0400
F400
1400
1400
1400
1400
1400
1400
ENDCHAR
STARTCHAR SF470000
ENCODING 9572
SWIDTH 576 0
DWIDTH 9 0
BBX 9 15 0 -3
BITMAP
0000
0000
0000
0000
0000
0000
FF80
0000
FF80
0800
0800
0800
0800
0800
0800
ENDCHAR
STARTCHAR SF480000
ENCODING 9573
SWIDTH 576 0
DWIDTH 9 0
BBX 9 15 0 -3
BITMAP
0000
0000
0000
0000
0000
0000
0000
FF80
1400
1400
1400
1400
1400
1400
1400
ENDCHAR
STARTCHAR SF410000
ENCODING 9574
SWIDTH 576 0
DWIDTH 9 0
BBX 9 15 0 -3
BITMAP
0000
0000
0000
0000
0000
0000
FF80
0000
F780
1400
1400
1400
1400
1400
1400
ENDCHAR
STARTCHAR SF450000
ENCODING 9575
SWIDTH 576 0
DWIDTH 9 0
BBX 9 15 0 -3
BITMAP
0800
0800
0800
0800
0800
0800
FF80
0000
FF80
0000
0000
0000
0000
0000
0000
ENDCHAR
STARTCHAR SF460000
ENCODING 9576
SWIDTH 576 0
DWIDTH 9 0
BBX 9 15 0 -3
BITMAP
1400
1400
1400
1400
1400
1400
1400
FF80
0000
0000
0000
0000
0000
0000
0000
ENDCHAR
STARTCHAR SF400000
ENCODING 9577
SWIDTH 576 0
DWIDTH 9 0
BBX 9 15 0 -3
BITMAP
1400
1400
1400
1400
1400
1400
F780
0000
FF80
0000
0000
0000
0000
0000
0000
ENDCHAR
STARTCHAR SF540000
ENCODING 9578
SWIDTH 576 0
DWIDTH 9 0
BBX 9 15 0 -3
BITMAP
0800
0800
0800
0800
0800
0800
FF80
0800
FF80
0800
0800
0800
0800
0800
0800
ENDCHAR
STARTCHAR SF530000
ENCODING 9579
SWIDTH 576 0
DWIDTH 9 0
BBX 9 15 0 -3
BITMAP
1400
1400
1400
1400
1400
1400
1400
FF80
1400
1400
1400
1400
1400
1400
1400
ENDCHAR
STARTCHAR SF440000
ENCODING 9580
SWIDTH 576 0
DWIDTH 9 0
BBX 9 15 0 -3
BITMAP
1400
1400
1400
1400
1400
1400
F780
0000
F780
1400
1400
1400
1400
1400
1400
ENDCHAR
STARTCHAR uni256D
ENCODING 9581
SWIDTH 576 0
DWIDTH 9 0
BBX 9 15 0 -3
BITMAP
0000
0000
0000
0000
0000
0000
0000
0380
0400
0800
0800
0800
0800
0800
0800
ENDCHAR
STARTCHAR uni256E
ENCODING 9582
SWIDTH 576 0
DWIDTH 9 0
BBX 9 15 0 -3
BITMAP
0000
0000
0000
0000
0000
0000
0000
E000
1000
0800
0800
0800
0800
0800
0800
ENDCHAR
STARTCHAR uni256F
ENCODING 9583
SWIDTH 576 0
DWIDTH 9 0
BBX 9 15 0 -3
BITMAP
0800
0800
0800
0800
0800
0800
1000
E000
0000
0000
0000
0000
0000
0000
0000
ENDCHAR
STARTCHAR uni2570
ENCODING 9584
SWIDTH 576 0
DWIDTH 9 0
BBX 9 15 0 -3
BITMAP
0800
0800
0800
0800
0800
0800
0400
0380
0000
0000
0000
0000
0000
0000
0000
ENDCHAR
STARTCHAR uni2571
ENCODING 9585
SWIDTH 576 0
DWIDTH 9 0
BBX 9 15 0 -3
BITMAP
0080
0080
0100
0200
0200
0400
0400
0800
1000
1000
2000
2000
4000
8000
8000
ENDCHAR
STARTCHAR uni2572
ENCODING 9586
SWIDTH 576 0
DWIDTH 9 0
BBX 9 15 0 -3
BITMAP
8000
8000
4000
2000
2000
1000
1000
0800
0400
0400
0200
0200
0100
0080
0080
ENDCHAR
STARTCHAR uni2573
ENCODING 9587
SWIDTH 576 0
DWIDTH 9 0
BBX 9 15 0 -3
BITMAP
8080
8080
4100
2200
2200
1400
1400
0800
1400
1400
2200
2200
4100
8080
8080
ENDCHAR
STARTCHAR uni2574
ENCODING 9588
SWIDTH 576 0
DWIDTH 9 0
BBX 9 15 0 -3
BITMAP
0000
0000
0000
0000
0000
0000
0000
F800
0000
0000
0000
0000
0000
0000
0000
ENDCHAR
STARTCHAR uni2575
ENCODING 9589
SWIDTH 576 0
DWIDTH 9 0
BBX 9 15 0 -3
BITMAP
0800
0800
0800
0800
0800
0800
0800
0800
0000
0000
0000
0000
0000
0000
0000
ENDCHAR
STARTCHAR uni2576
ENCODING 9590
SWIDTH 576 0
DWIDTH 9 0
BBX 9 15 0 -3
BITMAP
0000
0000
0000
0000
0000
0000
0000
0F80
0000
0000
0000
0000
0000
0000
0000
ENDCHAR
STARTCHAR uni2577
ENCODING 9591
SWIDTH 576 0
DWIDTH 9 0
BBX 9 15 0 -3
BITMAP
0000
0000
0000
0000
0000
0000
0000
0800
0800
0800
0800
0800
0800
0800
0800
ENDCHAR
STARTCHAR uni2578
ENCODING 9592
SWIDTH 576 0
DWIDTH 9 0
BBX 9 15 0 -3
BITMAP
0000
0000
0000
0000
0000
0000
FC00
FC00
0000
0000
0000
0000
0000
0000
0000
ENDCHAR
STARTCHAR uni2579
ENCODING 9593
SWIDTH 576 0
DWIDTH 9 0
BBX 9 15 0 -3
BITMAP
0C00
0C00
0C00
0C00
0C00
0C00
0C00
0C00
0000
0000
0000
0000
0000
0000
0000
ENDCHAR
STARTCHAR uni257A
ENCODING 9594
SWIDTH 576 0
DWIDTH 9 0
BBX 9 15 0 -3
BITMAP
0000
0000
0000
0000
0000
0000
0F80
0F80
0000
0000
0000
0000
0000
0000
0000
ENDCHAR
STARTCHAR uni257B
ENCODING 9595
SWIDTH 576 0
DWIDTH 9 0
BBX 9 15 0 -3
BITMAP
0000
0000
0000
0000
0000
0000
0C00
0C00
0C00
0C00
0C00
0C00
0C00
0C00
0C00
ENDCHAR
STARTCHAR uni257C
ENCODING 9596
SWIDTH 576 0
DWIDTH 9 0
BBX 9 15 0 -3
BITMAP
0000
0000
0000
0000
0000
0000
0F80
FF80
0000
0000
0000
0000
0000
0000
0000
ENDCHAR
STARTCHAR uni257D
ENCODING 9597
SWIDTH 576 0
DWIDTH 9 0
BBX 9 15 0 -3
BITMAP
0800
0800
0800
0800
0800
0800
0C00
0C00
0C00
0C00
0C00
0C00
0C00
0C00
0C00
ENDCHAR
STARTCHAR uni257E
ENCODING 9598
SWIDTH 576 0
DWIDTH 9 0
BBX 9 15 0 -3
BITMAP
0000
0000
0000
0000
0000
0000
F800
FF80
0000
0000
0000
0000
0000
0000
0000
ENDCHAR
STARTCHAR uni257F
ENCODING 9599
SWIDTH 576 0
DWIDTH 9 0
BBX 9 15 0 -3
BITMAP
0C00
0C00
0C00
0C00
0C00
0C00
0C00
0C00
0800
0800
0800
0800
0800
0800
0800
ENDCHAR
STARTCHAR upblock
ENCODING 9600
SWIDTH 576 0
DWIDTH 9 0
BBX 9 15 0 -3
BITMAP
FF80
FF80
FF80
FF80
FF80
FF80
FF80
0000
0000
0000
0000
0000
0000
0000
0000
ENDCHAR
STARTCHAR uni2581
ENCODING 9601
SWIDTH 576 0
DWIDTH 9 0
BBX 9 15 0 -3
BITMAP
0000
0000
0000
0000
0000
0000
0000
0000
0000
0000
0000
0000
0000
FF80
FF80
ENDCHAR
STARTCHAR uni2582
ENCODING 9602
SWIDTH 576 0
DWIDTH 9 0
BBX 9 15 0 -3
BITMAP
0000
0000
0000
0000
0000
0000
0000
0000
0000
0000
0000
FF80
FF80
FF80
FF80
ENDCHAR
STARTCHAR uni2583
ENCODING 9603
SWIDTH 576 0
DWIDTH 9 0
BBX 9 15 0 -3
BITMAP
0000
0000
0000
0000
0000
0000
0000
0000
0000
FF80
FF80
FF80
FF80
FF80
FF80
ENDCHAR
STARTCHAR dnblock
ENCODING 9604
SWIDTH 576 0
DWIDTH 9 0
BBX 9 15 0 -3
BITMAP
0000
0000
0000
0000
0000
0000
0000
FF80
FF80
FF80
FF80
FF80
FF80
FF80
FF80
ENDCHAR
STARTCHAR uni2585
ENCODING 9605
SWIDTH 576 0
DWIDTH 9 0
BBX 9 15 0 -3
BITMAP
0000
0000
0000
0000
0000
0000
FF80
FF80
FF80
FF80
FF80
FF80
FF80
FF80
FF80
ENDCHAR
STARTCHAR uni2586
ENCODING 9606
SWIDTH 576 0
DWIDTH 9 0
BBX 9 15 0 -3
BITMAP
0000
0000
0000
0000
FF80
FF80
FF80
FF80
FF80
FF80
FF80
FF80
FF80
FF80
FF80
ENDCHAR
STARTCHAR uni2587
ENCODING 9607
SWIDTH 576 0
DWIDTH 9 0
BBX 9 15 0 -3
BITMAP
0000
0000
FF80
FF80
FF80
FF80
FF80
FF80
FF80
FF80
FF80
FF80
FF80
FF80
FF80
ENDCHAR
STARTCHAR block
ENCODING 9608
SWIDTH 576 0
DWIDTH 9 0
BBX 9 15 0 -3
BITMAP
FF80
FF80
FF80
FF80
FF80
FF80
FF80
FF80
FF80
FF80
FF80
FF80
FF80
FF80
FF80
ENDCHAR
STARTCHAR uni2589
ENCODING 9609
SWIDTH 576 0
DWIDTH 9 0
BBX 9 15 0 -3
BITMAP
FF00
FF00
FF00
FF00
FF00
FF00
FF00
FF00
FF00
FF00
FF00
FF00
FF00
FF00
FF00
ENDCHAR
STARTCHAR uni258A
ENCODING 9610
SWIDTH 576 0
DWIDTH 9 0
BBX 9 15 0 -3
BITMAP
FE00
FE00
FE00
FE00
FE00
FE00
FE00
FE00
FE00
FE00
FE00
FE00
FE00
FE00
FE00
ENDCHAR
STARTCHAR uni258B
ENCODING 9611
SWIDTH 576 0
DWIDTH 9 0
BBX 9 15 0 -3
BITMAP
FC00
FC00
FC00
FC00
FC00
FC00
FC00
FC00
FC00
FC00
FC00
FC00
FC00
FC00
FC00
ENDCHAR
STARTCHAR lfblock
ENCODING 9612
SWIDTH 576 0
DWIDTH 9 0
BBX 9 15 0 -3
BITMAP
F800
F800
F800
F800
F800
F800
F800
F800
F800
F800
F800
F800
F800
F800
F800
ENDCHAR
STARTCHAR uni258D
ENCODING 9613
SWIDTH 576 0
DWIDTH 9 0
BBX 9 15 0 -3
BITMAP
E000
E000
E000
E000
E000
E000
E000
E000
E000
E000
E000
E000
E000
E000
E000
ENDCHAR
STARTCHAR uni258E
ENCODING 9614
SWIDTH 576 0
DWIDTH 9 0
BBX 9 15 0 -3
BITMAP
C000
C000
C000
C000
C000
C000
C000
C000
C000
C000
C000
C000
C000
C000
C000
ENDCHAR
STARTCHAR uni258F
ENCODING 9615
SWIDTH 576 0
DWIDTH 9 0
BBX 9 15 0 -3
BITMAP
8000
8000
8000
8000
8000
8000
8000
8000
8000
8000
8000
8000
8000
8000
8000
ENDCHAR
STARTCHAR rtblock
ENCODING 9616
SWIDTH 576 0
DWIDTH 9 0
BBX 9 15 0 -3
BITMAP
0780
0780
0780
0780
0780
0780
0780
0780
0780
0780
0780
0780
0780
0780
0780
ENDCHAR
STARTCHAR ltshade
ENCODING 9617
SWIDTH 576 0
DWIDTH 9 0
BBX 9 15 0 -3
BITMAP
AA80
0000
5500
0000
AA80
0000
5500
0000
AA80
0000
5500
0000
AA80
0000
5500
ENDCHAR
STARTCHAR shade
ENCODING 9618
SWIDTH 576 0
DWIDTH 9 0
BBX 9 15 0 -3
BITMAP
AA80
5500
AA80
5500
AA80
5500
AA80
5500
AA80
5500
AA80
5500
AA80
5500
AA80
ENDCHAR
STARTCHAR dkshade
ENCODING 9619
SWIDTH 576 0
DWIDTH 9 0
BBX 9 15 0 -3
BITMAP
FF80
5500
FF80
AA80
FF80
5500
FF80
AA80
FF80
5500
FF80
AA80
FF80
5500
FF80
ENDCHAR
STARTCHAR uni2594
ENCODING 9620
SWIDTH 576 0
DWIDTH 9 0
BBX 9 15 0 -3
BITMAP
FF80
FF80
0000
0000
0000
0000
0000
0000
0000
0000
0000
0000
0000
0000
0000
ENDCHAR
STARTCHAR uni2595
ENCODING 9621
SWIDTH 576 0
DWIDTH 9 0
BBX 9 15 0 -3
BITMAP
0080
0080
0080
0080
0080
0080
0080
0080
0080
0080
0080
0080
0080
0080
0080
ENDCHAR
STARTCHAR uni2596
ENCODING 9622
SWIDTH 576 0
DWIDTH 9 0
BBX 9 15 0 -3
BITMAP
0000
0000
0000
0000
0000
0000
0000
F800
F800
F800
F800
F800
F800
F800
F800
ENDCHAR
STARTCHAR uni2597
ENCODING 9623
SWIDTH 576 0
DWIDTH 9 0
BBX 9 15 0 -3
BITMAP
0000
0000
0000
0000
0000
0000
0000
0780
0780
0780
0780
0780
0780
0780
0780
ENDCHAR
STARTCHAR uni2598
ENCODING 9624
SWIDTH 576 0
DWIDTH 9 0
BBX 9 15 0 -3
BITMAP
F800
F800
F800
F800
F800
F800
F800
0000
0000
0000
0000
0000
0000
0000
0000
ENDCHAR
STARTCHAR uni2599
ENCODING 9625
SWIDTH 576 0
DWIDTH 9 0
BBX 9 15 0 -3
BITMAP
F800
F800
F800
F800
F800
F800
F800
FF80
FF80
FF80
FF80
FF80
FF80
FF80
FF80
ENDCHAR
STARTCHAR uni259A
ENCODING 9626
SWIDTH 576 0
DWIDTH 9 0
BBX 9 15 0 -3
BITMAP
F800
F800
F800
F800
F800
F800
F800
0780
0780
0780
0780
0780
0780
0780
0780
ENDCHAR
STARTCHAR uni259B
ENCODING 9627
SWIDTH 576 0
DWIDTH 9 0
BBX 9 15 0 -3
BITMAP
FF80
FF80
FF80
FF80
FF80
FF80
FF80
F800
F800
F800
F800
F800
F800
F800
F800
ENDCHAR
STARTCHAR uni259C
ENCODING 9628
SWIDTH 576 0
DWIDTH 9 0
BBX 9 15 0 -3
BITMAP
FF80
FF80
FF80
FF80
FF80
FF80
FF80
0780
0780
0780
0780
0780
0780
0780
0780
ENDCHAR
STARTCHAR uni259D
ENCODING 9629
SWIDTH 576 0
DWIDTH 9 0
BBX 9 15 0 -3
BITMAP
0780
0780
0780
0780
0780
0780
0780
0000
0000
0000
0000
0000
0000
0000
0000
ENDCHAR
STARTCHAR uni259E
ENCODING 9630
SWIDTH 576 0
DWIDTH 9 0
BBX 9 15 0 -3
BITMAP
0780
0780
0780
0780
0780
0780
0780
F800
F800
F800
F800
F800
F800
F800
F800
ENDCHAR
STARTCHAR uni259F
ENCODING 9631
SWIDTH 576 0
DWIDTH 9 0
BBX 9 15 0 -3
BITMAP
0780
0780
0780
0780
0780
0780
0780
FF80
FF80
FF80
FF80
FF80
FF80
FF80
FF80
ENDCHAR
STARTCHAR filledbox
ENCODING 9632
SWIDTH 576 0
DWIDTH 9 0
BBX 9 15 0 -3
BITMAP
0000
0000
0000
0000
7F00
7F00
7F00
7F00
7F00
7F00
7F00
0000
0000
0000
0000
ENDCHAR
STARTCHAR H22073
ENCODING 9633
SWIDTH 576 0
DWIDTH 9 0
BBX 9 15 0 -3
BITMAP
0000
0000
0000
0000
7F00
4100
4100
4100
4100
4100
7F00
0000
0000
0000
0000
ENDCHAR
STARTCHAR uni25A2
ENCODING 9634
SWIDTH 576 0
DWIDTH 9 0
BBX 9 15 0 -3
BITMAP
0000
0000
0000
0000
3E00
4100
4100
4100
4100
4100
3E00
0000
0000
0000
0000
ENDCHAR
STARTCHAR uni25A3
ENCODING 9635
SWIDTH 576 0
DWIDTH 9 0
BBX 9 15 0 -3
BITMAP
0000
0000
0000
0000
7F00
4100
5D00
5D00
5D00
4100
7F00
0000
0000
0000
0000
ENDCHAR
STARTCHAR uni25A4
ENCODING 9636
SWIDTH 576 0
DWIDTH 9 0
BBX 9 15 0 -3
BITMAP
0000
0000
0000
0000
7F00
4100
7F00
4100
7F00
4100
7F00
0000
0000
0000
0000
ENDCHAR
STARTCHAR uni25A5
ENCODING 9637
SWIDTH 576 0
DWIDTH 9 0
BBX 9 15 0 -3
BITMAP
0000
0000
0000
0000
7F00
5500
5500
5500
5500
5500
7F00
0000
0000
0000
0000
ENDCHAR
STARTCHAR uni25A6
ENCODING 9638
SWIDTH 576 0
DWIDTH 9 0
BBX 9 15 0 -3
BITMAP
0000
0000
0000
0000
7F00
5500
7F00
5500
7F00
5500
7F00
0000
0000
0000
0000
ENDCHAR
STARTCHAR uni25A7
ENCODING 9639
SWIDTH 576 0
DWIDTH 9 0
BBX 9 15 0 -3
BITMAP
0000
0000
0000
0000
7F00
4900
4500
6300
5100
4900
7F00
0000
0000
0000
0000
ENDCHAR
STARTCHAR uni25A8
ENCODING 9640
SWIDTH 576 0
DWIDTH 9 0
BBX 9 15 0 -3
BITMAP
0000
0000
0000
0000
7F00
4900
5100
6300
4500
4900
7F00
0000
0000
0000
0000
ENDCHAR
STARTCHAR uni25A9
ENCODING 9641
SWIDTH 576 0
DWIDTH 9 0
BBX 9 15 0 -3
BITMAP
0000
0000
0000
0000
7F00
6B00
4500
6B00
5100
6B00
7F00
0000
0000
0000
0000
ENDCHAR
STARTCHAR H18543
ENCODING 9642
SWIDTH 576 0
DWIDTH 9 0
BBX 9 15 0 -3
BITMAP
0000
0000
0000
0000
0000
0000
1C00
1C00
1C00
0000
0000
0000
0000
0000
0000
ENDCHAR
STARTCHAR H18551
ENCODING 9643
SWIDTH 576 0
DWIDTH 9 0
BBX 9 15 0 -3
BITMAP
0000
0000
0000
0000
0000
0000
1C00
1400
1C00
0000
0000
0000
0000
0000
0000
ENDCHAR
STARTCHAR filledrect
ENCODING 9644
SWIDTH 576 0
DWIDTH 9 0
BBX 9 15 0 -3
BITMAP
0000
0000
0000
0000
0000
FF80
FF80
FF80
FF80
FF80
0000
0000
0000
0000
0000
ENDCHAR
STARTCHAR uni25AD
ENCODING 9645
SWIDTH 576 0
DWIDTH 9 0
BBX 9 15 0 -3
BITMAP
0000
0000
0000
0000
0000
FF80
8080
8080
8080
FF80
0000
0000
0000
0000
0000
ENDCHAR
STARTCHAR uni25AE
ENCODING 9646
SWIDTH 576 0
DWIDTH 9 0
BBX 9 15 0 -3
BITMAP
0000
0000
0000
3E00
3E00
3E00
3E00
3E00
3E00
3E00
3E00
3E00
0000
0000
0000
ENDCHAR
STARTCHAR uni25AF
ENCODING 9647
SWIDTH 576 0
DWIDTH 9 0
BBX 9 15 0 -3
BITMAP
0000
0000
0000
3E00
2200
2200
2200
2200
2200
2200
2200
3E00
0000
0000
0000
ENDCHAR
STARTCHAR uni25B0
ENCODING 9648
SWIDTH 576 0
DWIDTH 9 0
BBX 9 15 0 -3
BITMAP
0000
0000
0000
0000
0000
7F80
7F80
FF80
FF00
FF00
0000
0000
0000
0000
0000
ENDCHAR
STARTCHAR uni25B1
ENCODING 9649
SWIDTH 576 0
DWIDTH 9 0
BBX 9 15 0 -3
BITMAP
0000
0000
0000
0000
0000
7F80
4080
8080
8100
FF00
0000
0000
0000
0000
0000
ENDCHAR
STARTCHAR triagup
ENCODING 9650
SWIDTH 576 0
DWIDTH 9 0
BBX 9 15 0 -3
BITMAP
0000
0000
0800
0800
1C00
1C00
3E00
3E00
7F00
7F00
FF80
FF80
0000
0000
0000
ENDCHAR
STARTCHAR uni25B3
ENCODING 9651
SWIDTH 576 0
DWIDTH 9 0
BBX 9 15 0 -3
BITMAP
0000
0000
0800
0800
1400
1400
2200
2200
4100
4100
8080
FF80
0000
0000
0000
ENDCHAR
STARTCHAR uni25B4
ENCODING 9652
SWIDTH 576 0
DWIDTH 9 0
BBX 9 15 0 -3
BITMAP
0000
0000
0000
0000
0800
0800
1C00
1C00
3E00
3E00
7F00
0000
0000
0000
0000
ENDCHAR
STARTCHAR uni25B5
ENCODING 9653
SWIDTH 576 0
DWIDTH 9 0
BBX 9 15 0 -3
BITMAP
0000
0000
0000
0000
0800
0800
1400
1400
2200
2200
7F00
0000
0000
0000
0000
ENDCHAR
STARTCHAR uni25B6
ENCODING 9654
SWIDTH 576 0
DWIDTH 9 0
BBX 9 15 0 -3
BITMAP
0000
0000
0000
C000
F000
FC00
FF00
FF80
FF00
FC00
F000
C000
0000
0000
0000
ENDCHAR
STARTCHAR uni25B7
ENCODING 9655
SWIDTH 576 0
DWIDTH 9 0
BBX 9 15 0 -3
BITMAP
0000
0000
0000
C000
B000
8C00
8300
8080
8300
8C00
B000
C000
0000
0000
0000
ENDCHAR
STARTCHAR uni25B8
ENCODING 9656
SWIDTH 576 0
DWIDTH 9 0
BBX 9 15 0 -3
BITMAP
0000
0000
0000
0000
4000
7000
7C00
7F00
7C00
7000
4000
0000
0000
0000
0000
ENDCHAR
STARTCHAR uni25B9
ENCODING 9657
SWIDTH 576 0
DWIDTH 9 0
BBX 9 15 0 -3
BITMAP
0000
0000
0000
0000
4000
7000
4C00
4300
4C00
7000
4000
0000
0000
0000
0000
ENDCHAR
STARTCHAR triagrt
ENCODING 9658
SWIDTH 576 0
DWIDTH 9 0
BBX 9 15 0 -3
BITMAP
0000
0000
0000
0000
0000
E000
FC00
FF80
FC00
E000
0000
0000
0000
0000
0000
ENDCHAR
STARTCHAR uni25BB
ENCODING 9659
SWIDTH 576 0
DWIDTH 9 0
BBX 9 15 0 -3
BITMAP
0000
0000
0000
0000
0000
E000
9C00
8380
9C00
E000
0000
0000
0000
0000
0000
ENDCHAR
STARTCHAR triagdn
ENCODING 9660
SWIDTH 576 0
DWIDTH 9 0
BBX 9 15 0 -3
BITMAP
0000
0000
FF80
FF80
7F00
7F00
3E00
3E00
1C00
1C00
0800
0800
0000
0000
0000
ENDCHAR
STARTCHAR uni25BD
ENCODING 9661
SWIDTH 576 0
DWIDTH 9 0
BBX 9 15 0 -3
BITMAP
0000
0000
FF80
8080
4100
4100
2200
2200
1400
1400
0800
0800
0000
0000
0000
ENDCHAR
STARTCHAR uni25BE
ENCODING 9662
SWIDTH 576 0
DWIDTH 9 0
BBX 9 15 0 -3
BITMAP
0000
0000
0000
0000
7F00
3E00
3E00
1C00
1C00
0800
0800
0000
0000
0000
0000
ENDCHAR
STARTCHAR uni25BF
ENCODING 9663
SWIDTH 576 0
DWIDTH 9 0
BBX 9 15 0 -3
BITMAP
0000
0000
0000
0000
7F00
2200
2200
1400
1400
0800
0800
0000
0000
0000
0000
ENDCHAR
STARTCHAR uni25C0
ENCODING 9664
SWIDTH 576 0
DWIDTH 9 0
BBX 9 15 0 -3
BITMAP
0000
0000
0000
0180
0780
1F80
7F80
FF80
7F80
1F80
0780
0180
0000
0000
0000
ENDCHAR
STARTCHAR uni25C1
ENCODING 9665
SWIDTH 576 0
DWIDTH 9 0
BBX 9 15 0 -3
BITMAP
0000
0000
0000
0180
0680
1880
6080
8080
6080
1880
0680
0180
0000
0000
0000
ENDCHAR
STARTCHAR uni25C2
ENCODING 9666
SWIDTH 576 0
DWIDTH 9 0
BBX 9 15 0 -3
BITMAP
0000
0000
0000
0000
0100
0700
1F00
7F00
1F00
0700
0100
0000
0000
0000
0000
ENDCHAR
STARTCHAR uni25C3
ENCODING 9667
SWIDTH 576 0
DWIDTH 9 0
BBX 9 15 0 -3
BITMAP
0000
0000
0000
0000
0100
0700
1900
6100
1900
0700
0100
0000
0000
0000
0000
ENDCHAR
STARTCHAR triaglf
ENCODING 9668
SWIDTH 576 0
DWIDTH 9 0
BBX 9 15 0 -3
BITMAP
0000
0000
0000
0000
0000
0380
1F80
FF80
1F80
0380
0000
0000
0000
0000
0000
ENDCHAR
STARTCHAR uni25C5
ENCODING 9669
SWIDTH 576 0
DWIDTH 9 0
BBX 9 15 0 -3
BITMAP
0000
0000
0000
0000
0000
0380
1C80
E080
1C80
0380
0000
0000
0000
0000
0000
ENDCHAR
STARTCHAR uni25C6
ENCODING 9670
SWIDTH 576 0
DWIDTH 9 0
BBX 9 15 0 -3
BITMAP
0000
0000
0000
0800
1C00
3E00
7F00
FF80
7F00
3E00
1C00
0800
0000
0000
0000
ENDCHAR
STARTCHAR uni25C7
ENCODING 9671
SWIDTH 576 0
DWIDTH 9 0
BBX 9 15 0 -3
BITMAP
0000
0000
0000
0800
1400
2200
4100
8080
4100
2200
1400
0800
0000
0000
0000
ENDCHAR
STARTCHAR uni25C8
ENCODING 9672
SWIDTH 576 0
DWIDTH 9 0
BBX 9 15 0 -3
BITMAP
0000
0000
0000
0800
1400
2200
4900
9C80
4900
2200
1400
0800
0000
0000
0000
ENDCHAR
STARTCHAR uni25C9
ENCODING 9673
SWIDTH 576 0
DWIDTH 9 0
BBX 9 15 0 -3
BITMAP
0000
0000
0000
0000
1C00
2200
4900
5D00
4900
2200
1C00
0000
0000
0000
0000
ENDCHAR
STARTCHAR lozenge
ENCODING 9674
SWIDTH 576 0
DWIDTH 9 0
BBX 9 15 0 -3
BITMAP
0000
0000
0000
0800
0800
1400
1400
2200
1400
1400
0800
0800
0000
0000
0000
ENDCHAR
STARTCHAR circle
ENCODING 9675
SWIDTH 576 0
DWIDTH 9 0
BBX 9 15 0 -3
BITMAP
0000
0000
0000
0000
1C00
2200
4100
4100
4100
2200
1C00
0000
0000
0000
0000
ENDCHAR
STARTCHAR uni25CC
ENCODING 9676
SWIDTH 576 0
DWIDTH 9 0
BBX 9 15 0 -3
BITMAP
0000
0000
0000
0000
0800
2200
0000
4100
0000
2200
0800
0000
0000
0000
0000
ENDCHAR
STARTCHAR uni25CD
ENCODING 9677
SWIDTH 576 0
DWIDTH 9 0
BBX 9 15 0 -3
BITMAP
0000
0000
0000
0000
1C00
3600
5500
5500
5500
3600
1C00
0000
0000
0000
0000
ENDCHAR
STARTCHAR uni25CE
ENCODING 9678
SWIDTH 576 0
DWIDTH 9 0
BBX 9 15 0 -3
BITMAP
0000
0000
0000
0000
1C00
2200
4900
5500
4900
2200
1C00
0000
0000
0000
0000
ENDCHAR
STARTCHAR H18533
ENCODING 9679
SWIDTH 576 0
DWIDTH 9 0
BBX 9 15 0 -3
BITMAP
0000
0000
0000
0000
1C00
3E00
7F00
7F00
7F00
3E00
1C00
0000
0000
0000
0000
ENDCHAR
STARTCHAR uni25D0
ENCODING 9680
SWIDTH 576 0
DWIDTH 9 0
BBX 9 15 0 -3
BITMAP
0000
0000
0000
0000
1C00
3A00
7900
7900
7900
3A00
1C00
0000
0000
0000
0000
ENDCHAR
STARTCHAR uni25D1
ENCODING 9681
SWIDTH 576 0
DWIDTH 9 0
BBX 9 15 0 -3
BITMAP
0000
0000
0000
0000
1C00
2E00
4F00
4F00
4F00
2E00
1C00
0000
0000
0000
0000
ENDCHAR
STARTCHAR uni25D2
ENCODING 9682
SWIDTH 576 0
DWIDTH 9 0
BBX 9 15 0 -3
BITMAP
0000
0000
0000
0000
1C00
2200
4100
7F00
7F00
3E00
1C00
0000
0000
0000
0000
ENDCHAR
STARTCHAR uni25D3
ENCODING 9683
SWIDTH 576 0
DWIDTH 9 0
BBX 9 15 0 -3
BITMAP
0000
0000
0000
0000
1C00
3E00
7F00
7F00
4100
2200
1C00
0000
0000
0000
0000
ENDCHAR
STARTCHAR uni25D4
ENCODING 9684
SWIDTH 576 0
DWIDTH 9 0
BBX 9 15 0 -3
BITMAP
0000
0000
0000
0000
1C00
2E00
4F00
4F00
4100
2200
1C00
0000
0000
0000
0000
ENDCHAR
STARTCHAR uni25D5
ENCODING 9685
SWIDTH 576 0
DWIDTH 9 0
BBX 9 15 0 -3
BITMAP
0000
0000
0000
0000
1C00
2E00
4F00
7F00
7F00
3E00
1C00
0000
0000
0000
0000
ENDCHAR
STARTCHAR uni25D6
ENCODING 9686
SWIDTH 576 0
DWIDTH 9 0
BBX 9 15 0 -3
BITMAP
0000
0000
0000
0000
1800
3800
7800
7800
7800
3800
1800
0000
0000
0000
0000
ENDCHAR
STARTCHAR uni25D7
ENCODING 9687
SWIDTH 576 0
DWIDTH 9 0
BBX 9 15 0 -3
BITMAP
0000
0000
0000
0000
0C00
0E00
0F00
0F00
0F00
0E00
0C00
0000
0000
0000
0000
ENDCHAR
STARTCHAR invbullet
ENCODING 9688
SWIDTH 576 0
DWIDTH 9 0
BBX 9 15 0 -3
BITMAP
FF80
FF80
FF80
FF80
FF80
E380
C180
C180
C180
E380
FF80
FF80
FF80
FF80
FF80
ENDCHAR
STARTCHAR invcircle
ENCODING 9689
SWIDTH 576 0
DWIDTH 9 0
BBX 9 15 0 -3
BITMAP
FF80
FF80
FF80
FF80
E380
DD80
BE80
BE80
BE80
DD80
E380
FF80
FF80
FF80
FF80
ENDCHAR
STARTCHAR uni25DA
ENCODING 9690
SWIDTH 576 0
DWIDTH 9 0
BBX 9 15 0 -3
BITMAP
FF80
FF80
FF80
FF80
E380
DD80
BE80
BE80
0000
0000
0000
0000
0000
0000
0000
ENDCHAR
STARTCHAR uni25DB
ENCODING 9691
SWIDTH 576 0
DWIDTH 9 0
BBX 9 15 0 -3
BITMAP
0000
0000
0000
0000
0000
0000
0000
BE80
BE80
DD80
E380
FF80
FF80
FF80
FF80
ENDCHAR
STARTCHAR uni25DC
ENCODING 9692
SWIDTH 576 0
DWIDTH 9 0
BBX 9 15 0 -3
BITMAP
0000
0000
0000
0000
1800
2000
4000
4000
0000
0000
0000
0000
0000
0000
0000
ENDCHAR
STARTCHAR uni25DD
ENCODING 9693
SWIDTH 576 0
DWIDTH 9 0
BBX 9 15 0 -3
BITMAP
0000
0000
0000
0000
0C00
0200
0100
0100
0000
0000
0000
0000
0000
0000
0000
ENDCHAR
STARTCHAR uni25DE
ENCODING 9694
SWIDTH 576 0
DWIDTH 9 0
BBX 9 15 0 -3
BITMAP
0000
0000
0000
0000
0000
0000
0000
0100
0100
0200
0C00
0000
0000
0000
0000
ENDCHAR
STARTCHAR uni25DF
ENCODING 9695
SWIDTH 576 0
DWIDTH 9 0
BBX 9 15 0 -3
BITMAP
0000
0000
0000
0000
0000
0000
0000
4000
4000
2000
1800
0000
0000
0000
0000
ENDCHAR
STARTCHAR uni25E0
ENCODING 9696
SWIDTH 576 0
DWIDTH 9 0
BBX 9 15 0 -3
BITMAP
0000
0000
0000
0000
1C00
2200
4100
4100
0000
0000
0000
0000
0000
0000
0000
ENDCHAR
STARTCHAR uni25E1
ENCODING 9697
SWIDTH 576 0
DWIDTH 9 0
BBX 9 15 0 -3
BITMAP
0000
0000
0000
0000
0000
0000
0000
4100
4100
2200
1C00
0000
0000
0000
0000
ENDCHAR
STARTCHAR uni25E2
ENCODING 9698
SWIDTH 576 0
DWIDTH 9 0
BBX 9 15 0 -3
BITMAP
0000
0000
0000
0000
0100
0300
0700
0F00
1F00
3F00
7F00
0000
0000
0000
0000
ENDCHAR
STARTCHAR uni25E3
ENCODING 9699
SWIDTH 576 0
DWIDTH 9 0
BBX 9 15 0 -3
BITMAP
0000
0000
0000
0000
4000
6000
7000
7800
7C00
7E00
7F00
0000
0000
0000
0000
ENDCHAR
STARTCHAR uni25E4
ENCODING 9700
SWIDTH 576 0
DWIDTH 9 0
BBX 9 15 0 -3
BITMAP
0000
0000
0000
0000
7F00
7E00
7C00
7800
7000
6000
4000
0000
0000
0000
0000
ENDCHAR
STARTCHAR uni25E5
ENCODING 9701
SWIDTH 576 0
DWIDTH 9 0
BBX 9 15 0 -3
BITMAP
0000
0000
0000
0000
7F00
3F00
1F00
0F00
0700
0300
0100
0000
0000
0000
0000
ENDCHAR
STARTCHAR openbullet
ENCODING 9702
SWIDTH 576 0
DWIDTH 9 0
BBX 9 15 0 -3
BITMAP
0000
0000
0000
0000
0000
1C00
2200
2200
2200
1C00
0000
0000
0000
0000
0000
ENDCHAR
STARTCHAR uni25E7
ENCODING 9703
SWIDTH 576 0
DWIDTH 9 0
BBX 9 15 0 -3
BITMAP
0000
0000
0000
0000
7F00
7900
7900
7900
7900
7900
7F00
0000
0000
0000
0000
ENDCHAR
STARTCHAR uni25E8
ENCODING 9704
SWIDTH 576 0
DWIDTH 9 0
BBX 9 15 0 -3
BITMAP
0000
0000
0000
0000
7F00
4F00
4F00
4F00
4F00
4F00
7F00
0000
0000
0000
0000
ENDCHAR
STARTCHAR uni25E9
ENCODING 9705
SWIDTH 576 0
DWIDTH 9 0
BBX 9 15 0 -3
BITMAP
0000
0000
0000
0000
7F00
7F00
7D00
7900
7100
6100
7F00
0000
0000
0000
0000
ENDCHAR
STARTCHAR uni25EA
ENCODING 9706
SWIDTH 576 0
DWIDTH 9 0
BBX 9 15 0 -3
BITMAP
0000
0000
0000
0000
7F00
4300
4700
4F00
5F00
7F00
7F00
0000
0000
0000
0000
ENDCHAR
STARTCHAR uni25EB
ENCODING 9707
SWIDTH 576 0
DWIDTH 9 0
BBX 9 15 0 -3
BITMAP
0000
0000
0000
0000
7F00
4900
4900
4900
4900
4900
7F00
0000
0000
0000
0000
ENDCHAR
STARTCHAR uni25EC
ENCODING 9708
SWIDTH 576 0
DWIDTH 9 0
BBX 9 15 0 -3
BITMAP
0000
0000
0800
0800
1400
1400
2200
2A00
5D00
4900
8080
FF80
0000
0000
0000
ENDCHAR
STARTCHAR uni25ED
ENCODING 9709
SWIDTH 576 0
DWIDTH 9 0
BBX 9 15 0 -3
BITMAP
0000
0000
0800
0800
1C00
1C00
3A00
3A00
7900
7900
F880
FF80
0000
0000
0000
ENDCHAR
STARTCHAR uni25EE
ENCODING 9710
SWIDTH 576 0
DWIDTH 9 0
BBX 9 15 0 -3
BITMAP
0000
0000
0800
0800
1C00
1C00
2E00
2E00
4F00
4F00
8F80
FF80
0000
0000
0000
ENDCHAR
STARTCHAR uni25EF
ENCODING 9711
SWIDTH 576 0
DWIDTH 9 0
BBX 9 15 0 -3
BITMAP
0000
0000
0000
3E00
4100
8080
8080
8080
8080
8080
4100
3E00
0000
0000
0000
ENDCHAR
STARTCHAR uni25F0
ENCODING 9712
SWIDTH 576 0
DWIDTH 9 0
BBX 9 15 0 -3
BITMAP
0000
0000
0000
0000
7F00
4900
4900
7900
4100
4100
7F00
0000
0000
0000
0000
ENDCHAR
STARTCHAR uni25F1
ENCODING 9713
SWIDTH 576 0
DWIDTH 9 0
BBX 9 15 0 -3
BITMAP
0000
0000
0000
0000
7F00
4100
4100
7900
4900
4900
7F00
0000
0000
0000
0000
ENDCHAR
STARTCHAR uni25F2
ENCODING 9714
SWIDTH 576 0
DWIDTH 9 0
BBX 9 15 0 -3
BITMAP
0000
0000
0000
0000
7F00
4100
4100
4F00
4900
4900
7F00
0000
0000
0000
0000
ENDCHAR
STARTCHAR uni25F3
ENCODING 9715
SWIDTH 576 0
DWIDTH 9 0
BBX 9 15 0 -3
BITMAP
0000
0000
0000
0000
7F00
4900
4900
4F00
4100
4100
7F00
0000
0000
0000
0000
ENDCHAR
STARTCHAR uni25F4
ENCODING 9716
SWIDTH 576 0
DWIDTH 9 0
BBX 9 15 0 -3
BITMAP
0000
0000
0000
0000
3E00
4900
4900
7900
4100
4100
3E00
0000
0000
0000
0000
ENDCHAR
STARTCHAR uni25F5
ENCODING 9717
SWIDTH 576 0
DWIDTH 9 0
BBX 9 15 0 -3
BITMAP
0000
0000
0000
0000
3E00
4100
4100
7900
4900
4900
3E00
0000
0000
0000
0000
ENDCHAR
STARTCHAR uni25F6
ENCODING 9718
SWIDTH 576 0
DWIDTH 9 0
BBX 9 15 0 -3
BITMAP
0000
0000
0000
0000
3E00
4100
4100
4F00
4900
4900
3E00
0000
0000
0000
0000
ENDCHAR
STARTCHAR uni25F7
ENCODING 9719
SWIDTH 576 0
DWIDTH 9 0
BBX 9 15 0 -3
BITMAP
0000
0000
0000
0000
3E00
4900
4900
4F00
4100
4100
3E00
0000
0000
0000
0000
ENDCHAR
STARTCHAR uni25F8
ENCODING 9720
SWIDTH 576 0
DWIDTH 9 0
BBX 9 15 0 -3
BITMAP
0000
0000
0000
0000
0000
7E00
4400
4800
5000
6000
4000
0000
0000
0000
0000
ENDCHAR
STARTCHAR uni25F9
ENCODING 9721
SWIDTH 576 0
DWIDTH 9 0
BBX 9 15 0 -3
BITMAP
0000
0000
0000
0000
0000
7E00
2200
1200
0A00
0600
0200
0000
0000
0000
0000
ENDCHAR
STARTCHAR uni25FA
ENCODING 9722
SWIDTH 576 0
DWIDTH 9 0
BBX 9 15 0 -3
BITMAP
0000
0000
0000
0000
0000
4000
6000
5000
4800
4400
7E00
0000
0000
0000
0000
ENDCHAR
STARTCHAR uni25FB
ENCODING 9723
SWIDTH 576 0
DWIDTH 9 0
BBX 9 15 0 -3
BITMAP
0000
0000
0000
0000
0000
7E00
4200
4200
4200
4200
7E00
0000
0000
0000
0000
ENDCHAR
STARTCHAR uni25FC
ENCODING 9724
SWIDTH 576 0
DWIDTH 9 0
BBX 9 15 0 -3
BITMAP
0000
0000
0000
0000
0000
7E00
7E00
7E00
7E00
7E00
7E00
0000
0000
0000
0000
ENDCHAR
STARTCHAR uni25FD
ENCODING 9725
SWIDTH 576 0
DWIDTH 9 0
BBX 9 15 0 -3
BITMAP
0000
0000
0000
0000
0000
0000
3E00
2200
2200
2200
3E00
0000
0000
0000
0000
ENDCHAR
STARTCHAR uni25FE
ENCODING 9726
SWIDTH 576 0
DWIDTH 9 0
BBX 9 15 0 -3
BITMAP
0000
0000
0000
0000
0000
0000
3E00
3E00
3E00
3E00
3E00
0000
0000
0000
0000
ENDCHAR
STARTCHAR uni25FF
ENCODING 9727
SWIDTH 576 0
DWIDTH 9 0
BBX 9 15 0 -3
BITMAP
0000
0000
0000
0000
0000
0200
0600
0A00
1200
2200
7E00
0000
0000
0000
0000
ENDCHAR
STARTCHAR uni2600
ENCODING 9728
SWIDTH 576 0
DWIDTH 9 0
BBX 9 15 0 -3
BITMAP
0000
0000
0800
4100
1C00
3E00
BE80
3E00
1C00
4100
0800
0000
0000
0000
0000
ENDCHAR
STARTCHAR uni2601
ENCODING 9729
SWIDTH 576 0
DWIDTH 9 0
BBX 9 15 0 -3
BITMAP
0000
0000
0000
0000
1800
3E00
7F00
0000
0000
0000
0000
0000
0000
0000
0000
ENDCHAR
STARTCHAR uni2602
ENCODING 9730
SWIDTH 576 0
DWIDTH 9 0
BBX 9 15 0 -3
BITMAP
0000
0000
0800
3E00
7F00
0800
0800
0800
0800
2800
1000
0000
0000
0000
0000
ENDCHAR
STARTCHAR uni2603
ENCODING 9731
SWIDTH 576 0
DWIDTH 9 0
BBX 9 15 0 -3
BITMAP
1500
9C00
3680
2200
AA00
1500
2200
4900
4180
C900
4100
3E80
0000
0000
0000
ENDCHAR
STARTCHAR uni2604
ENCODING 9732
SWIDTH 576 0
DWIDTH 9 0
BBX 9 15 0 -3
BITMAP
0000
0400
0800
0900
1200
1200
3480
4900
8600
8400
4800
3000
0000
0000
0000
ENDCHAR
STARTCHAR uni2605
ENCODING 9733
SWIDTH 576 0
DWIDTH 9 0
BBX 9 15 0 -3
BITMAP
0000
0000
0000
0800
0800
1C00
FF80
7F00
3E00
3600
6300
4100
0000
0000
0000
ENDCHAR
STARTCHAR uni2606
ENCODING 9734
SWIDTH 576 0
DWIDTH 9 0
BBX 9 15 0 -3
BITMAP
0000
0000
0000
0800
0800
1400
F780
4100
2200
4900
5500
6300
0000
0000
0000
ENDCHAR
STARTCHAR uni2607
ENCODING 9735
SWIDTH 576 0
DWIDTH 9 0
BBX 9 15 0 -3
BITMAP
0000
0000
0000
0100
0200
0400
0800
1000
0800
0500
0300
0700
0000
0000
0000
ENDCHAR
STARTCHAR uni2608
ENCODING 9736
SWIDTH 576 0
DWIDTH 9 0
BBX 9 15 0 -3
BITMAP
0000
0000
0000
7F00
4200
4400
4800
5000
4800
4500
4300
4700
0000
0000
0000
ENDCHAR
STARTCHAR uni2609
ENCODING 9737
SWIDTH 576 0
DWIDTH 9 0
BBX 9 15 0 -3
BITMAP
0000
0000
0000
0000
0000
1C00
2200
4100
4900
4100
2200
1C00
0000
0000
0000
ENDCHAR
STARTCHAR uni260A
ENCODING 9738
SWIDTH 576 0
DWIDTH 9 0
BBX 9 15 0 -3
BITMAP
0000
0000
0000
0000
1C00
2200
4100
4100
4100
2200
5500
2200
0000
0000
0000
ENDCHAR
STARTCHAR uni260B
ENCODING 9739
SWIDTH 576 0
DWIDTH 9 0
BBX 9 15 0 -3
BITMAP
0000
0000
0000
0000
2200
5500
2200
4100
4100
4100
2200
1C00
0000
0000
0000
ENDCHAR
STARTCHAR uni260C
ENCODING 9740
SWIDTH 576 0
DWIDTH 9 0
BBX 9 15 0 -3
BITMAP
0000
0000
0000
0000
0000
0800
0800
3800
4400
4400
4400
3800
0000
0000
0000
ENDCHAR
STARTCHAR uni260D
ENCODING 9741
SWIDTH 576 0
DWIDTH 9 0
BBX 9 15 0 -3
BITMAP
0000
0E00
1100
1100
1100
0E00
0800
3800
4400
4400
4400
3800
0000
0000
0000
ENDCHAR
STARTCHAR uni260E
ENCODING 9742
SWIDTH 576 0
DWIDTH 9 0
BBX 9 15 0 -3
BITMAP
0000
0000
0000
3E00
7F00
C180
DD80
3600
6300
6300
F780
FF80
0000
0000
0000
ENDCHAR
STARTCHAR uni260F
ENCODING 9743
SWIDTH 576 0
DWIDTH 9 0
BBX 9 15 0 -3
BITMAP
0000
0000
0000
0000
3E00
4100
9C80
AA80
5500
4900
8080
FF80
0000
0000
0000
ENDCHAR
STARTCHAR uni2610
ENCODING 9744
SWIDTH 576 0
DWIDTH 9 0
BBX 9 15 0 -3
BITMAP
0000
7F00
4100
4100
4100
4100
4100
4100
4100
4100
4100
7F00
0000
0000
0000
ENDCHAR
STARTCHAR uni2611
ENCODING 9745
SWIDTH 576 0
DWIDTH 9 0
BBX 9 15 0 -3
BITMAP
0000
7F00
4100
4300
4300
4500
4500
6900
6900
5100
5100
7F00
0000
0000
0000
ENDCHAR
STARTCHAR uni2612
ENCODING 9746
SWIDTH 576 0
DWIDTH 9 0
BBX 9 15 0 -3
BITMAP
0000
7F00
6300
6300
5500
5500
4900
5500
5500
6300
6300
7F00
0000
0000
0000
ENDCHAR
STARTCHAR uni2613
ENCODING 9747
SWIDTH 576 0
DWIDTH 9 0
BBX 9 15 0 -3
BITMAP
0000
0000
2200
2200
1400
1400
0800
0800
1400
1400
2200
2200
0000
0000
0000
ENDCHAR
STARTCHAR uni2616
ENCODING 9750
SWIDTH 576 0
DWIDTH 9 0
BBX 9 15 0 -3
BITMAP
0000
0000
0800
1400
2200
2200
4100
4100
4100
4100
4100
7F00
0000
0000
0000
ENDCHAR
STARTCHAR uni2617
ENCODING 9751
SWIDTH 576 0
DWIDTH 9 0
BBX 9 15 0 -3
BITMAP
0000
0000
0800
1C00
3E00
3E00
7F00
7F00
7F00
7F00
7F00
7F00
0000
0000
0000
ENDCHAR
STARTCHAR uni2619
ENCODING 9753
SWIDTH 576 0
DWIDTH 9 0
BBX 9 15 0 -3
BITMAP
0000
0000
0000
0000
0E00
1F00
3F00
7F00
7E00
7D00
3900
0600
0000
0000
0000
ENDCHAR
STARTCHAR uni261A
ENCODING 9754
SWIDTH 576 0
DWIDTH 9 0
BBX 9 15 0 -3
BITMAP
0000
0000
0000
0000
0000
FF00
3D00
1D00
1F00
0C00
0000
0000
0000
0000
0000
ENDCHAR
STARTCHAR uni261B
ENCODING 9755
SWIDTH 576 0
DWIDTH 9 0
BBX 9 15 0 -3
BITMAP
0000
0000
0000
0000
0000
FF00
BC00
B800
F800
3000
0000
0000
0000
0000
0000
ENDCHAR
STARTCHAR uni261C
ENCODING 9756
SWIDTH 576 0
DWIDTH 9 0
BBX 9 15 0 -3
BITMAP
0000
0000
0000
0000
0000
FF00
2100
1100
1300
0C00
0000
0000
0000
0000
0000
ENDCHAR
STARTCHAR uni261D
ENCODING 9757
SWIDTH 576 0
DWIDTH 9 0
BBX 9 15 0 -3
BITMAP
0000
0000
0000
0000
0200
0200
0600
1A00
2200
2200
1200
1E00
0000
0000
0000
ENDCHAR
STARTCHAR uni261E
ENCODING 9758
SWIDTH 576 0
DWIDTH 9 0
BBX 9 15 0 -3
BITMAP
0000
0000
0000
0000
0000
FF00
8400
8800
C800
3000
0000
0000
0000
0000
0000
ENDCHAR
STARTCHAR uni261F
ENCODING 9759
SWIDTH 576 0
DWIDTH 9 0
BBX 9 15 0 -3
BITMAP
0000
0000
0000
0000
1E00
1200
2200
2200
1A00
0600
0200
0200
0000
0000
0000
ENDCHAR
STARTCHAR uni2620
ENCODING 9760
SWIDTH 576 0
DWIDTH 9 0
BBX 9 15 0 -3
BITMAP
0000
0000
3E00
4100
5500
2200
1C00
4900
6300
5500
0800
5500
6300
4100
0000
ENDCHAR
STARTCHAR uni2621
ENCODING 9761
SWIDTH 576 0
DWIDTH 9 0
BBX 9 15 0 -3
BITMAP
0000
0000
7C00
0200
0200
0400
0800
1000
2000
4000
4000
3F00
0000
0000
0000
ENDCHAR
STARTCHAR uni2622
ENCODING 9762
SWIDTH 576 0
DWIDTH 9 0
BBX 9 15 0 -3
BITMAP
0000
0000
0000
3E00
6300
F780
F780
FF80
8880
9C80
5D00
3E00
0000
0000
0000
ENDCHAR
STARTCHAR uni2623
ENCODING 9763
SWIDTH 576 0
DWIDTH 9 0
BBX 9 15 0 -3
BITMAP
0000
0000
0000
2200
4100
AA80
1400
2A00
2A00
1C00
0800
1C00
0000
0000
0000
ENDCHAR
STARTCHAR uni2624
ENCODING 9764
SWIDTH 576 0
DWIDTH 9 0
BBX 9 15 0 -3
BITMAP
0000
0800
FF80
3E00
8880
7F00
8880
7F00
4900
3E00
2A00
1C00
0000
0000
0000
ENDCHAR
STARTCHAR uni2625
ENCODING 9765
SWIDTH 576 0
DWIDTH 9 0
BBX 9 15 0 -3
BITMAP
0000
1C00
2200
2200
2200
1400
1400
7F00
0800
0800
0800
0800
0000
0000
0000
ENDCHAR
STARTCHAR uni2626
ENCODING 9766
SWIDTH 576 0
DWIDTH 9 0
BBX 9 15 0 -3
BITMAP
0000
0000
0800
1C00
0800
7F00
0800
0800
1800
0C00
0800
0800
0000
0000
0000
ENDCHAR
STARTCHAR uni2627
ENCODING 9767
SWIDTH 576 0
DWIDTH 9 0
BBX 9 15 0 -3
BITMAP
0000
1E00
1100
1100
1100
1E00
1000
D600
3800
D600
1000
1000
0000
0000
0000
ENDCHAR
STARTCHAR uni2628
ENCODING 9768
SWIDTH 576 0
DWIDTH 9 0
BBX 9 15 0 -3
BITMAP
0000
0000
0800
1C00
0800
7F00
0800
0800
0800
0800
0800
0800
0000
0000
0000
ENDCHAR
STARTCHAR uni2629
ENCODING 9769
SWIDTH 576 0
DWIDTH 9 0
BBX 9 15 0 -3
BITMAP
0000
0000
0000
1C00
0800
0800
8880
FF80
8880
0800
0800
1C00
0000
0000
0000
ENDCHAR
STARTCHAR uni262A
ENCODING 9770
SWIDTH 576 0
DWIDTH 9 0
BBX 9 15 0 -3
BITMAP
0000
0000
0000
3E00
7100
6400
6E00
6400
6A00
6000
7100
3E00
0000
0000
0000
ENDCHAR
STARTCHAR uni262B
ENCODING 9771
SWIDTH 576 0
DWIDTH 9 0
BBX 9 15 0 -3
BITMAP
2A00
1400
8080
AA80
AA80
AA80
AA80
AA80
9C80
8880
5D00
0800
0000
0000
0000
ENDCHAR
STARTCHAR uni262C
ENCODING 9772
SWIDTH 576 0
DWIDTH 9 0
BBX 9 15 0 -3
BITMAP
0800
5D00
8880
9C80
AA80
AA80
9C80
C980
FF80
FF80
EB80
5D00
2A00
2A00
0000
ENDCHAR
STARTCHAR uni262D
ENCODING 9773
SWIDTH 576 0
DWIDTH 9 0
BBX 9 15 0 -3
BITMAP
0000
0000
0000
3C00
4200
0900
1900
3100
2900
0500
2200
5D00
0000
0000
0000
ENDCHAR
STARTCHAR uni262E
ENCODING 9774
SWIDTH 576 0
DWIDTH 9 0
BBX 9 15 0 -3
BITMAP
0000
0000
0000
3E00
4900
8880
8880
9C80
AA80
C980
4900
3E00
0000
0000
0000
ENDCHAR
STARTCHAR uni262F
ENCODING 9775
SWIDTH 576 0
DWIDTH 9 0
BBX 9 15 0 -3
BITMAP
0000
0000
0000
3E00
4100
8080
F280
F880
DD80
FF80
7F00
3E00
0000
0000
0000
ENDCHAR
STARTCHAR uni2630
ENCODING 9776
SWIDTH 576 0
DWIDTH 9 0
BBX 9 15 0 -3
BITMAP
0000
0000
7F00
7F00
0000
0000
7F00
7F00
0000
0000
7F00
7F00
0000
0000
0000
ENDCHAR
STARTCHAR uni2631
ENCODING 9777
SWIDTH 576 0
DWIDTH 9 0
BBX 9 15 0 -3
BITMAP
0000
0000
7700
7700
0000
0000
7F00
7F00
0000
0000
7F00
7F00
0000
0000
0000
ENDCHAR
STARTCHAR uni2632
ENCODING 9778
SWIDTH 576 0
DWIDTH 9 0
BBX 9 15 0 -3
BITMAP
0000
0000
7F00
7F00
0000
0000
7700
7700
0000
0000
7F00
7F00
0000
0000
0000
ENDCHAR
STARTCHAR uni2633
ENCODING 9779
SWIDTH 576 0
DWIDTH 9 0
BBX 9 15 0 -3
BITMAP
0000
0000
7700
7700
0000
0000
7700
7700
0000
0000
7F00
7F00
0000
0000
0000
ENDCHAR
STARTCHAR uni2634
ENCODING 9780
SWIDTH 576 0
DWIDTH 9 0
BBX 9 15 0 -3
BITMAP
0000
0000
7F00
7F00
0000
0000
7F00
7F00
0000
0000
7700
7700
0000
0000
0000
ENDCHAR
STARTCHAR uni2635
ENCODING 9781
SWIDTH 576 0
DWIDTH 9 0
BBX 9 15 0 -3
BITMAP
0000
0000
7700
7700
0000
0000
7F00
7F00
0000
0000
7700
7700
0000
0000
0000
ENDCHAR
STARTCHAR uni2636
ENCODING 9782
SWIDTH 576 0
DWIDTH 9 0
BBX 9 15 0 -3
BITMAP
0000
0000
7F00
7F00
0000
0000
7700
7700
0000
0000
7700
7700
0000
0000
0000
ENDCHAR
STARTCHAR uni2637
ENCODING 9783
SWIDTH 576 0
DWIDTH 9 0
BBX 9 15 0 -3
BITMAP
0000
0000
7700
7700
0000
0000
7700
7700
0000
0000
7700
7700
0000
0000
0000
ENDCHAR
STARTCHAR uni2638
ENCODING 9784
SWIDTH 576 0
DWIDTH 9 0
BBX 9 15 0 -3
BITMAP
0000
0000
0000
0800
5D00
2A00
5D00
FF80
5D00
2A00
5D00
0800
0000
0000
0000
ENDCHAR
STARTCHAR uni2639
ENCODING 9785
SWIDTH 576 0
DWIDTH 9 0
BBX 9 15 0 -3
BITMAP
0000
0000
0000
3E00
4100
9480
8080
8080
9C80
A280
4100
3E00
0000
0000
0000
ENDCHAR
STARTCHAR smileface
ENCODING 9786
SWIDTH 576 0
DWIDTH 9 0
BBX 9 15 0 -3
BITMAP
0000
0000
0000
3E00
4100
9480
8080
8080
A280
9C80
4100
3E00
0000
0000
0000
ENDCHAR
STARTCHAR invsmileface
ENCODING 9787
SWIDTH 576 0
DWIDTH 9 0
BBX 9 15 0 -3
BITMAP
0000
0000
0000
3E00
7F00
EB80
FF80
FF80
DD80
E380
7F00
3E00
0000
0000
0000
ENDCHAR
STARTCHAR sun
ENCODING 9788
SWIDTH 576 0
DWIDTH 9 0
BBX 9 15 0 -3
BITMAP
0000
0000
0000
0800
4900
3600
2200
C180
2200
3600
4900
0800
0000
0000
0000
ENDCHAR
STARTCHAR uni263D
ENCODING 9789
SWIDTH 576 0
DWIDTH 9 0
BBX 9 15 0 -3
BITMAP
0000
0000
0000
1C00
0A00
0900
0480
0480
0480
0900
0A00
1C00
0000
0000
0000
ENDCHAR
STARTCHAR uni263E
ENCODING 9790
SWIDTH 576 0
DWIDTH 9 0
BBX 9 15 0 -3
BITMAP
0000
0000
0000
0E00
1400
2400
4800
4800
4800
2400
1400
0E00
0000
0000
0000
ENDCHAR
STARTCHAR uni263F
ENCODING 9791
SWIDTH 576 0
DWIDTH 9 0
BBX 9 15 0 -3
BITMAP
0000
4100
2200
1C00
2200
4100
4100
4100
2200
1C00
0800
0800
3E00
0800
0800
ENDCHAR
STARTCHAR female
ENCODING 9792
SWIDTH 576 0
DWIDTH 9 0
BBX 9 15 0 -3
BITMAP
0000
0000
0000
1C00
2200
4100
4100
4100
2200
1C00
0800
0800
3E00
0800
0800
ENDCHAR
STARTCHAR uni2641
ENCODING 9793
SWIDTH 576 0
DWIDTH 9 0
BBX 9 15 0 -3
BITMAP
0800
0800
3E00
0800
0800
1C00
2200
4100
4100
4100
2200
1C00
0000
0000
0000
ENDCHAR
STARTCHAR male
ENCODING 9794
SWIDTH 576 0
DWIDTH 9 0
BBX 9 15 0 -3
BITMAP
0000
0000
0780
0180
0280
1C80
2200
4100
4100
4100
2200
1C00
0000
0000
0000
ENDCHAR
STARTCHAR uni2643
ENCODING 9795
SWIDTH 576 0
DWIDTH 9 0
BBX 9 15 0 -3
BITMAP
0000
0000
6200
9200
0A00
0A00
0A00
0A00
1200
FF00
0200
0200
0000
0000
0000
ENDCHAR
STARTCHAR uni2644
ENCODING 9796
SWIDTH 576 0
DWIDTH 9 0
BBX 9 15 0 -3
BITMAP
0000
0000
7000
2000
2000
2000
2E00
3100
2100
2200
2400
2400
0500
0200
0000
ENDCHAR
STARTCHAR uni2645
ENCODING 9797
SWIDTH 576 0
DWIDTH 9 0
BBX 9 15 0 -3
BITMAP
0000
0000
0000
4900
4900
4900
7F00
4900
4900
5500
1400
0800
0000
0000
0000
ENDCHAR
STARTCHAR uni2646
ENCODING 9798
SWIDTH 576 0
DWIDTH 9 0
BBX 9 15 0 -3
BITMAP
0000
0800
1C00
4900
EB80
4900
4900
4900
4900
3E00
0800
3E00
0800
0800
0000
ENDCHAR
STARTCHAR uni2647
ENCODING 9799
SWIDTH 576 0
DWIDTH 9 0
BBX 9 15 0 -3
BITMAP
0000
0000
7C00
4200
4100
4100
4200
7C00
4000
4000
4000
7F00
0000
0000
0000
ENDCHAR
STARTCHAR uni2648
ENCODING 9800
SWIDTH 576 0
DWIDTH 9 0
BBX 9 15 0 -3
BITMAP
0000
0000
0000
0000
2200
5500
5500
0800
0800
0800
0800
0800
0000
0000
0000
ENDCHAR
STARTCHAR uni2649
ENCODING 9801
SWIDTH 576 0
DWIDTH 9 0
BBX 9 15 0 -3
BITMAP
0000
0000
8080
8080
4100
2200
1C00
2200
2200
2200
2200
1C00
0000
0000
0000
ENDCHAR
STARTCHAR uni264A
ENCODING 9802
SWIDTH 576 0
DWIDTH 9 0
BBX 9 15 0 -3
BITMAP
0000
0000
0000
4100
3E00
1400
1400
1400
1400
1400
3E00
4100
0000
0000
0000
ENDCHAR
STARTCHAR uni264B
ENCODING 9803
SWIDTH 576 0
DWIDTH 9 0
BBX 9 15 0 -3
BITMAP
0000
0000
0000
0000
3E00
4900
4800
3000
0600
0900
4900
3E00
0000
0000
0000
ENDCHAR
STARTCHAR uni264C
ENCODING 9804
SWIDTH 576 0
DWIDTH 9 0
BBX 9 15 0 -3
BITMAP
0000
0000
0000
0000
0E00
1100
1100
1100
3100
4A00
4A00
3200
0400
0200
0000
ENDCHAR
STARTCHAR uni264D
ENCODING 9805
SWIDTH 576 0
DWIDTH 9 0
BBX 9 15 0 -3
BITMAP
0000
0000
0000
0000
A800
5400
5400
5600
5500
5500
5600
0400
1A00
0000
0000
ENDCHAR
STARTCHAR uni264E
ENCODING 9806
SWIDTH 576 0
DWIDTH 9 0
BBX 9 15 0 -3
BITMAP
0000
0000
0000
0000
0000
1C00
2200
2200
1400
7700
0000
7F00
0000
0000
0000
ENDCHAR
STARTCHAR uni264F
ENCODING 9807
SWIDTH 576 0
DWIDTH 9 0
BBX 9 15 0 -3
BITMAP
0000
0000
0000
0000
A800
5400
5400
5400
5400
5400
5400
5400
0500
0200
0000
ENDCHAR
STARTCHAR uni2650
ENCODING 9808
SWIDTH 576 0
DWIDTH 9 0
BBX 9 15 0 -3
BITMAP
0000
0000
0000
0000
0000
1F00
0300
0500
2900
1100
2800
4000
0000
0000
0000
ENDCHAR
STARTCHAR uni2651
ENCODING 9809
SWIDTH 576 0
DWIDTH 9 0
BBX 9 15 0 -3
BITMAP
0000
0000
0000
0000
0000
8000
8800
5400
5500
5680
2480
2680
0500
3800
0000
ENDCHAR
STARTCHAR uni2652
ENCODING 9810
SWIDTH 576 0
DWIDTH 9 0
BBX 9 15 0 -3
BITMAP
0000
0000
0000
0000
0000
2A80
5500
0000
0000
0000
2A80
5500
0000
0000
0000
ENDCHAR
STARTCHAR uni2653
ENCODING 9811
SWIDTH 576 0
DWIDTH 9 0
BBX 9 15 0 -3
BITMAP
0000
0000
0000
4100
2200
1400
1400
3E00
1400
1400
2200
4100
0000
0000
0000
ENDCHAR
STARTCHAR uni2654
ENCODING 9812
SWIDTH 576 0
DWIDTH 9 0
BBX 9 15 0 -3
BITMAP
0000
0800
1C00
4900
7700
4100
4100
2200
2200
2200
4100
7F00
0000
0000
0000
ENDCHAR
STARTCHAR uni2655
ENCODING 9813
SWIDTH 576 0
DWIDTH 9 0
BBX 9 15 0 -3
BITMAP
0000
0800
1400
6300
5500
4100
4100
2200
2200
2200
4100
7F00
0000
0000
0000
ENDCHAR
STARTCHAR uni2656
ENCODING 9814
SWIDTH 576 0
DWIDTH 9 0
BBX 9 15 0 -3
BITMAP
0000
0000
5D00
7700
4100
4100
2200
2200
2200
2200
4100
7F00
0000
0000
0000
ENDCHAR
STARTCHAR uni2657
ENCODING 9815
SWIDTH 576 0
DWIDTH 9 0
BBX 9 15 0 -3
BITMAP
0000
0000
0800
1400
2200
2200
2200
2200
1C00
2200
4100
7F00
0000
0000
0000
ENDCHAR
STARTCHAR uni2658
ENCODING 9816
SWIDTH 576 0
DWIDTH 9 0
BBX 9 15 0 -3
BITMAP
0000
0000
0200
3D00
4100
4100
3100
0900
1100
2100
4100
7F00
0000
0000
0000
ENDCHAR
STARTCHAR uni2659
ENCODING 9817
SWIDTH 576 0
DWIDTH 9 0
BBX 9 15 0 -3
BITMAP
0000
0000
0000
0000
1800
2400
2400
1800
2400
2400
4200
7E00
0000
0000
0000
ENDCHAR
STARTCHAR uni265A
ENCODING 9818
SWIDTH 576 0
DWIDTH 9 0
BBX 9 15 0 -3
BITMAP
0000
0800
1C00
4900
7F00
7F00
7F00
3E00
3E00
3E00
7F00
7F00
0000
0000
0000
ENDCHAR
STARTCHAR uni265B
ENCODING 9819
SWIDTH 576 0
DWIDTH 9 0
BBX 9 15 0 -3
BITMAP
0000
0800
1C00
7F00
5500
7F00
7F00
3E00
3E00
3E00
7F00
7F00
0000
0000
0000
ENDCHAR
STARTCHAR uni265C
ENCODING 9820
SWIDTH 576 0
DWIDTH 9 0
BBX 9 15 0 -3
BITMAP
0000
0000
5D00
7F00
7F00
7F00
3E00
3E00
3E00
3E00
7F00
7F00
0000
0000
0000
ENDCHAR
STARTCHAR uni265D
ENCODING 9821
SWIDTH 576 0
DWIDTH 9 0
BBX 9 15 0 -3
BITMAP
0000
0000
0800
1C00
3A00
3A00
3E00
3E00
1C00
3E00
7F00
7F00
0000
0000
0000
ENDCHAR
STARTCHAR uni265E
ENCODING 9822
SWIDTH 576 0
DWIDTH 9 0
BBX 9 15 0 -3
BITMAP
0000
0000
0200
3F00
7B00
7F00
3F00
0F00
1F00
3F00
7F00
7F00
0000
0000
0000
ENDCHAR
STARTCHAR uni265F
ENCODING 9823
SWIDTH 576 0
DWIDTH 9 0
BBX 9 15 0 -3
BITMAP
0000
0000
0000
0000
1800
3C00
3C00
1800
3C00
3C00
7E00
7E00
0000
0000
0000
ENDCHAR
STARTCHAR spade
ENCODING 9824
SWIDTH 576 0
DWIDTH 9 0
BBX 9 15 0 -3
BITMAP
0000
0800
1C00
1C00
3E00
3E00
7F00
7F00
3E00
0800
1C00
3E00
0000
0000
0000
ENDCHAR
STARTCHAR uni2661
ENCODING 9825
SWIDTH 576 0
DWIDTH 9 0
BBX 9 15 0 -3
BITMAP
0000
3600
4900
4900
4100
4100
2200
2200
2200
1400
1400
0800
0000
0000
0000
ENDCHAR
STARTCHAR uni2662
ENCODING 9826
SWIDTH 576 0
DWIDTH 9 0
BBX 9 15 0 -3
BITMAP
0000
0800
1400
1400
2200
2200
4100
2200
2200
1400
1400
0800
0000
0000
0000
ENDCHAR
STARTCHAR club
ENCODING 9827
SWIDTH 576 0
DWIDTH 9 0
BBX 9 15 0 -3
BITMAP
0000
0800
1C00
3E00
3E00
5D00
FF80
FF80
FF80
6B00
0800
1C00
0000
0000
0000
ENDCHAR
STARTCHAR uni2664
ENCODING 9828
SWIDTH 576 0
DWIDTH 9 0
BBX 9 15 0 -3
BITMAP
0000
0800
1400
1400
2200
2200
4100
4100
3600
1400
2200
7F00
0000
0000
0000
ENDCHAR
STARTCHAR heart
ENCODING 9829
SWIDTH 576 0
DWIDTH 9 0
BBX 9 15 0 -3
BITMAP
0000
3600
7F00
7F00
7F00
7F00
3E00
3E00
3E00
1C00
1C00
0800
0000
0000
0000
ENDCHAR
STARTCHAR diamond
ENCODING 9830
SWIDTH 576 0
DWIDTH 9 0
BBX 9 15 0 -3
BITMAP
0000
0800
1C00
1C00
3E00
3E00
7F00
3E00
3E00
1C00
1C00
0800
0000
0000
0000
ENDCHAR
STARTCHAR uni2667
ENCODING 9831
SWIDTH 576 0
DWIDTH 9 0
BBX 9 15 0 -3
BITMAP
0000
0800
1400
2200
2200
7700
9480
8080
9C80
6B00
0800
1C00
0000
0000
0000
ENDCHAR
STARTCHAR uni2668
ENCODING 9832
SWIDTH 576 0
DWIDTH 9 0
BBX 9 15 0 -3
BITMAP
0000
2A00
2A00
2900
2500
1500
2500
2900
AA80
8080
8080
7F00
0000
0000
0000
ENDCHAR
STARTCHAR uni2669
ENCODING 9833
SWIDTH 576 0
DWIDTH 9 0
BBX 9 15 0 -3
BITMAP
0000
0000
0400
0400
0400
0400
0400
0400
1C00
3C00
3C00
1800
0000
0000
0000
ENDCHAR
STARTCHAR musicalnote
ENCODING 9834
SWIDTH 576 0
DWIDTH 9 0
BBX 9 15 0 -3
BITMAP
0000
0000
0C00
0A00
0900
0900
0800
0800
3800
7800
7800
3000
0000
0000
0000
ENDCHAR
STARTCHAR musicalnotedbl
ENCODING 9835
SWIDTH 576 0
DWIDTH 9 0
BBX 9 15 0 -3
BITMAP
0000
0000
0700
3900
2100
2100
2100
2100
2700
E700
E200
4000
0000
0000
0000
ENDCHAR
STARTCHAR uni266C
ENCODING 9836
SWIDTH 576 0
DWIDTH 9 0
BBX 9 15 0 -3
BITMAP
0000
0000
0700
3900
2700
3900
2100
2100
2700
E700
E200
4000
0000
0000
0000
ENDCHAR
STARTCHAR uni266D
ENCODING 9837
SWIDTH 576 0
DWIDTH 9 0
BBX 9 15 0 -3
BITMAP
0000
0000
2000
2000
2000
2000
2E00
3100
2100
2200
2C00
3000
0000
0000
0000
ENDCHAR
STARTCHAR uni266E
ENCODING 9838
SWIDTH 576 0
DWIDTH 9 0
BBX 9 15 0 -3
BITMAP
0000
0000
0000
2000
2000
2300
2D00
3100
2300
2D00
3100
0100
0100
0000
0000
ENDCHAR
STARTCHAR uni266F
ENCODING 9839
SWIDTH 576 0
DWIDTH 9 0
BBX 9 15 0 -3
BITMAP
0000
0000
0400
1400
1700
1C00
7400
1400
1700
1C00
7400
1400
1000
0000
0000
ENDCHAR
STARTCHAR uni2670
ENCODING 9840
SWIDTH 576 0
DWIDTH 9 0
BBX 9 15 0 -3
BITMAP
0000
0000
1400
0800
4900
3E00
4900
0800
0800
0800
0800
1400
0000
0000
0000
ENDCHAR
STARTCHAR uni2671
ENCODING 9841
SWIDTH 576 0
DWIDTH 9 0
BBX 9 15 0 -3
BITMAP
0000
0000
0800
1400
0800
4900
7700
4900
0800
0800
1400
0800
0000
0000
0000
ENDCHAR
STARTCHAR uni2672
ENCODING 9842
SWIDTH 576 0
DWIDTH 9 0
BBX 9 15 0 -3
BITMAP
0000
0000
0C00
1280
0380
F280
5780
7000
9080
8280
8680
6B00
0600
0200
0000
ENDCHAR
STARTCHAR uni2673
ENCODING 9843
SWIDTH 576 0
DWIDTH 9 0
BBX 9 15 0 -3
BITMAP
0000
0C00
E280
6180
A380
8800
8880
8880
8880
8880
8080
8480
6F00
0400
0000
ENDCHAR
STARTCHAR uni2674
ENCODING 9844
SWIDTH 576 0
DWIDTH 9 0
BBX 9 15 0 -3
BITMAP
0000
0C00
E280
6180
A380
9800
8480
8880
9080
9C80
8080
8480
6F00
0400
0000
ENDCHAR
STARTCHAR uni2675
ENCODING 9845
SWIDTH 576 0
DWIDTH 9 0
BBX 9 15 0 -3
BITMAP
0000
0C00
E280
6180
A380
9800
8480
8880
8480
9880
8080
8480
6F00
0400
0000
ENDCHAR
STARTCHAR uni2676
ENCODING 9846
SWIDTH 576 0
DWIDTH 9 0
BBX 9 15 0 -3
BITMAP
0000
0C00
E280
6180
A380
8800
9080
9480
9E80
8480
8080
8480
6F00
0400
0000
ENDCHAR
STARTCHAR uni2677
ENCODING 9847
SWIDTH 576 0
DWIDTH 9 0
BBX 9 15 0 -3
BITMAP
0000
0C00
E280
6180
A380
9C00
9080
9880
8480
9880
8080
8480
6F00
0400
0000
ENDCHAR
STARTCHAR uni2678
ENCODING 9848
SWIDTH 576 0
DWIDTH 9 0
BBX 9 15 0 -3
BITMAP
0000
0C00
E280
6180
A380
8C00
9080
9C80
9280
8C80
8080
8480
6F00
0400
0000
ENDCHAR
STARTCHAR uni2679
ENCODING 9849
SWIDTH 576 0
DWIDTH 9 0
BBX 9 15 0 -3
BITMAP
0000
0C00
E280
6180
A380
9C00
8480
8880
8880
8880
8080
8480
6F00
0400
0000
ENDCHAR
STARTCHAR uni267A
ENCODING 9850
SWIDTH 576 0
DWIDTH 9 0
BBX 9 15 0 -3
BITMAP
0000
0C00
E280
6180
A380
8000
8080
8080
8080
8080
8080
8480
6F00
0400
0000
ENDCHAR
STARTCHAR uni267B
ENCODING 9851
SWIDTH 576 0
DWIDTH 9 0
BBX 9 15 0 -3
BITMAP
0000
0000
0C00
1280
0380
F380
7780
7000
9080
8280
8680
6F00
0600
0200
0000
ENDCHAR
STARTCHAR uni267C
ENCODING 9852
SWIDTH 576 0
DWIDTH 9 0
BBX 9 15 0 -3
BITMAP
0000
0000
3E00
7300
FD80
CC80
CC80
BF80
BE80
BA80
D180
7B00
3E00
0000
0000
ENDCHAR
STARTCHAR uni267D
ENCODING 9853
SWIDTH 576 0
DWIDTH 9 0
BBX 9 15 0 -3
BITMAP
0000
0000
3E00
4D00
8280
B380
B380
C080
C180
C580
AE80
4500
3E00
0000
0000
ENDCHAR
STARTCHAR uni2680
ENCODING 9856
SWIDTH 576 0
DWIDTH 9 0
BBX 9 15 0 -3
BITMAP
0000
0000
0000
7F00
8080
8080
8080
8880
8080
8080
8080
7F00
0000
0000
0000
ENDCHAR
STARTCHAR uni2681
ENCODING 9857
SWIDTH 576 0
DWIDTH 9 0
BBX 9 15 0 -3
BITMAP
0000
0000
0000
7F00
8080
A080
8080
8080
8080
8280
8080
7F00
0000
0000
0000
ENDCHAR
STARTCHAR uni2682
ENCODING 9858
SWIDTH 576 0
DWIDTH 9 0
BBX 9 15 0 -3
BITMAP
0000
0000
0000
7F00
8080
A080
8080
8880
8080
8280
8080
7F00
0000
0000
0000
ENDCHAR
STARTCHAR uni2683
ENCODING 9859
SWIDTH 576 0
DWIDTH 9 0
BBX 9 15 0 -3
BITMAP
0000
0000
0000
7F00
8080
A280
8080
8080
8080
A280
8080
7F00
0000
0000
0000
ENDCHAR
STARTCHAR uni2684
ENCODING 9860
SWIDTH 576 0
DWIDTH 9 0
BBX 9 15 0 -3
BITMAP
0000
0000
0000
7F00
8080
A280
8080
8880
8080
A280
8080
7F00
0000
0000
0000
ENDCHAR
STARTCHAR uni2685
ENCODING 9861
SWIDTH 576 0
DWIDTH 9 0
BBX 9 15 0 -3
BITMAP
0000
0000
0000
7F00
8080
A280
8080
A280
8080
A280
8080
7F00
0000
0000
0000
ENDCHAR
STARTCHAR uni2686
ENCODING 9862
SWIDTH 576 0
DWIDTH 9 0
BBX 9 15 0 -3
BITMAP
0000
0000
0000
0000
1C00
2200
4100
4500
4500
4100
2200
1C00
0000
0000
0000
ENDCHAR
STARTCHAR uni2687
ENCODING 9863
SWIDTH 576 0
DWIDTH 9 0
BBX 9 15 0 -3
BITMAP
0000
0000
0000
0000
1C00
2200
4100
5500
5500
4100
2200
1C00
0000
0000
0000
ENDCHAR
STARTCHAR uni2688
ENCODING 9864
SWIDTH 576 0
DWIDTH 9 0
BBX 9 15 0 -3
BITMAP
0000
0000
0000
0000
1C00
3E00
7F00
7900
7900
7F00
3E00
1C00
0000
0000
0000
ENDCHAR
STARTCHAR uni2689
ENCODING 9865
SWIDTH 576 0
DWIDTH 9 0
BBX 9 15 0 -3
BITMAP
0000
0000
0000
0000
1C00
3E00
7F00
4900
4900
7F00
3E00
1C00
0000
0000
0000
ENDCHAR
STARTCHAR uni2701
ENCODING 9985
SWIDTH 576 0
DWIDTH 9 0
BBX 9 15 0 -3
BITMAP
0000
0000
0000
1800
2400
2400
1980
6600
9C00
9200
6000
0000
0000
0000
0000
ENDCHAR
STARTCHAR uni2702
ENCODING 9986
SWIDTH 576 0
DWIDTH 9 0
BBX 9 15 0 -3
BITMAP
0000
0000
0000
6000
9000
9080
6B00
0400
6B00
9080
9000
6000
0000
0000
0000
ENDCHAR
STARTCHAR uni2703
ENCODING 9987
SWIDTH 576 0
DWIDTH 9 0
BBX 9 15 0 -3
BITMAP
0000
0000
0000
6000
9200
9C00
6600
1980
2400
2400
1800
0000
0000
0000
0000
ENDCHAR
STARTCHAR uni2704
ENCODING 9988
SWIDTH 576 0
DWIDTH 9 0
BBX 9 15 0 -3
BITMAP
0000
0000
0000
6100
9280
9500
6A00
1400
6A00
9500
9280
6100
0000
0000
0000
ENDCHAR
STARTCHAR uni2706
ENCODING 9990
SWIDTH 576 0
DWIDTH 9 0
BBX 9 15 0 -3
BITMAP
0000
0000
3C00
4200
9D00
9D00
B100
B100
B900
B900
A200
3C00
0000
0000
0000
ENDCHAR
STARTCHAR uni2707
ENCODING 9991
SWIDTH 576 0
DWIDTH 9 0
BBX 9 15 0 -3
BITMAP
0000
0000
0000
3E00
4100
9C80
8880
8080
A280
B680
4100
3E00
0000
0000
0000
ENDCHAR
STARTCHAR uni2708
ENCODING 9992
SWIDTH 576 0
DWIDTH 9 0
BBX 9 15 0 -3
BITMAP
0000
0000
0000
1000
1000
0800
4C00
7F00
4C00
0800
1000
1000
0000
0000
0000
ENDCHAR
STARTCHAR uni2709
ENCODING 9993
SWIDTH 576 0
DWIDTH 9 0
BBX 9 15 0 -3
BITMAP
0000
0000
0000
0000
0000
FF80
C180
A280
9C80
A280
C180
FF80
0000
0000
0000
ENDCHAR
STARTCHAR uni2711
ENCODING 10001
SWIDTH 576 0
DWIDTH 9 0
BBX 9 15 0 -3
BITMAP
0000
0000
0000
0000
0000
0600
6900
9880
8380
9880
6900
0600
0000
0000
0000
ENDCHAR
STARTCHAR uni2712
ENCODING 10002
SWIDTH 576 0
DWIDTH 9 0
BBX 9 15 0 -3
BITMAP
0000
0000
0000
0000
0000
0600
6F00
FF80
FC00
FF80
6F00
0600
0000
0000
0000
ENDCHAR
STARTCHAR uni2713
ENCODING 10003
SWIDTH 576 0
DWIDTH 9 0
BBX 9 15 0 -3
BITMAP
0000
0000
0000
0100
0100
0100
0200
0200
3400
3400
1800
0000
0000
0000
0000
ENDCHAR
STARTCHAR uni2714
ENCODING 10004
SWIDTH 576 0
DWIDTH 9 0
BBX 9 15 0 -3
BITMAP
0000
0000
0000
0300
0300
0300
0600
0600
EC00
EC00
7800
7800
0000
0000
0000
ENDCHAR
STARTCHAR uni2715
ENCODING 10005
SWIDTH 576 0
DWIDTH 9 0
BBX 9 15 0 -3
BITMAP
0000
0000
0000
0000
4100
E380
7700
3E00
1C00
3E00
7700
E380
4100
0000
0000
ENDCHAR
STARTCHAR uni2716
ENCODING 10006
SWIDTH 576 0
DWIDTH 9 0
BBX 9 15 0 -3
BITMAP
0000
0000
0000
0000
E380
E380
F780
7F00
1C00
7F00
F780
F780
E380
0000
0000
ENDCHAR
STARTCHAR uni2717
ENCODING 10007
SWIDTH 576 0
DWIDTH 9 0
BBX 9 15 0 -3
BITMAP
0000
0000
0000
0000
1100
0A00
0400
0A00
1100
1100
2000
2000
0000
0000
0000
ENDCHAR
STARTCHAR uni2718
ENCODING 10008
SWIDTH 576 0
DWIDTH 9 0
BBX 9 15 0 -3
BITMAP
0000
0000
0000
0000
3300
1E00
0C00
0E00
1B00
1B00
3000
3000
0000
0000
0000
ENDCHAR
STARTCHAR uni2719
ENCODING 10009
SWIDTH 576 0
DWIDTH 9 0
BBX 9 15 0 -3
BITMAP
0000
0000
0000
3E00
2200
EB80
8880
BE80
8880
EB80
2200
3E00
0000
0000
0000
ENDCHAR
STARTCHAR uni271A
ENCODING 10010
SWIDTH 576 0
DWIDTH 9 0
BBX 9 15 0 -3
BITMAP
0000
0000
0000
1C00
1C00
1C00
FF80
FF80
FF80
1C00
1C00
1C00
0000
0000
0000
ENDCHAR
STARTCHAR uni271B
ENCODING 10011
SWIDTH 576 0
DWIDTH 9 0
BBX 9 15 0 -3
BITMAP
0000
0000
0000
0C00
0C00
0C00
7380
7380
0C00
0C00
0C00
0000
0000
0000
0000
ENDCHAR
STARTCHAR uni271C
ENCODING 10012
SWIDTH 576 0
DWIDTH 9 0
BBX 9 15 0 -3
BITMAP
0000
0000
0000
1C00
1C00
1C00
E380
E380
E380
1C00
1C00
1C00
0000
0000
0000
ENDCHAR
STARTCHAR uni271D
ENCODING 10013
SWIDTH 576 0
DWIDTH 9 0
BBX 9 15 0 -3
BITMAP
0000
0000
1800
1800
1800
7E00
7E00
1800
1800
1800
1800
1800
0000
0000
0000
ENDCHAR
STARTCHAR uni271E
ENCODING 10014
SWIDTH 576 0
DWIDTH 9 0
BBX 9 15 0 -3
BITMAP
0000
1C00
1600
7700
4100
7700
3700
1600
1600
1600
1E00
0E00
0000
0000
0000
ENDCHAR
STARTCHAR uni271F
ENCODING 10015
SWIDTH 576 0
DWIDTH 9 0
BBX 9 15 0 -3
BITMAP
3E00
2200
EB80
8880
BE80
8880
EB80
2A00
2A00
2A00
2200
3E00
0000
0000
0000
ENDCHAR
STARTCHAR uni2720
ENCODING 10016
SWIDTH 576 0
DWIDTH 9 0
BBX 9 15 0 -3
BITMAP
0000
0000
0000
3E00
1C00
8880
C980
F780
C980
8880
1C00
3E00
0000
0000
0000
ENDCHAR
STARTCHAR uni2721
ENCODING 10017
SWIDTH 576 0
DWIDTH 9 0
BBX 9 15 0 -3
BITMAP
0000
0000
0000
0800
1400
FF80
A280
4100
A280
FF80
1400
0800
0000
0000
0000
ENDCHAR
STARTCHAR uni2722
ENCODING 10018
SWIDTH 576 0
DWIDTH 9 0
BBX 9 15 0 -3
BITMAP
0000
0000
0000
0800
1C00
0800
4900
FF80
4900
0800
1C00
0800
0000
0000
0000
ENDCHAR
STARTCHAR uni2723
ENCODING 10019
SWIDTH 576 0
DWIDTH 9 0
BBX 9 15 0 -3
BITMAP
0000
0000
0000
0800
1C00
1C00
6B00
FF80
6B00
1C00
1C00
0800
0000
0000
0000
ENDCHAR
STARTCHAR uni2724
ENCODING 10020
SWIDTH 576 0
DWIDTH 9 0
BBX 9 15 0 -3
BITMAP
0000
0000
0000
0800
1C00
1C00
6B00
FF80
6B00
1C00
1C00
0800
0000
0000
0000
ENDCHAR
STARTCHAR uni2725
ENCODING 10021
SWIDTH 576 0
DWIDTH 9 0
BBX 9 15 0 -3
BITMAP
0000
0000
0000
0800
1C00
1C00
6B00
FF80
6B00
1C00
1C00
0800
0000
0000
0000
ENDCHAR
STARTCHAR uni2726
ENCODING 10022
SWIDTH 576 0
DWIDTH 9 0
BBX 9 15 0 -3
BITMAP
0000
0000
0000
0800
0800
1C00
3E00
FF80
3E00
1C00
0800
0800
0000
0000
0000
ENDCHAR
STARTCHAR uni2727
ENCODING 10023
SWIDTH 576 0
DWIDTH 9 0
BBX 9 15 0 -3
BITMAP
0000
0000
0000
0800
1400
1400
6300
8080
6300
1400
1400
0800
0000
0000
0000
ENDCHAR
STARTCHAR uni2729
ENCODING 10025
SWIDTH 576 0
DWIDTH 9 0
BBX 9 15 0 -3
BITMAP
0000
0000
0000
0800
0800
1400
F780
4100
2200
4900
5500
6300
0000
0000
0000
ENDCHAR
STARTCHAR uni272A
ENCODING 10026
SWIDTH 576 0
DWIDTH 9 0
BBX 9 15 0 -3
BITMAP
0000
0000
7F00
F780
F780
E380
0000
8080
C180
C980
9C80
7F00
0000
0000
0000
ENDCHAR
STARTCHAR uni272B
ENCODING 10027
SWIDTH 576 0
DWIDTH 9 0
BBX 9 15 0 -3
BITMAP
0000
0000
0000
0800
0800
1C00
E380
6300
2200
3E00
7700
4100
0000
0000
0000
ENDCHAR
STARTCHAR uni272C
ENCODING 10028
SWIDTH 576 0
DWIDTH 9 0
BBX 9 15 0 -3
BITMAP
0000
0000
0000
0800
0800
1400
EB80
5D00
2A00
2200
7F00
4100
0000
0000
0000
ENDCHAR
STARTCHAR uni272D
ENCODING 10029
SWIDTH 576 0
DWIDTH 9 0
BBX 9 15 0 -3
BITMAP
0000
0000
0000
0800
0800
1400
EB80
5D00
2A00
2200
7F00
4100
0000
0000
0000
ENDCHAR
STARTCHAR uni272E
ENCODING 10030
SWIDTH 576 0
DWIDTH 9 0
BBX 9 15 0 -3
BITMAP
0000
0000
0000
0800
0800
1400
EB80
5D00
2A00
2200
7F00
4100
0000
0000
0000
ENDCHAR
STARTCHAR uni272F
ENCODING 10031
SWIDTH 576 0
DWIDTH 9 0
BBX 9 15 0 -3
BITMAP
0000
0000
0000
0800
0800
1400
F780
4900
3600
2A00
7F00
4100
0000
0000
0000
ENDCHAR
STARTCHAR uni2730
ENCODING 10032
SWIDTH 576 0
DWIDTH 9 0
BBX 9 15 0 -3
BITMAP
0000
0000
0000
1800
1800
2C00
C700
2E00
3C00
6600
0000
0000
0000
0000
0000
ENDCHAR
STARTCHAR uni2731
ENCODING 10033
SWIDTH 576 0
DWIDTH 9 0
BBX 9 15 0 -3
BITMAP
0000
0000
0000
1800
DB00
FF00
7E00
1800
7E00
FF00
DB00
1800
0000
0000
0000
ENDCHAR
STARTCHAR uni2732
ENCODING 10034
SWIDTH 576 0
DWIDTH 9 0
BBX 9 15 0 -3
BITMAP
0000
0000
0000
1800
DB00
FF00
6600
2400
6600
FF00
DB00
1800
0000
0000
0000
ENDCHAR
STARTCHAR uni2733
ENCODING 10035
SWIDTH 576 0
DWIDTH 9 0
BBX 9 15 0 -3
BITMAP
0000
0000
0000
0800
4900
2A00
1C00
FF80
1C00
2A00
4900
0800
0000
0000
0000
ENDCHAR
STARTCHAR uni2734
ENCODING 10036
SWIDTH 576 0
DWIDTH 9 0
BBX 9 15 0 -3
BITMAP
0000
0000
0000
0800
4900
3E00
3E00
FF80
3E00
3E00
4900
0800
0000
0000
0000
ENDCHAR
STARTCHAR uni2735
ENCODING 10037
SWIDTH 576 0
DWIDTH 9 0
BBX 9 15 0 -3
BITMAP
0000
0000
0000
0800
4900
3600
3E00
D580
3E00
3600
4900
0800
0000
0000
0000
ENDCHAR
STARTCHAR uni2736
ENCODING 10038
SWIDTH 576 0
DWIDTH 9 0
BBX 9 15 0 -3
BITMAP
0000
0000
0000
0800
8880
6B00
3E00
1C00
3E00
6B00
8880
0800
0000
0000
0000
ENDCHAR
STARTCHAR uni2737
ENCODING 10039
SWIDTH 576 0
DWIDTH 9 0
BBX 9 15 0 -3
BITMAP
0000
0000
0000
2200
1400
9480
7F00
1C00
7F00
9480
1400
2200
0000
0000
0000
ENDCHAR
STARTCHAR uni2738
ENCODING 10040
SWIDTH 576 0
DWIDTH 9 0
BBX 9 15 0 -3
BITMAP
0000
0000
0000
2200
3600
FF80
7F00
3E00
7F00
FF80
3600
2200
0000
0000
0000
ENDCHAR
STARTCHAR uni2739
ENCODING 10041
SWIDTH 576 0
DWIDTH 9 0
BBX 9 15 0 -3
BITMAP
0000
0000
0000
2A00
2A00
DD80
3E00
FF80
3E00
DD80
2A00
2A00
0000
0000
0000
ENDCHAR
STARTCHAR uni273A
ENCODING 10042
SWIDTH 576 0
DWIDTH 9 0
BBX 9 15 0 -3
BITMAP
0000
0000
0000
2A00
2A00
DD80
2A00
FF80
2A00
DD80
2A00
2A00
0000
0000
0000
ENDCHAR
STARTCHAR uni273B
ENCODING 10043
SWIDTH 576 0
DWIDTH 9 0
BBX 9 15 0 -3
BITMAP
0000
1C00
1C00
C980
C980
2200
0800
2200
C980
C980
1C00
1C00
0000
0000
0000
ENDCHAR
STARTCHAR uni273C
ENCODING 10044
SWIDTH 576 0
DWIDTH 9 0
BBX 9 15 0 -3
BITMAP
0000
1C00
1C00
C980
C980
3E00
1400
3E00
C980
C980
1C00
1C00
0000
0000
0000
ENDCHAR
STARTCHAR uni273D
ENCODING 10045
SWIDTH 576 0
DWIDTH 9 0
BBX 9 15 0 -3
BITMAP
0000
1C00
1C00
C980
C980
3E00
1C00
3E00
C980
C980
1C00
1C00
0000
0000
0000
ENDCHAR
STARTCHAR uni273E
ENCODING 10046
SWIDTH 576 0
DWIDTH 9 0
BBX 9 15 0 -3
BITMAP
0000
1C00
1400
C980
C980
3E00
1400
7F00
AA80
C980
1C00
1C00
0000
0000
0000
ENDCHAR
STARTCHAR uni273F
ENCODING 10047
SWIDTH 576 0
DWIDTH 9 0
BBX 9 15 0 -3
BITMAP
0000
0000
0000
1800
1800
DB00
FF00
2400
2400
7E00
E700
4200
0000
0000
0000
ENDCHAR
STARTCHAR uni2743
ENCODING 10051
SWIDTH 576 0
DWIDTH 9 0
BBX 9 15 0 -3
BITMAP
0000
0000
0000
1800
CB00
BD00
6E00
1800
7600
BD00
D300
1800
0000
0000
0000
ENDCHAR
STARTCHAR uni2744
ENCODING 10052
SWIDTH 576 0
DWIDTH 9 0
BBX 9 15 0 -3
BITMAP
0800
2A00
5D00
AA80
6B00
DD80
DD80
6B00
AA80
5D00
2A00
0800
0000
0000
0000
ENDCHAR
STARTCHAR uni2745
ENCODING 10053
SWIDTH 576 0
DWIDTH 9 0
BBX 9 15 0 -3
BITMAP
0800
2A00
5D00
AA80
6B00
DD80
DD80
6B00
AA80
5D00
2A00
0800
0000
0000
0000
ENDCHAR
STARTCHAR uni2746
ENCODING 10054
SWIDTH 576 0
DWIDTH 9 0
BBX 9 15 0 -3
BITMAP
0800
2A00
5D00
AA80
6B00
DD80
DD80
6B00
AA80
5D00
2A00
0800
0000
0000
0000
ENDCHAR
STARTCHAR uni2747
ENCODING 10055
SWIDTH 576 0
DWIDTH 9 0
BBX 9 15 0 -3
BITMAP
0000
0000
0000
0800
4900
2A00
1400
EB80
1400
2A00
4900
0800
0000
0000
0000
ENDCHAR
STARTCHAR uni2748
ENCODING 10056
SWIDTH 576 0
DWIDTH 9 0
BBX 9 15 0 -3
BITMAP
0000
0000
0000
0800
4900
2A00
1400
EB80
1400
2A00
4900
0800
0000
0000
0000
ENDCHAR
STARTCHAR uni2749
ENCODING 10057
SWIDTH 576 0
DWIDTH 9 0
BBX 9 15 0 -3
BITMAP
0000
0000
0000
1800
DB00
CB00
3C00
1800
3C00
D300
DB00
1800
0000
0000
0000
ENDCHAR
STARTCHAR uni274A
ENCODING 10058
SWIDTH 576 0
DWIDTH 9 0
BBX 9 15 0 -3
BITMAP
0000
0000
0000
0800
4900
2A00
0000
EB80
0000
2A00
4900
0800
0000
0000
0000
ENDCHAR
STARTCHAR uni274B
ENCODING 10059
SWIDTH 576 0
DWIDTH 9 0
BBX 9 15 0 -3
BITMAP
0000
0000
0000
0800
4900
2A00
1C00
FF80
1C00
2A00
4900
0800
0000
0000
0000
ENDCHAR
STARTCHAR uni274D
ENCODING 10061
SWIDTH 576 0
DWIDTH 9 0
BBX 9 15 0 -3
BITMAP
0000
0000
0000
3E00
4300
8180
8180
8180
8180
4300
3E00
0000
0000
0000
0000
ENDCHAR
STARTCHAR uni274F
ENCODING 10063
SWIDTH 576 0
DWIDTH 9 0
BBX 9 15 0 -3
BITMAP
0000
0000
0000
FE00
8200
8380
8380
8380
8380
FF80
3F80
3F80
0000
0000
0000
ENDCHAR
STARTCHAR uni2750
ENCODING 10064
SWIDTH 576 0
DWIDTH 9 0
BBX 9 15 0 -3
BITMAP
0000
0000
0000
3F80
3F80
FF80
8380
8380
8380
8380
8200
FE00
0000
0000
0000
ENDCHAR
STARTCHAR uni2751
ENCODING 10065
SWIDTH 576 0
DWIDTH 9 0
BBX 9 15 0 -3
BITMAP
0000
0000
0000
0000
FE00
8300
8300
8300
8300
8300
FF00
7F00
0000
0000
0000
ENDCHAR
STARTCHAR uni2752
ENCODING 10066
SWIDTH 576 0
DWIDTH 9 0
BBX 9 15 0 -3
BITMAP
0000
0000
0000
0000
7F00
FF00
8300
8300
8300
8300
8300
FE00
0000
0000
0000
ENDCHAR
STARTCHAR uni2756
ENCODING 10070
SWIDTH 576 0
DWIDTH 9 0
BBX 9 15 0 -3
BITMAP
0000
0000
0000
0800
1C00
0800
4100
E380
4100
0800
1C00
0800
0000
0000
0000
ENDCHAR
STARTCHAR uni2758
ENCODING 10072
SWIDTH 576 0
DWIDTH 9 0
BBX 9 15 0 -3
BITMAP
0000
0000
0800
0800
0800
0800
0800
0800
0800
0800
0800
0800
0000
0000
0000
ENDCHAR
STARTCHAR uni2759
ENCODING 10073
SWIDTH 576 0
DWIDTH 9 0
BBX 9 15 0 -3
BITMAP
0000
0000
1800
1800
1800
1800
1800
1800
1800
1800
1800
1800
0000
0000
0000
ENDCHAR
STARTCHAR uni275A
ENCODING 10074
SWIDTH 576 0
DWIDTH 9 0
BBX 9 15 0 -3
BITMAP
0000
0000
1C00
1C00
1C00
1C00
1C00
1C00
1C00
1C00
1C00
1C00
0000
0000
0000
ENDCHAR
STARTCHAR uni275B
ENCODING 10075
SWIDTH 576 0
DWIDTH 9 0
BBX 9 15 0 -3
BITMAP
0000
0E00
1000
1C00
1E00
1E00
0C00
0000
0000
0000
0000
0000
0000
0000
0000
ENDCHAR
STARTCHAR uni275C
ENCODING 10076
SWIDTH 576 0
DWIDTH 9 0
BBX 9 15 0 -3
BITMAP
0000
0C00
1E00
1E00
0E00
0200
1C00
0000
0000
0000
0000
0000
0000
0000
0000
ENDCHAR
STARTCHAR uni275D
ENCODING 10077
SWIDTH 576 0
DWIDTH 9 0
BBX 9 15 0 -3
BITMAP
0000
7380
8400
E700
F780
F780
6300
0000
0000
0000
0000
0000
0000
0000
0000
ENDCHAR
STARTCHAR uni275E
ENCODING 10078
SWIDTH 576 0
DWIDTH 9 0
BBX 9 15 0 -3
BITMAP
0000
6300
F780
F780
7380
1080
E700
0000
0000
0000
0000
0000
0000
0000
0000
ENDCHAR
STARTCHAR uni2761
ENCODING 10081
SWIDTH 576 0
DWIDTH 9 0
BBX 9 15 0 -3
BITMAP
0000
0000
0200
3F00
7200
7200
7200
3E00
0200
3200
3400
1800
0000
0000
0000
ENDCHAR
STARTCHAR uni2762
ENCODING 10082
SWIDTH 576 0
DWIDTH 9 0
BBX 9 15 0 -3
BITMAP
0000
0000
1C00
3E00
3E00
1C00
0800
0800
0000
0800
1C00
0800
0000
0000
0000
ENDCHAR
STARTCHAR uni2763
ENCODING 10083
SWIDTH 576 0
DWIDTH 9 0
BBX 9 15 0 -3
BITMAP
0000
0000
1400
3E00
3E00
1C00
0800
0800
0000
0800
1C00
0800
0000
0000
0000
ENDCHAR
STARTCHAR uni2764
ENCODING 10084
SWIDTH 576 0
DWIDTH 9 0
BBX 9 15 0 -3
BITMAP
0000
0000
0000
6300
F780
FF80
FF80
7F00
3E00
1C00
0800
0800
0000
0000
0000
ENDCHAR
STARTCHAR uni2765
ENCODING 10085
SWIDTH 576 0
DWIDTH 9 0
BBX 9 15 0 -3
BITMAP
0000
0000
0000
7000
F800
FC00
7E00
3F80
7E00
FC00
F800
7000
0000
0000
0000
ENDCHAR
STARTCHAR uni2766
ENCODING 10086
SWIDTH 576 0
DWIDTH 9 0
BBX 9 15 0 -3
BITMAP
0800
7480
9500
0E00
0400
6B00
F780
FF80
7F00
3E00
1C00
0800
0000
0000
0000
ENDCHAR
STARTCHAR uni2767
ENCODING 10087
SWIDTH 576 0
DWIDTH 9 0
BBX 9 15 0 -3
BITMAP
1000
2900
5200
9C00
2000
5800
7C00
3C00
FE00
FE80
FF00
7E00
0000
0000
0000
ENDCHAR
STARTCHAR uni2776
ENCODING 10102
SWIDTH 576 0
DWIDTH 9 0
BBX 9 15 0 -3
BITMAP
0000
0000
0000
7F00
F780
E780
F780
F780
F780
F780
E380
7F00
0000
0000
0000
ENDCHAR
STARTCHAR uni2777
ENCODING 10103
SWIDTH 576 0
DWIDTH 9 0
BBX 9 15 0 -3
BITMAP
0000
0000
0000
7F00
E380
DD80
FD80
FB80
F780
ED80
C180
7F00
0000
0000
0000
ENDCHAR
STARTCHAR uni2778
ENCODING 10104
SWIDTH 576 0
DWIDTH 9 0
BBX 9 15 0 -3
BITMAP
0000
0000
0000
7F00
E380
DD80
FD80
F380
FD80
DD80
E380
7F00
0000
0000
0000
ENDCHAR
STARTCHAR uni2779
ENCODING 10105
SWIDTH 576 0
DWIDTH 9 0
BBX 9 15 0 -3
BITMAP
0000
0000
0000
7F00
F380
EB80
DB80
C180
FB80
FB80
FB80
7F00
0000
0000
0000
ENDCHAR
STARTCHAR uni277A
ENCODING 10106
SWIDTH 576 0
DWIDTH 9 0
BBX 9 15 0 -3
BITMAP
0000
0000
0000
7F00
C180
DF80
DF80
C380
FD80
FD80
C380
7F00
0000
0000
0000
ENDCHAR
STARTCHAR uni277B
ENCODING 10107
SWIDTH 576 0
DWIDTH 9 0
BBX 9 15 0 -3
BITMAP
0000
0000
0000
7F00
E180
DF80
DF80
C380
DD80
DD80
E380
7F00
0000
0000
0000
ENDCHAR
STARTCHAR uni277C
ENCODING 10108
SWIDTH 576 0
DWIDTH 9 0
BBX 9 15 0 -3
BITMAP
0000
0000
0000
7F00
C180
FD80
FB80
FB80
F780
F780
F780
7F00
0000
0000
0000
ENDCHAR
STARTCHAR uni277D
ENCODING 10109
SWIDTH 576 0
DWIDTH 9 0
BBX 9 15 0 -3
BITMAP
0000
0000
0000
7F00
E380
DD80
DD80
E380
DD80
DD80
E380
7F00
0000
0000
0000
ENDCHAR
STARTCHAR uni277E
ENCODING 10110
SWIDTH 576 0
DWIDTH 9 0
BBX 9 15 0 -3
BITMAP
0000
0000
0000
7F00
E180
DD80
DD80
E180
FD80
FD80
E380
7F00
0000
0000
0000
ENDCHAR
STARTCHAR uni277F
ENCODING 10111
SWIDTH 576 0
DWIDTH 9 0
BBX 9 15 0 -3
BITMAP
0000
0000
0000
7F00
DB80
D580
D580
D580
D580
D580
DB80
7F00
0000
0000
0000
ENDCHAR
STARTCHAR uni2780
ENCODING 10112
SWIDTH 576 0
DWIDTH 9 0
BBX 9 15 0 -3
BITMAP
0000
0000
0000
7F00
8080
8880
9880
8880
8880
8880
8080
7F00
0000
0000
0000
ENDCHAR
STARTCHAR uni2781
ENCODING 10113
SWIDTH 576 0
DWIDTH 9 0
BBX 9 15 0 -3
BITMAP
0000
0000
0000
7F00
8080
9880
8480
8480
8880
9C80
8080
7F00
0000
0000
0000
ENDCHAR
STARTCHAR uni2782
ENCODING 10114
SWIDTH 576 0
DWIDTH 9 0
BBX 9 15 0 -3
BITMAP
0000
0000
0000
7F00
8080
9880
8480
8880
8480
9880
8080
7F00
0000
0000
0000
ENDCHAR
STARTCHAR uni2783
ENCODING 10115
SWIDTH 576 0
DWIDTH 9 0
BBX 9 15 0 -3
BITMAP
0000
0000
0000
7F00
8080
8880
9880
A880
BC80
8880
8080
7F00
0000
0000
0000
ENDCHAR
STARTCHAR uni2784
ENCODING 10116
SWIDTH 576 0
DWIDTH 9 0
BBX 9 15 0 -3
BITMAP
0000
0000
0000
7F00
8080
9C80
9080
9880
8480
9880
8080
7F00
0000
0000
0000
ENDCHAR
STARTCHAR uni2785
ENCODING 10117
SWIDTH 576 0
DWIDTH 9 0
BBX 9 15 0 -3
BITMAP
0000
0000
0000
7F00
8080
8C80
9080
9880
9480
8880
8080
7F00
0000
0000
0000
ENDCHAR
STARTCHAR uni2786
ENCODING 10118
SWIDTH 576 0
DWIDTH 9 0
BBX 9 15 0 -3
BITMAP
0000
0000
0000
7F00
8080
9C80
8480
8880
8880
8880
8080
7F00
0000
0000
0000
ENDCHAR
STARTCHAR uni2787
ENCODING 10119
SWIDTH 576 0
DWIDTH 9 0
BBX 9 15 0 -3
BITMAP
0000
0000
0000
7F00
8080
8880
9480
8880
9480
8880
8080
7F00
0000
0000
0000
ENDCHAR
STARTCHAR uni2788
ENCODING 10120
SWIDTH 576 0
DWIDTH 9 0
BBX 9 15 0 -3
BITMAP
0000
0000
0000
7F00
8080
8880
9480
8C80
8480
8880
8080
7F00
0000
0000
0000
ENDCHAR
STARTCHAR uni2789
ENCODING 10121
SWIDTH 576 0
DWIDTH 9 0
BBX 9 15 0 -3
BITMAP
0000
0000
0000
7F00
8080
A480
AA80
AA80
AA80
A480
8080
7F00
0000
0000
0000
ENDCHAR
STARTCHAR uni278A
ENCODING 10122
SWIDTH 576 0
DWIDTH 9 0
BBX 9 15 0 -3
BITMAP
0000
0000
0000
7F00
F780
E780
F780
F780
F780
F780
F780
7F00
0000
0000
0000
ENDCHAR
STARTCHAR uni278B
ENCODING 10123
SWIDTH 576 0
DWIDTH 9 0
BBX 9 15 0 -3
BITMAP
0000
0000
0000
7F00
E380
DD80
FD80
FB80
F780
EF80
C180
7F00
0000
0000
0000
ENDCHAR
STARTCHAR uni278C
ENCODING 10124
SWIDTH 576 0
DWIDTH 9 0
BBX 9 15 0 -3
BITMAP
0000
0000
0000
7F00
E380
DD80
FD80
F380
FD80
DD80
E380
7F00
0000
0000
0000
ENDCHAR
STARTCHAR uni278D
ENCODING 10125
SWIDTH 576 0
DWIDTH 9 0
BBX 9 15 0 -3
BITMAP
0000
0000
0000
7F00
F380
EB80
DB80
C180
FB80
FB80
FB80
7F00
0000
0000
0000
ENDCHAR
STARTCHAR uni278E
ENCODING 10126
SWIDTH 576 0
DWIDTH 9 0
BBX 9 15 0 -3
BITMAP
0000
0000
0000
7F00
C180
DF80
DF80
C380
FD80
FD80
C380
7F00
0000
0000
0000
ENDCHAR
STARTCHAR uni278F
ENCODING 10127
SWIDTH 576 0
DWIDTH 9 0
BBX 9 15 0 -3
BITMAP
0000
0000
0000
7F00
E180
DF80
DF80
C380
DD80
DD80
E380
7F00
0000
0000
0000
ENDCHAR
STARTCHAR uni2790
ENCODING 10128
SWIDTH 576 0
DWIDTH 9 0
BBX 9 15 0 -3
BITMAP
0000
0000
0000
7F00
C180
FD80
FB80
FB80
F780
F780
F780
7F00
0000
0000
0000
ENDCHAR
STARTCHAR uni2791
ENCODING 10129
SWIDTH 576 0
DWIDTH 9 0
BBX 9 15 0 -3
BITMAP
0000
0000
0000
7F00
E380
DD80
DD80
E380
DD80
DD80
E380
7F00
0000
0000
0000
ENDCHAR
STARTCHAR uni2792
ENCODING 10130
SWIDTH 576 0
DWIDTH 9 0
BBX 9 15 0 -3
BITMAP
0000
0000
0000
7F00
E180
DD80
DD80
E180
FD80
FD80
E380
7F00
0000
0000
0000
ENDCHAR
STARTCHAR uni2793
ENCODING 10131
SWIDTH 576 0
DWIDTH 9 0
BBX 9 15 0 -3
BITMAP
0000
0000
0000
7F00
DB80
D580
D580
D580
D580
D580
DB80
7F00
0000
0000
0000
ENDCHAR
STARTCHAR uni2794
ENCODING 10132
SWIDTH 576 0
DWIDTH 9 0
BBX 9 15 0 -3
BITMAP
0000
0000
0000
1800
0C00
0600
7F00
7F00
0600
0C00
1800
0000
0000
0000
0000
ENDCHAR
STARTCHAR uni2798
ENCODING 10136
SWIDTH 576 0
DWIDTH 9 0
BBX 9 15 0 -3
BITMAP
0000
0000
0000
0000
0000
0000
7000
7D00
1F00
0700
0F00
0000
0000
0000
0000
ENDCHAR
STARTCHAR uni2799
ENCODING 10137
SWIDTH 576 0
DWIDTH 9 0
BBX 9 15 0 -3
BITMAP
0000
0000
0000
0000
0400
0600
7300
7F80
7300
0600
0400
0000
0000
0000
0000
ENDCHAR
STARTCHAR uni279A
ENCODING 10138
SWIDTH 576 0
DWIDTH 9 0
BBX 9 15 0 -3
BITMAP
0000
0000
0000
0000
0000
0000
0F00
0700
1F00
7D00
7000
0000
0000
0000
0000
ENDCHAR
STARTCHAR uni279B
ENCODING 10139
SWIDTH 576 0
DWIDTH 9 0
BBX 9 15 0 -3
BITMAP
0000
0000
0000
0000
0000
3000
1C00
1F00
FF80
1F00
1C00
3000
0000
0000
0000
ENDCHAR
STARTCHAR uni279C
ENCODING 10140
SWIDTH 576 0
DWIDTH 9 0
BBX 9 15 0 -3
BITMAP
0000
0000
0000
1C00
1E00
0F00
FF80
FF80
FF80
0F00
1E00
1C00
0000
0000
0000
ENDCHAR
STARTCHAR uni279D
ENCODING 10141
SWIDTH 576 0
DWIDTH 9 0
BBX 9 15 0 -3
BITMAP
0000
0000
0000
0000
0000
0000
0200
0300
FF80
0300
0200
0000
0000
0000
0000
ENDCHAR
STARTCHAR uni279E
ENCODING 10142
SWIDTH 576 0
DWIDTH 9 0
BBX 9 15 0 -3
BITMAP
0000
0000
0000
0000
0000
0400
0600
FF00
FF80
FF00
0600
0400
0000
0000
0000
ENDCHAR
STARTCHAR uni279F
ENCODING 10143
SWIDTH 576 0
DWIDTH 9 0
BBX 9 15 0 -3
BITMAP
0000
0000
0000
0000
0000
0000
0200
B700
B780
B700
0200
0000
0000
0000
0000
ENDCHAR
STARTCHAR uni27A0
ENCODING 10144
SWIDTH 576 0
DWIDTH 9 0
BBX 9 15 0 -3
BITMAP
0000
0000
0000
0000
0000
0000
0200
AB00
AB80
AB00
0200
0000
0000
0000
0000
ENDCHAR
STARTCHAR uni27A1
ENCODING 10145
SWIDTH 576 0
DWIDTH 9 0
BBX 9 15 0 -3
BITMAP
0000
0000
0000
0000
0000
0000
0200
FF00
FF80
FF00
0200
0000
0000
0000
0000
ENDCHAR
STARTCHAR uni27A2
ENCODING 10146
SWIDTH 576 0
DWIDTH 9 0
BBX 9 15 0 -3
BITMAP
0000
0000
0000
8000
7000
4E00
2180
1F80
3E00
7000
8000
0000
0000
0000
0000
ENDCHAR
STARTCHAR uni27A3
ENCODING 10147
SWIDTH 576 0
DWIDTH 9 0
BBX 9 15 0 -3
BITMAP
0000
0000
0000
8000
7000
3E00
1F80
2180
4E00
7000
8000
0000
0000
0000
0000
ENDCHAR
STARTCHAR uni27A4
ENCODING 10148
SWIDTH 576 0
DWIDTH 9 0
BBX 9 15 0 -3
BITMAP
0000
0000
0000
8000
7000
3E00
1F80
1F80
3E00
7000
8000
0000
0000
0000
0000
ENDCHAR
STARTCHAR uni27A5
ENCODING 10149
SWIDTH 576 0
DWIDTH 9 0
BBX 9 15 0 -3
BITMAP
0000
0000
0000
0000
0000
8400
8600
FF00
FF80
7F00
0600
0400
0000
0000
0000
ENDCHAR
STARTCHAR uni27A6
ENCODING 10150
SWIDTH 576 0
DWIDTH 9 0
BBX 9 15 0 -3
BITMAP
0000
0000
0000
0000
0000
0400
0600
7F00
FF80
FF00
8600
8400
0000
0000
0000
ENDCHAR
STARTCHAR uni27A7
ENCODING 10151
SWIDTH 576 0
DWIDTH 9 0
BBX 9 15 0 -3
BITMAP
0000
0000
0000
0400
0400
3E00
3E00
3F00
3E00
3E00
0400
0400
0000
0000
0000
ENDCHAR
STARTCHAR uni27A8
ENCODING 10152
SWIDTH 576 0
DWIDTH 9 0
BBX 9 15 0 -3
BITMAP
0000
0000
0400
0400
FE00
FE00
FF00
FE00
FE00
0400
0400
0000
0000
0000
0000
ENDCHAR
STARTCHAR uni27A9
ENCODING 10153
SWIDTH 576 0
DWIDTH 9 0
BBX 9 15 0 -3
BITMAP
0000
0000
0000
1800
1C00
1600
F300
8180
F300
1600
1C00
1800
0000
0000
0000
ENDCHAR
STARTCHAR uni27AA
ENCODING 10154
SWIDTH 576 0
DWIDTH 9 0
BBX 9 15 0 -3
BITMAP
0000
0000
0000
1800
1C00
1A00
F900
C080
F900
1A00
1C00
1800
0000
0000
0000
ENDCHAR
STARTCHAR uni27AB
ENCODING 10155
SWIDTH 576 0
DWIDTH 9 0
BBX 9 15 0 -3
BITMAP
0000
0000
0000
0080
0180
3E80
4080
8180
F300
EE00
3C00
3800
0000
0000
0000
ENDCHAR
STARTCHAR uni27AC
ENCODING 10156
SWIDTH 576 0
DWIDTH 9 0
BBX 9 15 0 -3
BITMAP
0000
0000
0000
3800
3C00
EE00
F300
8180
4080
3E80
0180
0080
0000
0000
0000
ENDCHAR
STARTCHAR uni27AD
ENCODING 10157
SWIDTH 576 0
DWIDTH 9 0
BBX 9 15 0 -3
BITMAP
0000
0000
1000
1800
1400
F200
8100
F300
7600
1C00
1800
0000
0000
0000
0000
ENDCHAR
STARTCHAR uni27AE
ENCODING 10158
SWIDTH 576 0
DWIDTH 9 0
BBX 9 15 0 -3
BITMAP
0000
0000
1800
1C00
7600
F300
8100
F200
1400
1800
1000
0000
0000
0000
0000
ENDCHAR
STARTCHAR uni27AF
ENCODING 10159
SWIDTH 576 0
DWIDTH 9 0
BBX 9 15 0 -3
BITMAP
0000
0000
0000
0400
FA00
8100
4080
8180
FB00
0600
0000
0000
0000
0000
0000
ENDCHAR
STARTCHAR uni27B1
ENCODING 10161
SWIDTH 576 0
DWIDTH 9 0
BBX 9 15 0 -3
BITMAP
0000
0000
0000
0600
FB00
8180
4080
8100
FA00
0400
0000
0000
0000
0000
0000
ENDCHAR
STARTCHAR uni27B2
ENCODING 10162
SWIDTH 576 0
DWIDTH 9 0
BBX 9 15 0 -3
BITMAP
0000
0000
1C00
7F00
FB80
0180
0080
0180
FB80
7F00
1C00
0000
0000
0000
0000
ENDCHAR
STARTCHAR uni27B3
ENCODING 10163
SWIDTH 576 0
DWIDTH 9 0
BBX 9 15 0 -3
BITMAP
0000
0000
0000
0000
D200
2B00
7F80
2B00
D200
0000
0000
0000
0000
0000
0000
ENDCHAR
STARTCHAR uni27B4
ENCODING 10164
SWIDTH 576 0
DWIDTH 9 0
BBX 9 15 0 -3
BITMAP
0000
0000
0000
1000
3800
5C00
EC00
7400
3C00
0280
0180
0380
0000
0000
0000
ENDCHAR
STARTCHAR uni27B5
ENCODING 10165
SWIDTH 576 0
DWIDTH 9 0
BBX 9 15 0 -3
BITMAP
0000
0000
0000
0000
0000
F200
7B00
0780
7B00
F200
0000
0000
0000
0000
0000
ENDCHAR
STARTCHAR uni27B6
ENCODING 10166
SWIDTH 576 0
DWIDTH 9 0
BBX 9 15 0 -3
BITMAP
0000
0000
0000
0380
0180
0280
3C00
7400
EC00
5C00
3800
1000
0000
0000
0000
ENDCHAR
STARTCHAR uni27B7
ENCODING 10167
SWIDTH 576 0
DWIDTH 9 0
BBX 9 15 0 -3
BITMAP
0000
0000
0000
1000
1800
1C00
FC00
7C00
3C00
0280
0180
0380
0000
0000
0000
ENDCHAR
STARTCHAR uni27B8
ENCODING 10168
SWIDTH 576 0
DWIDTH 9 0
BBX 9 15 0 -3
BITMAP
0000
0000
0000
0000
0000
F200
7B00
7F80
7B00
F200
0000
0000
0000
0000
0000
ENDCHAR
STARTCHAR uni27B9
ENCODING 10169
SWIDTH 576 0
DWIDTH 9 0
BBX 9 15 0 -3
BITMAP
0000
0000
0000
0380
0180
0280
3C00
7C00
FC00
1C00
1800
1000
0000
0000
0000
ENDCHAR
STARTCHAR uni27BA
ENCODING 10170
SWIDTH 576 0
DWIDTH 9 0
BBX 9 15 0 -3
BITMAP
0000
0000
0000
0000
0300
0300
7100
FF80
7100
0300
0300
0000
0000
0000
0000
ENDCHAR
STARTCHAR uni27BB
ENCODING 10171
SWIDTH 576 0
DWIDTH 9 0
BBX 9 15 0 -3
BITMAP
0000
0000
0000
0000
0200
7300
7900
FF80
7900
7300
0200
0000
0000
0000
0000
ENDCHAR
STARTCHAR uni27BC
ENCODING 10172
SWIDTH 576 0
DWIDTH 9 0
BBX 9 15 0 -3
BITMAP
0000
0000
0000
0000
0000
F200
7B00
3F80
7B00
F200
0000
0000
0000
0000
0000
ENDCHAR
STARTCHAR uni27BD
ENCODING 10173
SWIDTH 576 0
DWIDTH 9 0
BBX 9 15 0 -3
BITMAP
0000
0000
0000
0000
E200
F200
7B00
3F80
7B00
F200
E200
0000
0000
0000
0000
ENDCHAR
STARTCHAR uni27BE
ENCODING 10174
SWIDTH 576 0
DWIDTH 9 0
BBX 9 15 0 -3
BITMAP
0000
0000
0000
0000
1400
0A00
FD00
0080
FD00
0A00
1400
0000
0000
0000
0000
ENDCHAR
ENDFONT
